2026-08-10 05:18:56,501 | INFO     | gold.dim_products | Logging to file: /Workspace/Users/krishnasumanbhaipatel@gmail.com/Practice Folder/lakehouse-practice-project/logs/gold_dim_products_20260810.log
2026-08-10 05:18:56,529 | INFO     | gold.dim_products | Starting Gold pipeline at 2026-08-10 05:18:56.485885
2026-08-10 05:18:58,482 | INFO     | gold.dim_products | Read 1 records from catalog_project1.silver.clean_products table
2026-08-10 05:18:59,387 | INFO     | gold.dim_products | Incremental load from catalog_project1.silver.clean_products table
2026-08-10 05:19:08,453 | INFO     | gold.dim_products | Inserted 1 new versions (SCD2) to catalog_project1.gold.dim_products table
2026-08-10 05:19:08,454 | INFO     | gold.dim_products | SCD2: Expired and inserted new versions for 1 records
2026-08-10 05:19:09,524 | INFO     | gold.dim_products | New watermark: 2024-12-11 00:00:00
2026-08-10 05:19:09,525 | INFO     | gold.dim_products | Incremental load completed for catalog_project1.gold.dim_products
2026-08-10 05:19:09,525 | INFO     | gold.dim_products | Gold pipeline for catalog_project1.gold.dim_products completed successfully
2026-08-10 05:19:12,049 | INFO     | gold.dim_products | Audit for catalog_project1.gold.dim_products is written successfully
2026-08-10 05:32:41,512 | INFO     | gold.dim_products | Logging to file: /Workspace/Users/krishnasumanbhaipatel@gmail.com/Practice Folder/lakehouse-practice-project/logs/gold_dim_products_20260810.log
2026-08-10 05:32:41,513 | INFO     | gold.dim_products | Starting Gold pipeline at 2026-08-10 05:32:41.462168
2026-08-10 05:32:42,784 | INFO     | gold.dim_products | Read 1 records from catalog_project1.silver.clean_products table
2026-08-10 05:32:42,997 | INFO     | gold.dim_products | Incremental load from catalog_project1.silver.clean_products table
2026-08-10 05:32:46,718 | INFO     | gold.dim_products | Inserted 1 new records to catalog_project1.gold.dim_products table
2026-08-10 05:32:48,850 | INFO     | gold.dim_products | New watermark: 2024-12-12 00:00:00
2026-08-10 05:32:48,851 | INFO     | gold.dim_products | Incremental load completed for catalog_project1.gold.dim_products
2026-08-10 05:32:48,852 | INFO     | gold.dim_products | Gold pipeline for catalog_project1.gold.dim_products completed successfully
2026-08-10 05:32:50,491 | INFO     | gold.dim_products | Audit for catalog_project1.gold.dim_products is written successfully
2026-08-10 05:33:29,069 | INFO     | gold.dim_products | Logging to file: /Workspace/Users/krishnasumanbhaipatel@gmail.com/Practice Folder/lakehouse-practice-project/logs/gold_dim_products_20260810.log
2026-08-10 05:33:29,070 | INFO     | gold.dim_products | Starting Gold pipeline at 2026-08-10 05:33:29.040974
2026-08-10 05:33:30,255 | INFO     | gold.dim_products | Read 1 records from catalog_project1.silver.clean_products table
2026-08-10 05:33:30,443 | INFO     | gold.dim_products | Incremental load from catalog_project1.silver.clean_products table
2026-08-10 05:33:32,895 | INFO     | gold.dim_products | No new data processed, watermark unchanged: 2024-12-12 00:00:00
2026-08-10 05:33:32,898 | INFO     | gold.dim_products | Incremental load completed for catalog_project1.gold.dim_products
2026-08-10 05:33:32,899 | INFO     | gold.dim_products | Gold pipeline for catalog_project1.gold.dim_products completed successfully
2026-08-10 05:33:34,368 | INFO     | gold.dim_products | Audit for catalog_project1.gold.dim_products is written successfully
2026-08-10 05:59:22,081 | INFO     | gold.dim_products | Logging to file: /Workspace/Users/krishnasumanbhaipatel@gmail.com/Practice Folder/lakehouse-practice-project/logs/gold_dim_products_20260810.log
2026-08-10 05:59:22,095 | INFO     | gold.dim_products | Starting Gold pipeline at 2026-08-10 05:59:21.933961
2026-08-10 05:59:23,839 | INFO     | gold.dim_products | Read 1 records from catalog_project1.silver.clean_products table
2026-08-10 05:59:24,251 | INFO     | gold.dim_products | Incremental load from catalog_project1.silver.clean_products table
2026-08-10 05:59:26,728 | ERROR    | gold.dim_products | gold_pipeline failed: [NOT_SUPPORTED_WITH_SERVERLESS] PERSIST TABLE is not supported on serverless compute. SQLSTATE: 0A000

JVM stacktrace:
org.apache.spark.sql.AnalysisException
	at com.databricks.serverless.ServerlessGCEdgeCheck$.throwError(ServerlessGCEdgeCheck.scala:72)
	at com.databricks.serverless.ServerlessGCEdgeCheck$.checkBlockCacheCommand(ServerlessGCEdgeCheck.scala:50)
	at org.apache.spark.sql.connect.service.SparkConnectAnalyzeHandler.process(SparkConnectAnalyzeHandler.scala:398)
	at org.apache.spark.sql.connect.service.SparkConnectAnalyzeHandler.$anonfun$handle$5(SparkConnectAnalyzeHandler.scala:95)
	at org.apache.spark.sql.connect.service.SparkConnectAnalyzeHandler.$anonfun$handle$5$adapted(SparkConnectAnalyzeHandler.scala:87)
	at org.apache.spark.sql.connect.service.SessionHolder.$anonfun$withSession$2(SessionHolder.scala:844)
	at org.apache.spark.sql.SparkSession.withActive(SparkSession.scala:866)
	at org.apache.spark.sql.connect.service.SessionHolder.$anonfun$withSession$1(SessionHolder.scala:844)
	at org.apache.spark.JobArtifactSet$.withActiveJobArtifactState(JobArtifactSet.scala:97)
	at org.apache.spark.sql.artifact.ArtifactManager.$anonfun$withResources$1(ArtifactManager.scala:124)
	at org.apache.spark.sql.artifact.ArtifactManager.withClassLoaderIfNeeded(ArtifactManager.scala:118)
	at org.apache.spark.sql.artifact.ArtifactManager.withResources(ArtifactManager.scala:123)
	at org.apache.spark.sql.connect.service.SessionHolder.withSession(SessionHolder.scala:843)
	at org.apache.spark.sql.connect.service.SparkConnectAnalyzeHandler.$anonfun$handle$1(SparkConnectAnalyzeHandler.scala:87)
	at org.apache.spark.sql.connect.service.SparkConnectAnalyzeHandler.$anonfun$handle$1$adapted(SparkConnectAnalyzeHandler.scala:54)
	at com.databricks.spark.connect.logging.rpc.SparkConnectRpcMetricsCollectorUtils$.collectMetrics(SparkConnectRpcMetricsCollector.scala:294)
	at org.apache.spark.sql.connect.service.SparkConnectAnalyzeHandler.handle(SparkConnectAnalyzeHandler.scala:53)
	at org.apache.spark.sql.connect.service.SparkConnectService.analyzePlan(SparkConnectService.scala:117)
	at org.apache.spark.connect.proto.SparkConnectServiceGrpc$MethodHandlers.invoke(SparkConnectServiceGrpc.java:1008)
	at org.sparkproject.connect.io.grpc.stub.ServerCalls$UnaryServerCallHandler$UnaryServerCallListener.onHalfClose(ServerCalls.java:182)
	at org.sparkproject.connect.io.grpc.PartialForwardingServerCallListener.onHalfClose(PartialForwardingServerCallListener.java:35)
	at org.sparkproject.connect.io.grpc.ForwardingServerCallListener.onHalfClose(ForwardingServerCallListener.java:23)
	at org.sparkproject.connect.io.grpc.ForwardingServerCallListener$SimpleForwardingServerCallListener.onHalfClose(ForwardingServerCallListener.java:40)
	at org.sparkproject.connect.io.grpc.PartialForwardingServerCallListener.onHalfClose(PartialForwardingServerCallListener.java:35)
	at org.sparkproject.connect.io.grpc.ForwardingServerCallListener.onHalfClose(ForwardingServerCallListener.java:23)
	at org.sparkproject.connect.io.grpc.ForwardingServerCallListener$SimpleForwardingServerCallListener.onHalfClose(ForwardingServerCallListener.java:40)
	at org.sparkproject.connect.io.grpc.PartialForwardingServerCallListener.onHalfClose(PartialForwardingServerCallListener.java:35)
	at org.sparkproject.connect.io.grpc.ForwardingServerCallListener.onHalfClose(ForwardingServerCallListener.java:23)
	at org.sparkproject.connect.io.grpc.ForwardingServerCallListener$SimpleForwardingServerCallListener.onHalfClose(ForwardingServerCallListener.java:40)
	at org.sparkproject.connect.io.grpc.Contexts$ContextualizedServerCallListener.onHalfClose(Contexts.java:86)
	at org.sparkproject.connect.io.grpc.PartialForwardingServerCallListener.onHalfClose(PartialForwardingServerCallListener.java:35)
	at org.sparkproject.connect.io.grpc.ForwardingServerCallListener.onHalfClose(ForwardingServerCallListener.java:23)
	at org.sparkproject.connect.io.grpc.ForwardingServerCallListener$SimpleForwardingServerCallListener.onHalfClose(ForwardingServerCallListener.java:40)
	at com.databricks.spark.connect.service.AuthenticationInterceptor$AuthenticatedServerCallListener.$anonfun$onHalfClose$1(AuthenticationInterceptor.scala:528)
	at scala.runtime.java8.JFunction0$mcV$sp.apply(JFunction0$mcV$sp.scala:18)
	at com.databricks.unity.UCSEphemeralState$Handle.runWith(UCSEphemeralState.scala:51)
	at com.databricks.unity.HandleImpl.runWith(UCSHandle.scala:128)
	at com.databricks.spark.connect.service.RequestContext.$anonfun$runWith$4(RequestContext.scala:494)
	at com.databricks.util.TracingSpanUtils$.withSyncTracingAndParentFromHeaders(TracingSpanUtils.scala:456)
	at com.databricks.spark.util.DatabricksTracingHelper.withSpanFromRequest(DatabricksSparkTracingHelper.scala:136)
	at com.databricks.spark.util.DBRTracing$.withSpanFromRequest(DBRTracing.scala:75)
	at com.databricks.spark.connect.service.RequestContext.runWithSpanFromTags(RequestContext.scala:517)
	at com.databricks.spark.connect.service.RequestContext.$anonfun$runWith$3(RequestContext.scala:494)
	at com.databricks.spark.connect.service.RequestContext$.com$databricks$spark$connect$service$RequestContext$$withLocalProperties(RequestContext.scala:729)
	at com.databricks.spark.connect.service.RequestContext.$anonfun$runWith$2(RequestContext.scala:493)
	at com.databricks.logging.AttributionContextTracing.$anonfun$withAttributionContext$1(AttributionContextTracing.scala:146)
	at com.databricks.logging.AttributionContext$.$anonfun$withValue$1(AttributionContext.scala:349)
	at scala.util.DynamicVariable.withValue(DynamicVariable.scala:59)
	at com.databricks.logging.AttributionContext$.withValue(AttributionContext.scala:345)
	at com.databricks.logging.AttributionContextTracing.withAttributionContext(AttributionContextTracing.scala:144)
	at com.databricks.logging.AttributionContextTracing.withAttributionContext$(AttributionContextTracing.scala:141)
	at com.databricks.spark.util.PublicDBLogging.withAttributionContext(DatabricksSparkUsageLogger.scala:29)
	at com.databricks.spark.util.UniverseAttributionContextWrapper.withValue(AttributionContextUtils.scala:242)
	at com.databricks.spark.connect.service.RequestContext.$anonfun$runWith$1(RequestContext.scala:492)
	at com.databricks.spark.connect.service.RequestContext.withContext(RequestContext.scala:525)
	at com.databricks.spark.connect.service.RequestContext.runWith(RequestContext.scala:485)
	at com.databricks.spark.connect.service.AuthenticationInterceptor$AuthenticatedServerCallListener.onHalfClose(AuthenticationInterceptor.scala:528)
	at org.sparkproject.connect.io.grpc.PartialForwardingServerCallListener.onHalfClose(PartialForwardingServerCallListener.java:35)
	at org.sparkproject.connect.io.grpc.ForwardingServerCallListener.onHalfClose(ForwardingServerCallListener.java:23)
	at org.sparkproject.connect.io.grpc.ForwardingServerCallListener$SimpleForwardingServerCallListener.onHalfClose(ForwardingServerCallListener.java:40)
	at org.sparkproject.connect.io.grpc.internal.ServerCallImpl$ServerStreamListenerImpl.halfClosed(ServerCallImpl.java:356)
	at org.sparkproject.connect.io.grpc.internal.ServerImpl$JumpToApplicationThreadServerStreamListener$1HalfClosed.runInContext(ServerImpl.java:861)
	at org.sparkproject.connect.io.grpc.internal.ContextRunnable.run(ContextRunnable.java:37)
	at org.sparkproject.connect.io.grpc.internal.SerializingExecutor.run(SerializingExecutor.java:133)
	at org.apache.spark.util.threads.SparkThreadLocalCapturingRunnable.$anonfun$run$1(SparkThreadLocalForwardingThreadPoolExecutor.scala:171)
	at scala.runtime.java8.JFunction0$mcV$sp.apply(JFunction0$mcV$sp.scala:18)
	at com.databricks.spark.util.DBRTracing$.withSpanFromParent(DBRTracing.scala:70)
	at org.apache.spark.util.threads.SparkThreadLocalCapturingHelper.$anonfun$runWithCaptured$7(SparkThreadLocalForwardingThreadPoolExecutor.scala:124)
	at com.databricks.util.LexicalThreadLocal$Handle.runWith(LexicalThreadLocal.scala:63)
	at org.apache.spark.util.threads.SparkThreadLocalCapturingHelper.$anonfun$runWithCaptured$6(SparkThreadLocalForwardingThreadPoolExecutor.scala:123)
	at com.databricks.sql.transaction.tahoe.mst.MSTThreadHelper$.runWithMSTContext(MSTThreadHelper.scala:77)
	at org.apache.spark.util.threads.SparkThreadLocalCapturingHelper.$anonfun$runWithCaptured$5(SparkThreadLocalForwardingThreadPoolExecutor.scala:120)
	at com.databricks.spark.util.IdentityClaim$.withClaim(IdentityClaim.scala:48)
	at org.apache.spark.util.threads.SparkThreadLocalCapturingHelper.$anonfun$runWithCaptured$4(SparkThreadLocalForwardingThreadPoolExecutor.scala:119)
	at com.databricks.unity.UCSEphemeralState$Handle.runWith(UCSEphemeralState.scala:51)
	at org.apache.spark.util.threads.SparkThreadLocalCapturingHelper.runWithCaptured(SparkThreadLocalForwardingThreadPoolExecutor.scala:118)
	at org.apache.spark.util.threads.SparkThreadLocalCapturingHelper.runWithCaptured$(SparkThreadLocalForwardingThreadPoolExecutor.scala:95)
	at org.apache.spark.util.threads.SparkThreadLocalCapturingRunnable.runWithCaptured(SparkThreadLocalForwardingThreadPoolExecutor.scala:168)
	at org.apache.spark.util.threads.SparkThreadLocalCapturingRunnable.run(SparkThreadLocalForwardingThreadPoolExecutor.scala:171)
	at java.util.concurrent.ThreadPoolExecutor.runWorker(ThreadPoolExecutor.java:1136)
	at java.util.concurrent.ThreadPoolExecutor$Worker.run(ThreadPoolExecutor.java:635)
	at java.lang.Thread.run(Thread.java:840)
Traceback (most recent call last):
  File "/Workspace/Users/krishnasumanbhaipatel@gmail.com/Practice Folder/lakehouse-practice-project/src/reporting/gold.py", line 164, in create_gold_table
    scd2_df = scd2_df.cache()
              ^^^^^^^^^^^^^^^
  File "/databricks/python/lib/python3.12/site-packages/pyspark/sql/connect/dataframe.py", line 2133, in cache
    return self.persist()
           ^^^^^^^^^^^^^^
  File "/databricks/python/lib/python3.12/site-packages/pyspark/sql/connect/dataframe.py", line 2140, in persist
    self._session.client._analyze(
  File "/databricks/python/lib/python3.12/site-packages/pyspark/sql/connect/client/core.py", line 1808, in _analyze
    self._handle_error(error)
  File "/databricks/python/lib/python3.12/site-packages/pyspark/sql/connect/client/core.py", line 2380, in _handle_error
    self._handle_rpc_error(error)
  File "/databricks/python/lib/python3.12/site-packages/pyspark/sql/connect/client/core.py", line 2458, in _handle_rpc_error
    raise convert_exception(
pyspark.errors.exceptions.connect.AnalysisException: [NOT_SUPPORTED_WITH_SERVERLESS] PERSIST TABLE is not supported on serverless compute. SQLSTATE: 0A000

JVM stacktrace:
org.apache.spark.sql.AnalysisException
	at com.databricks.serverless.ServerlessGCEdgeCheck$.throwError(ServerlessGCEdgeCheck.scala:72)
	at com.databricks.serverless.ServerlessGCEdgeCheck$.checkBlockCacheCommand(ServerlessGCEdgeCheck.scala:50)
	at org.apache.spark.sql.connect.service.SparkConnectAnalyzeHandler.process(SparkConnectAnalyzeHandler.scala:398)
	at org.apache.spark.sql.connect.service.SparkConnectAnalyzeHandler.$anonfun$handle$5(SparkConnectAnalyzeHandler.scala:95)
	at org.apache.spark.sql.connect.service.SparkConnectAnalyzeHandler.$anonfun$handle$5$adapted(SparkConnectAnalyzeHandler.scala:87)
	at org.apache.spark.sql.connect.service.SessionHolder.$anonfun$withSession$2(SessionHolder.scala:844)
	at org.apache.spark.sql.SparkSession.withActive(SparkSession.scala:866)
	at org.apache.spark.sql.connect.service.SessionHolder.$anonfun$withSession$1(SessionHolder.scala:844)
	at org.apache.spark.JobArtifactSet$.withActiveJobArtifactState(JobArtifactSet.scala:97)
	at org.apache.spark.sql.artifact.ArtifactManager.$anonfun$withResources$1(ArtifactManager.scala:124)
	at org.apache.spark.sql.artifact.ArtifactManager.withClassLoaderIfNeeded(ArtifactManager.scala:118)
	at org.apache.spark.sql.artifact.ArtifactManager.withResources(ArtifactManager.scala:123)
	at org.apache.spark.sql.connect.service.SessionHolder.withSession(SessionHolder.scala:843)
	at org.apache.spark.sql.connect.service.SparkConnectAnalyzeHandler.$anonfun$handle$1(SparkConnectAnalyzeHandler.scala:87)
	at org.apache.spark.sql.connect.service.SparkConnectAnalyzeHandler.$anonfun$handle$1$adapted(SparkConnectAnalyzeHandler.scala:54)
	at com.databricks.spark.connect.logging.rpc.SparkConnectRpcMetricsCollectorUtils$.collectMetrics(SparkConnectRpcMetricsCollector.scala:294)
	at org.apache.spark.sql.connect.service.SparkConnectAnalyzeHandler.handle(SparkConnectAnalyzeHandler.scala:53)
	at org.apache.spark.sql.connect.service.SparkConnectService.analyzePlan(SparkConnectService.scala:117)
	at org.apache.spark.connect.proto.SparkConnectServiceGrpc$MethodHandlers.invoke(SparkConnectServiceGrpc.java:1008)
	at org.sparkproject.connect.io.grpc.stub.ServerCalls$UnaryServerCallHandler$UnaryServerCallListener.onHalfClose(ServerCalls.java:182)
	at org.sparkproject.connect.io.grpc.PartialForwardingServerCallListener.onHalfClose(PartialForwardingServerCallListener.java:35)
	at org.sparkproject.connect.io.grpc.ForwardingServerCallListener.onHalfClose(ForwardingServerCallListener.java:23)
	at org.sparkproject.connect.io.grpc.ForwardingServerCallListener$SimpleForwardingServerCallListener.onHalfClose(ForwardingServerCallListener.java:40)
	at org.sparkproject.connect.io.grpc.PartialForwardingServerCallListener.onHalfClose(PartialForwardingServerCallListener.java:35)
	at org.sparkproject.connect.io.grpc.ForwardingServerCallListener.onHalfClose(ForwardingServerCallListener.java:23)
	at org.sparkproject.connect.io.grpc.ForwardingServerCallListener$SimpleForwardingServerCallListener.onHalfClose(ForwardingServerCallListener.java:40)
	at org.sparkproject.connect.io.grpc.PartialForwardingServerCallListener.onHalfClose(PartialForwardingServerCallListener.java:35)
	at org.sparkproject.connect.io.grpc.ForwardingServerCallListener.onHalfClose(ForwardingServerCallListener.java:23)
	at org.sparkproject.connect.io.grpc.ForwardingServerCallListener$SimpleForwardingServerCallListener.onHalfClose(ForwardingServerCallListener.java:40)
	at org.sparkproject.connect.io.grpc.Contexts$ContextualizedServerCallListener.onHalfClose(Contexts.java:86)
	at org.sparkproject.connect.io.grpc.PartialForwardingServerCallListener.onHalfClose(PartialForwardingServerCallListener.java:35)
	at org.sparkproject.connect.io.grpc.ForwardingServerCallListener.onHalfClose(ForwardingServerCallListener.java:23)
	at org.sparkproject.connect.io.grpc.ForwardingServerCallListener$SimpleForwardingServerCallListener.onHalfClose(ForwardingServerCallListener.java:40)
	at com.databricks.spark.connect.service.AuthenticationInterceptor$AuthenticatedServerCallListener.$anonfun$onHalfClose$1(AuthenticationInterceptor.scala:528)
	at scala.runtime.java8.JFunction0$mcV$sp.apply(JFunction0$mcV$sp.scala:18)
	at com.databricks.unity.UCSEphemeralState$Handle.runWith(UCSEphemeralState.scala:51)
	at com.databricks.unity.HandleImpl.runWith(UCSHandle.scala:128)
	at com.databricks.spark.connect.service.RequestContext.$anonfun$runWith$4(RequestContext.scala:494)
	at com.databricks.util.TracingSpanUtils$.withSyncTracingAndParentFromHeaders(TracingSpanUtils.scala:456)
	at com.databricks.spark.util.DatabricksTracingHelper.withSpanFromRequest(DatabricksSparkTracingHelper.scala:136)
	at com.databricks.spark.util.DBRTracing$.withSpanFromRequest(DBRTracing.scala:75)
	at com.databricks.spark.connect.service.RequestContext.runWithSpanFromTags(RequestContext.scala:517)
	at com.databricks.spark.connect.service.RequestContext.$anonfun$runWith$3(RequestContext.scala:494)
	at com.databricks.spark.connect.service.RequestContext$.com$databricks$spark$connect$service$RequestContext$$withLocalProperties(RequestContext.scala:729)
	at com.databricks.spark.connect.service.RequestContext.$anonfun$runWith$2(RequestContext.scala:493)
	at com.databricks.logging.AttributionContextTracing.$anonfun$withAttributionContext$1(AttributionContextTracing.scala:146)
	at com.databricks.logging.AttributionContext$.$anonfun$withValue$1(AttributionContext.scala:349)
	at scala.util.DynamicVariable.withValue(DynamicVariable.scala:59)
	at com.databricks.logging.AttributionContext$.withValue(AttributionContext.scala:345)
	at com.databricks.logging.AttributionContextTracing.withAttributionContext(AttributionContextTracing.scala:144)
	at com.databricks.logging.AttributionContextTracing.withAttributionContext$(AttributionContextTracing.scala:141)
	at com.databricks.spark.util.PublicDBLogging.withAttributionContext(DatabricksSparkUsageLogger.scala:29)
	at com.databricks.spark.util.UniverseAttributionContextWrapper.withValue(AttributionContextUtils.scala:242)
	at com.databricks.spark.connect.service.RequestContext.$anonfun$runWith$1(RequestContext.scala:492)
	at com.databricks.spark.connect.service.RequestContext.withContext(RequestContext.scala:525)
	at com.databricks.spark.connect.service.RequestContext.runWith(RequestContext.scala:485)
	at com.databricks.spark.connect.service.AuthenticationInterceptor$AuthenticatedServerCallListener.onHalfClose(AuthenticationInterceptor.scala:528)
	at org.sparkproject.connect.io.grpc.PartialForwardingServerCallListener.onHalfClose(PartialForwardingServerCallListener.java:35)
	at org.sparkproject.connect.io.grpc.ForwardingServerCallListener.onHalfClose(ForwardingServerCallListener.java:23)
	at org.sparkproject.connect.io.grpc.ForwardingServerCallListener$SimpleForwardingServerCallListener.onHalfClose(ForwardingServerCallListener.java:40)
	at org.sparkproject.connect.io.grpc.internal.ServerCallImpl$ServerStreamListenerImpl.halfClosed(ServerCallImpl.java:356)
	at org.sparkproject.connect.io.grpc.internal.ServerImpl$JumpToApplicationThreadServerStreamListener$1HalfClosed.runInContext(ServerImpl.java:861)
	at org.sparkproject.connect.io.grpc.internal.ContextRunnable.run(ContextRunnable.java:37)
	at org.sparkproject.connect.io.grpc.internal.SerializingExecutor.run(SerializingExecutor.java:133)
	at org.apache.spark.util.threads.SparkThreadLocalCapturingRunnable.$anonfun$run$1(SparkThreadLocalForwardingThreadPoolExecutor.scala:171)
	at scala.runtime.java8.JFunction0$mcV$sp.apply(JFunction0$mcV$sp.scala:18)
	at com.databricks.spark.util.DBRTracing$.withSpanFromParent(DBRTracing.scala:70)
	at org.apache.spark.util.threads.SparkThreadLocalCapturingHelper.$anonfun$runWithCaptured$7(SparkThreadLocalForwardingThreadPoolExecutor.scala:124)
	at com.databricks.util.LexicalThreadLocal$Handle.runWith(LexicalThreadLocal.scala:63)
	at org.apache.spark.util.threads.SparkThreadLocalCapturingHelper.$anonfun$runWithCaptured$6(SparkThreadLocalForwardingThreadPoolExecutor.scala:123)
	at com.databricks.sql.transaction.tahoe.mst.MSTThreadHelper$.runWithMSTContext(MSTThreadHelper.scala:77)
	at org.apache.spark.util.threads.SparkThreadLocalCapturingHelper.$anonfun$runWithCaptured$5(SparkThreadLocalForwardingThreadPoolExecutor.scala:120)
	at com.databricks.spark.util.IdentityClaim$.withClaim(IdentityClaim.scala:48)
	at org.apache.spark.util.threads.SparkThreadLocalCapturingHelper.$anonfun$runWithCaptured$4(SparkThreadLocalForwardingThreadPoolExecutor.scala:119)
	at com.databricks.unity.UCSEphemeralState$Handle.runWith(UCSEphemeralState.scala:51)
	at org.apache.spark.util.threads.SparkThreadLocalCapturingHelper.runWithCaptured(SparkThreadLocalForwardingThreadPoolExecutor.scala:118)
	at org.apache.spark.util.threads.SparkThreadLocalCapturingHelper.runWithCaptured$(SparkThreadLocalForwardingThreadPoolExecutor.scala:95)
	at org.apache.spark.util.threads.SparkThreadLocalCapturingRunnable.runWithCaptured(SparkThreadLocalForwardingThreadPoolExecutor.scala:168)
	at org.apache.spark.util.threads.SparkThreadLocalCapturingRunnable.run(SparkThreadLocalForwardingThreadPoolExecutor.scala:171)
	at java.util.concurrent.ThreadPoolExecutor.runWorker(ThreadPoolExecutor.java:1136)
	at java.util.concurrent.ThreadPoolExecutor$Worker.run(ThreadPoolExecutor.java:635)
	at java.lang.Thread.run(Thread.java:840)
2026-08-10 05:59:28,597 | INFO     | gold.dim_products | Audit for catalog_project1.gold.dim_products is written successfully
2026-08-10 06:01:43,335 | INFO     | gold.dim_products | Logging to file: /Workspace/Users/krishnasumanbhaipatel@gmail.com/Practice Folder/lakehouse-practice-project/logs/gold_dim_products_20260810.log
2026-08-10 06:01:43,336 | INFO     | gold.dim_products | Starting Gold pipeline at 2026-08-10 06:01:43.301976
2026-08-10 06:01:44,491 | INFO     | gold.dim_products | Read 1 records from catalog_project1.silver.clean_products table
2026-08-10 06:01:44,699 | INFO     | gold.dim_products | Incremental load from catalog_project1.silver.clean_products table
2026-08-10 06:01:47,617 | ERROR    | gold.dim_products | gold_pipeline failed: [UNRESOLVED_COLUMN.WITH_SUGGESTION] A column, variable, or function parameter with name `d`.`product_key` cannot be resolved. Did you mean one of the following? [`scd2_changes_d1ea1aec_ab38_4f35_b236_496c18c027be`.`product_key`, `scd2_changes_d1ea1aec_ab38_4f35_b236_496c18c027be`.`brand`, `scd2_changes_d1ea1aec_ab38_4f35_b236_496c18c027be`.`brand`, `scd2_changes_d1ea1aec_ab38_4f35_b236_496c18c027be`.`price`, `scd2_changes_d1ea1aec_ab38_4f35_b236_496c18c027be`.`price`]. SQLSTATE: 42703;
'Project ['d.product_key]
+- SubqueryAlias scd2_changes_d1ea1aec_ab38_4f35_b236_496c18c027be
   +- View (`scd2_changes_d1ea1aec_ab38_4f35_b236_496c18c027be`, [product_id#22965, product_name#22966, category#22967, brand#22968, price#22969, created_date#22970, modified_date#22971, _ingestion_job_id#22972, _source_table#22973, _ingestion_pipeline_id#22974, ingestion_timestamp#22975, updation_timestamp#22976, product_id#22977, product_name#22978, category#22979, brand#22980, price#22981, created_date#22982, modified_date#22983, _ingestion_job_id#22984, _source_table#22985, _ingestion_pipeline_id#22986, ingestion_timestamp#22987, updation_timestamp#22988, product_key#22989L, ... 3 more fields])
      +- Filter (isnotnull(product_id#22977) AND NOT (price#22969 <=> price#22981))
         +- Join LeftOuter, (product_id#22965 = product_id#22977)
            :- SubqueryAlias s
            :  +- Filter (modified_date#22971 >= 2024-12-12 00:00:00)
            :     +- SubqueryAlias catalog_project1.silver.clean_products
            :        +- Relation catalog_project1.silver.clean_products[product_id#22965,product_name#22966,category#22967,brand#22968,price#22969,created_date#22970,modified_date#22971,_ingestion_job_id#22972,_source_table#22973,_ingestion_pipeline_id#22974,ingestion_timestamp#22975,updation_timestamp#22976] parquet
            +- SubqueryAlias d
               +- Filter (is_current#22992 = true)
                  +- SubqueryAlias catalog_project1.gold.dim_products
                     +- Relation catalog_project1.gold.dim_products[product_id#22977,product_name#22978,category#22979,brand#22980,price#22981,created_date#22982,modified_date#22983,_ingestion_job_id#22984,_source_table#22985,_ingestion_pipeline_id#22986,ingestion_timestamp#22987,updation_timestamp#22988,product_key#22989L,effective_from#22990,effective_to#22991,is_current#22992] parquet


JVM stacktrace:
org.apache.spark.sql.catalyst.ExtendedAnalysisException
	at org.apache.spark.sql.errors.QueryCompilationErrors$.unresolvedAttributeError(QueryCompilationErrors.scala:727)
	at org.apache.spark.sql.catalyst.analysis.CheckAnalysis.org$apache$spark$sql$catalyst$analysis$CheckAnalysis$$failUnresolvedAttribute(CheckAnalysis.scala:274)
	at org.apache.spark.sql.catalyst.analysis.CheckAnalysis.$anonfun$checkAnalysis0$18(CheckAnalysis.scala:664)
	at org.apache.spark.sql.catalyst.analysis.CheckAnalysis.$anonfun$checkAnalysis0$18$adapted(CheckAnalysis.scala:649)
	at org.apache.spark.sql.catalyst.analysis.CheckAnalysis.traverse$1(CheckAnalysis.scala:1378)
	at org.apache.spark.sql.catalyst.analysis.CheckAnalysis.foreachUpSkippingSecureView(CheckAnalysis.scala:1380)
	at org.apache.spark.sql.catalyst.analysis.CheckAnalysis.$anonfun$checkAnalysis0$17(CheckAnalysis.scala:649)
	at org.apache.spark.sql.catalyst.analysis.CheckAnalysis.$anonfun$checkAnalysis0$17$adapted(CheckAnalysis.scala:649)
	at scala.collection.IterableOnceOps.foreach(IterableOnce.scala:619)
	at scala.collection.IterableOnceOps.foreach$(IterableOnce.scala:617)
	at scala.collection.AbstractIterable.foreach(Iterable.scala:935)
	at org.apache.spark.sql.catalyst.analysis.CheckAnalysis.$anonfun$checkAnalysis0$2(CheckAnalysis.scala:649)
	at org.apache.spark.sql.catalyst.analysis.CheckAnalysis.$anonfun$checkAnalysis0$2$adapted(CheckAnalysis.scala:410)
	at org.apache.spark.sql.catalyst.trees.TreeNode.foreachUp(TreeNode.scala:392)
	at org.apache.spark.sql.catalyst.analysis.CheckAnalysis.checkAnalysis0(CheckAnalysis.scala:410)
	at org.apache.spark.sql.catalyst.analysis.CheckAnalysis.checkAnalysis0$(CheckAnalysis.scala:377)
	at org.apache.spark.sql.catalyst.analysis.Analyzer.checkAnalysis0(Analyzer.scala:636)
	at org.apache.spark.sql.catalyst.analysis.CheckAnalysis.$anonfun$checkAnalysis$1(CheckAnalysis.scala:362)
	at scala.runtime.java8.JFunction0$mcV$sp.apply(JFunction0$mcV$sp.scala:18)
	at com.databricks.spark.util.FrameProfiler$.$anonfun$record$1(FrameProfiler.scala:114)
	at com.databricks.spark.util.FrameProfilerExporter$.maybeExportFrameProfiler(FrameProfilerExporter.scala:201)
	at com.databricks.spark.util.FrameProfiler$.record(FrameProfiler.scala:105)
	at org.apache.spark.sql.catalyst.analysis.CheckAnalysis.checkAnalysis(CheckAnalysis.scala:349)
	at org.apache.spark.sql.catalyst.analysis.CheckAnalysis.checkAnalysis$(CheckAnalysis.scala:345)
	at org.apache.spark.sql.catalyst.analysis.Analyzer.checkAnalysis(Analyzer.scala:636)
	at org.apache.spark.sql.catalyst.analysis.resolver.HybridAnalyzer.$anonfun$resolveInFixedPoint$1(HybridAnalyzer.scala:417)
	at scala.runtime.java8.JFunction0$mcV$sp.apply(JFunction0$mcV$sp.scala:18)
	at org.apache.spark.sql.catalyst.QueryPlanningTracker$.withTracker(QueryPlanningTracker.scala:275)
	at org.apache.spark.sql.catalyst.analysis.resolver.HybridAnalyzer.resolveInFixedPoint(HybridAnalyzer.scala:417)
	at org.apache.spark.sql.catalyst.analysis.resolver.HybridAnalyzer.$anonfun$apply$1(HybridAnalyzer.scala:98)
	at org.apache.spark.sql.catalyst.analysis.resolver.HybridAnalyzer.withTrackedAnalyzerBridgeState(HybridAnalyzer.scala:135)
	at org.apache.spark.sql.catalyst.analysis.resolver.HybridAnalyzer.apply(HybridAnalyzer.scala:91)
	at org.apache.spark.sql.catalyst.analysis.Analyzer.$anonfun$executeAndCheck$2(Analyzer.scala:703)
	at org.apache.spark.sql.catalyst.plans.logical.AnalysisHelper$.markInAnalyzer(AnalysisHelper.scala:425)
	at org.apache.spark.sql.catalyst.analysis.Analyzer.$anonfun$executeAndCheck$1(Analyzer.scala:703)
	at com.databricks.sql.unity.SAMSnapshotHelper$.visitPlansDuringAnalysis(SAMSnapshotHelper.scala:43)
	at org.apache.spark.sql.catalyst.analysis.Analyzer.executeAndCheck(Analyzer.scala:692)
	at org.apache.spark.sql.execution.QueryExecution.$anonfun$lazyAnalyzed$3(QueryExecution.scala:607)
	at com.databricks.spark.util.FrameProfiler$.$anonfun$record$1(FrameProfiler.scala:114)
	at com.databricks.spark.util.FrameProfilerExporter$.maybeExportFrameProfiler(FrameProfilerExporter.scala:201)
	at com.databricks.spark.util.FrameProfiler$.record(FrameProfiler.scala:105)
	at org.apache.spark.sql.catalyst.QueryPlanningTracker.measurePhase(QueryPlanningTracker.scala:1021)
	at org.apache.spark.sql.execution.QueryExecution.$anonfun$executePhase$8(QueryExecution.scala:1073)
	at org.apache.spark.sql.execution.SQLExecution$.$anonfun$withExecutionPhase$1(SQLExecution.scala:337)
	at com.databricks.util.TracingSpanUtils$.withTracing(TracingSpanUtils.scala:251)
	at com.databricks.spark.util.DatabricksTracingHelper.withSpan(DatabricksSparkTracingHelper.scala:154)
	at com.databricks.spark.util.DBRTracing$.withSpan(DBRTracing.scala:87)
	at org.apache.spark.sql.execution.SQLExecution$.withExecutionPhase(SQLExecution.scala:318)
	at org.apache.spark.sql.execution.QueryExecution.$anonfun$executePhase$7(QueryExecution.scala:1073)
	at org.apache.spark.sql.execution.QueryExecution$.withInternalError(QueryExecution.scala:1822)
	at org.apache.spark.sql.execution.QueryExecution.$anonfun$executePhase$5(QueryExecution.scala:1066)
	at com.databricks.util.LexicalThreadLocal$Handle.runWith(LexicalThreadLocal.scala:63)
	at org.apache.spark.sql.execution.QueryExecution.$anonfun$executePhase$4(QueryExecution.scala:1063)
	at com.databricks.util.LexicalThreadLocal$Handle.runWith(LexicalThreadLocal.scala:63)
	at org.apache.spark.sql.execution.QueryExecution.$anonfun$executePhase$3(QueryExecution.scala:1063)
	at com.databricks.util.LexicalThreadLocal$Handle.runWith(LexicalThreadLocal.scala:63)
	at org.apache.spark.sql.execution.QueryExecution.$anonfun$executePhase$2(QueryExecution.scala:1062)
	at com.databricks.util.LexicalThreadLocal$Handle.runWith(LexicalThreadLocal.scala:63)
	at org.apache.spark.sql.execution.QueryExecution.localBlock$1(QueryExecution.scala:1043)
	at org.apache.spark.sql.execution.QueryExecution.$anonfun$withQueryExecutionId$4(QueryExecution.scala:1053)
	at com.databricks.unity.UCSManager$.withTemporaryScope(UCSManager.scala:168)
	at org.apache.spark.sql.execution.QueryExecution.$anonfun$withQueryExecutionId$3(QueryExecution.scala:1052)
	at org.apache.spark.sql.execution.QueryExecution$.$anonfun$runWithWrappers$2(QueryExecution.scala:2075)
	at org.apache.spark.sql.execution.QueryExecution$.org$apache$spark$sql$execution$QueryExecution$$runWithWrappers(QueryExecution.scala:2074)
	at org.apache.spark.sql.execution.QueryExecution.withQueryExecutionId(QueryExecution.scala:1053)
	at org.apache.spark.sql.execution.QueryExecution.$anonfun$executePhase$1(QueryExecution.scala:1061)
	at org.apache.spark.sql.SparkSession.withActive(SparkSession.scala:866)
	at org.apache.spark.sql.execution.QueryExecution.executePhase(QueryExecution.scala:1060)
	at org.apache.spark.sql.execution.QueryExecution.$anonfun$lazyAnalyzed$2(QueryExecution.scala:598)
	at com.databricks.sql.util.MemoryTrackerHelper.withMemoryTracking(MemoryTrackerHelper.scala:111)
	at org.apache.spark.sql.execution.QueryExecution.$anonfun$lazyAnalyzed$1(QueryExecution.scala:597)
	at scala.util.Try$.apply(Try.scala:217)
	at org.apache.spark.util.Utils$.doTryWithCallerStacktrace(Utils.scala:1796)
	at org.apache.spark.util.Utils$.getTryWithCallerStacktrace(Utils.scala:1846)
	at org.apache.spark.util.LazyTry.get(LazyTry.scala:78)
	at org.apache.spark.sql.execution.QueryExecution.analyzed(QueryExecution.scala:661)
	at org.apache.spark.sql.connect.planner.SparkConnectPlanner.transformDeduplicate(SparkConnectPlanner.scala:2109)
	at org.apache.spark.sql.connect.planner.SparkConnectPlanner.$anonfun$transformRelation$2(SparkConnectPlanner.scala:268)
	at org.apache.spark.sql.connect.service.SessionHolder.$anonfun$usePlanCache$15(SessionHolder.scala:1131)
	at org.apache.spark.sql.connect.service.SessionHolder.measureSubtreeRelationNodes(SessionHolder.scala:1151)
	at org.apache.spark.sql.connect.service.SessionHolder.$anonfun$usePlanCache$14(SessionHolder.scala:1130)
	at org.apache.spark.sql.connect.utils.TimingUtils$.withTiming(TimingUtils.scala:35)
	at org.apache.spark.sql.connect.service.SessionHolder.$anonfun$usePlanCache$11(SessionHolder.scala:1130)
	at scala.Option.getOrElse(Option.scala:201)
	at org.apache.spark.sql.connect.service.SessionHolder.usePlanCache(SessionHolder.scala:1122)
	at org.apache.spark.sql.connect.planner.SparkConnectPlanner.$anonfun$transformRelation$1(SparkConnectPlanner.scala:252)
	at scala.Option.getOrElse(Option.scala:201)
	at org.apache.spark.sql.connect.planner.SparkConnectPlanner.transformRelation(SparkConnectPlanner.scala:252)
	at org.apache.spark.sql.connect.execution.SparkConnectPlanExecution.handlePlan(SparkConnectPlanExecution.scala:116)
	at org.apache.spark.sql.connect.execution.ExecuteThreadRunner.handlePlan(ExecuteThreadRunner.scala:522)
	at org.apache.spark.sql.connect.execution.ExecuteThreadRunner.$anonfun$executeInternal$1(ExecuteThreadRunner.scala:421)
	at org.apache.spark.sql.connect.execution.ExecuteThreadRunner.$anonfun$executeInternal$1$adapted(ExecuteThreadRunner.scala:340)
	at org.apache.spark.sql.connect.service.SessionHolder.$anonfun$withSession$2(SessionHolder.scala:844)
	at org.apache.spark.sql.SparkSession.withActive(SparkSession.scala:866)
	at org.apache.spark.sql.connect.service.SessionHolder.$anonfun$withSession$1(SessionHolder.scala:844)
	at org.apache.spark.JobArtifactSet$.withActiveJobArtifactState(JobArtifactSet.scala:97)
	at org.apache.spark.sql.artifact.ArtifactManager.$anonfun$withResources$1(ArtifactManager.scala:124)
	at org.apache.spark.sql.artifact.ArtifactManager.withClassLoaderIfNeeded(ArtifactManager.scala:118)
	at org.apache.spark.sql.artifact.ArtifactManager.withResources(ArtifactManager.scala:123)
	at org.apache.spark.sql.connect.service.SessionHolder.withSession(SessionHolder.scala:843)
	at org.apache.spark.sql.connect.execution.ExecuteThreadRunner.executeInternal(ExecuteThreadRunner.scala:340)
	at org.apache.spark.sql.connect.execution.ExecuteThreadRunner.$anonfun$execute$1(ExecuteThreadRunner.scala:200)
	at scala.runtime.java8.JFunction0$mcV$sp.apply(JFunction0$mcV$sp.scala:18)
	at com.databricks.spark.connect.service.UtilizationMetrics.recordActiveQueries(UtilizationMetrics.scala:92)
	at com.databricks.spark.connect.service.UtilizationMetrics.recordActiveQueries$(UtilizationMetrics.scala:89)
	at org.apache.spark.sql.connect.execution.ExecuteThreadRunner.recordActiveQueries(ExecuteThreadRunner.scala:61)
	at org.apache.spark.sql.connect.execution.ExecuteThreadRunner.org$apache$spark$sql$connect$execution$ExecuteThreadRunner$$execute(ExecuteThreadRunner.scala:192)
	at org.apache.spark.sql.connect.execution.ExecuteThreadRunner$ExecutionThread.$anonfun$run$3(ExecuteThreadRunner.scala:601)
	at scala.runtime.java8.JFunction0$mcV$sp.apply(JFunction0$mcV$sp.scala:18)
	at com.databricks.spark.util.DBRTracing$.withSpanFromParent(DBRTracing.scala:70)
	at org.apache.spark.sql.connect.execution.ExecuteThreadRunner$ExecutionThread.$anonfun$run$2(ExecuteThreadRunner.scala:601)
	at scala.runtime.java8.JFunction0$mcV$sp.apply(JFunction0$mcV$sp.scala:18)
	at com.databricks.unity.UCSEphemeralState$Handle.runWith(UCSEphemeralState.scala:51)
	at com.databricks.unity.HandleImpl.runWith(UCSHandle.scala:128)
	at com.databricks.unity.HandleImpl.$anonfun$runWithAndClose$1(UCSHandle.scala:133)
	at scala.util.Using$.resource(Using.scala:296)
	at com.databricks.unity.HandleImpl.runWithAndClose(UCSHandle.scala:132)
	at org.apache.spark.sql.connect.execution.ExecuteThreadRunner$ExecutionThread.run(ExecuteThreadRunner.scala:600)
Traceback (most recent call last):
  File "/Workspace/Users/krishnasumanbhaipatel@gmail.com/Practice Folder/lakehouse-practice-project/src/reporting/gold.py", line 170, in create_gold_table
    expire_keys = [str(r[surrogate_key]) for r in expire_keys_df.collect()]
                                                  ^^^^^^^^^^^^^^^^^^^^^^^^
  File "/databricks/python/lib/python3.12/site-packages/pyspark/sql/connect/dataframe.py", line 1846, in collect
    table, schema = self._to_table()
                    ^^^^^^^^^^^^^^^^
  File "/databricks/python/lib/python3.12/site-packages/pyspark/sql/connect/dataframe.py", line 1930, in _to_table
    table, schema, self._execution_info = self._session.client.to_table(
                                          ^^^^^^^^^^^^^^^^^^^^^^^^^^^^^^
  File "/databricks/python/lib/python3.12/site-packages/pyspark/sql/connect/client/core.py", line 1273, in to_table
    table, schema, metrics, observed_metrics, _ = self._execute_and_fetch(req, observations)
                                                  ^^^^^^^^^^^^^^^^^^^^^^^^^^^^^^^^^^^^^^^^^^
  File "/databricks/python/lib/python3.12/site-packages/pyspark/sql/connect/client/core.py", line 2086, in _execute_and_fetch
    for response in self._execute_and_fetch_as_iterator(
  File "/databricks/python/lib/python3.12/site-packages/pyspark/sql/connect/client/core.py", line 2062, in _execute_and_fetch_as_iterator
    self._handle_error(error)
  File "/databricks/python/lib/python3.12/site-packages/pyspark/sql/connect/client/core.py", line 2380, in _handle_error
    self._handle_rpc_error(error)
  File "/databricks/python/lib/python3.12/site-packages/pyspark/sql/connect/client/core.py", line 2458, in _handle_rpc_error
    raise convert_exception(
pyspark.errors.exceptions.connect.AnalysisException: [UNRESOLVED_COLUMN.WITH_SUGGESTION] A column, variable, or function parameter with name `d`.`product_key` cannot be resolved. Did you mean one of the following? [`scd2_changes_d1ea1aec_ab38_4f35_b236_496c18c027be`.`product_key`, `scd2_changes_d1ea1aec_ab38_4f35_b236_496c18c027be`.`brand`, `scd2_changes_d1ea1aec_ab38_4f35_b236_496c18c027be`.`brand`, `scd2_changes_d1ea1aec_ab38_4f35_b236_496c18c027be`.`price`, `scd2_changes_d1ea1aec_ab38_4f35_b236_496c18c027be`.`price`]. SQLSTATE: 42703;
'Project ['d.product_key]
+- SubqueryAlias scd2_changes_d1ea1aec_ab38_4f35_b236_496c18c027be
   +- View (`scd2_changes_d1ea1aec_ab38_4f35_b236_496c18c027be`, [product_id#22965, product_name#22966, category#22967, brand#22968, price#22969, created_date#22970, modified_date#22971, _ingestion_job_id#22972, _source_table#22973, _ingestion_pipeline_id#22974, ingestion_timestamp#22975, updation_timestamp#22976, product_id#22977, product_name#22978, category#22979, brand#22980, price#22981, created_date#22982, modified_date#22983, _ingestion_job_id#22984, _source_table#22985, _ingestion_pipeline_id#22986, ingestion_timestamp#22987, updation_timestamp#22988, product_key#22989L, ... 3 more fields])
      +- Filter (isnotnull(product_id#22977) AND NOT (price#22969 <=> price#22981))
         +- Join LeftOuter, (product_id#22965 = product_id#22977)
            :- SubqueryAlias s
            :  +- Filter (modified_date#22971 >= 2024-12-12 00:00:00)
            :     +- SubqueryAlias catalog_project1.silver.clean_products
            :        +- Relation catalog_project1.silver.clean_products[product_id#22965,product_name#22966,category#22967,brand#22968,price#22969,created_date#22970,modified_date#22971,_ingestion_job_id#22972,_source_table#22973,_ingestion_pipeline_id#22974,ingestion_timestamp#22975,updation_timestamp#22976] parquet
            +- SubqueryAlias d
               +- Filter (is_current#22992 = true)
                  +- SubqueryAlias catalog_project1.gold.dim_products
                     +- Relation catalog_project1.gold.dim_products[product_id#22977,product_name#22978,category#22979,brand#22980,price#22981,created_date#22982,modified_date#22983,_ingestion_job_id#22984,_source_table#22985,_ingestion_pipeline_id#22986,ingestion_timestamp#22987,updation_timestamp#22988,product_key#22989L,effective_from#22990,effective_to#22991,is_current#22992] parquet


JVM stacktrace:
org.apache.spark.sql.catalyst.ExtendedAnalysisException
	at org.apache.spark.sql.errors.QueryCompilationErrors$.unresolvedAttributeError(QueryCompilationErrors.scala:727)
	at org.apache.spark.sql.catalyst.analysis.CheckAnalysis.org$apache$spark$sql$catalyst$analysis$CheckAnalysis$$failUnresolvedAttribute(CheckAnalysis.scala:274)
	at org.apache.spark.sql.catalyst.analysis.CheckAnalysis.$anonfun$checkAnalysis0$18(CheckAnalysis.scala:664)
	at org.apache.spark.sql.catalyst.analysis.CheckAnalysis.$anonfun$checkAnalysis0$18$adapted(CheckAnalysis.scala:649)
	at org.apache.spark.sql.catalyst.analysis.CheckAnalysis.traverse$1(CheckAnalysis.scala:1378)
	at org.apache.spark.sql.catalyst.analysis.CheckAnalysis.foreachUpSkippingSecureView(CheckAnalysis.scala:1380)
	at org.apache.spark.sql.catalyst.analysis.CheckAnalysis.$anonfun$checkAnalysis0$17(CheckAnalysis.scala:649)
	at org.apache.spark.sql.catalyst.analysis.CheckAnalysis.$anonfun$checkAnalysis0$17$adapted(CheckAnalysis.scala:649)
	at scala.collection.IterableOnceOps.foreach(IterableOnce.scala:619)
	at scala.collection.IterableOnceOps.foreach$(IterableOnce.scala:617)
	at scala.collection.AbstractIterable.foreach(Iterable.scala:935)
	at org.apache.spark.sql.catalyst.analysis.CheckAnalysis.$anonfun$checkAnalysis0$2(CheckAnalysis.scala:649)
	at org.apache.spark.sql.catalyst.analysis.CheckAnalysis.$anonfun$checkAnalysis0$2$adapted(CheckAnalysis.scala:410)
	at org.apache.spark.sql.catalyst.trees.TreeNode.foreachUp(TreeNode.scala:392)
	at org.apache.spark.sql.catalyst.analysis.CheckAnalysis.checkAnalysis0(CheckAnalysis.scala:410)
	at org.apache.spark.sql.catalyst.analysis.CheckAnalysis.checkAnalysis0$(CheckAnalysis.scala:377)
	at org.apache.spark.sql.catalyst.analysis.Analyzer.checkAnalysis0(Analyzer.scala:636)
	at org.apache.spark.sql.catalyst.analysis.CheckAnalysis.$anonfun$checkAnalysis$1(CheckAnalysis.scala:362)
	at scala.runtime.java8.JFunction0$mcV$sp.apply(JFunction0$mcV$sp.scala:18)
	at com.databricks.spark.util.FrameProfiler$.$anonfun$record$1(FrameProfiler.scala:114)
	at com.databricks.spark.util.FrameProfilerExporter$.maybeExportFrameProfiler(FrameProfilerExporter.scala:201)
	at com.databricks.spark.util.FrameProfiler$.record(FrameProfiler.scala:105)
	at org.apache.spark.sql.catalyst.analysis.CheckAnalysis.checkAnalysis(CheckAnalysis.scala:349)
	at org.apache.spark.sql.catalyst.analysis.CheckAnalysis.checkAnalysis$(CheckAnalysis.scala:345)
	at org.apache.spark.sql.catalyst.analysis.Analyzer.checkAnalysis(Analyzer.scala:636)
	at org.apache.spark.sql.catalyst.analysis.resolver.HybridAnalyzer.$anonfun$resolveInFixedPoint$1(HybridAnalyzer.scala:417)
	at scala.runtime.java8.JFunction0$mcV$sp.apply(JFunction0$mcV$sp.scala:18)
	at org.apache.spark.sql.catalyst.QueryPlanningTracker$.withTracker(QueryPlanningTracker.scala:275)
	at org.apache.spark.sql.catalyst.analysis.resolver.HybridAnalyzer.resolveInFixedPoint(HybridAnalyzer.scala:417)
	at org.apache.spark.sql.catalyst.analysis.resolver.HybridAnalyzer.$anonfun$apply$1(HybridAnalyzer.scala:98)
	at org.apache.spark.sql.catalyst.analysis.resolver.HybridAnalyzer.withTrackedAnalyzerBridgeState(HybridAnalyzer.scala:135)
	at org.apache.spark.sql.catalyst.analysis.resolver.HybridAnalyzer.apply(HybridAnalyzer.scala:91)
	at org.apache.spark.sql.catalyst.analysis.Analyzer.$anonfun$executeAndCheck$2(Analyzer.scala:703)
	at org.apache.spark.sql.catalyst.plans.logical.AnalysisHelper$.markInAnalyzer(AnalysisHelper.scala:425)
	at org.apache.spark.sql.catalyst.analysis.Analyzer.$anonfun$executeAndCheck$1(Analyzer.scala:703)
	at com.databricks.sql.unity.SAMSnapshotHelper$.visitPlansDuringAnalysis(SAMSnapshotHelper.scala:43)
	at org.apache.spark.sql.catalyst.analysis.Analyzer.executeAndCheck(Analyzer.scala:692)
	at org.apache.spark.sql.execution.QueryExecution.$anonfun$lazyAnalyzed$3(QueryExecution.scala:607)
	at com.databricks.spark.util.FrameProfiler$.$anonfun$record$1(FrameProfiler.scala:114)
	at com.databricks.spark.util.FrameProfilerExporter$.maybeExportFrameProfiler(FrameProfilerExporter.scala:201)
	at com.databricks.spark.util.FrameProfiler$.record(FrameProfiler.scala:105)
	at org.apache.spark.sql.catalyst.QueryPlanningTracker.measurePhase(QueryPlanningTracker.scala:1021)
	at org.apache.spark.sql.execution.QueryExecution.$anonfun$executePhase$8(QueryExecution.scala:1073)
	at org.apache.spark.sql.execution.SQLExecution$.$anonfun$withExecutionPhase$1(SQLExecution.scala:337)
	at com.databricks.util.TracingSpanUtils$.withTracing(TracingSpanUtils.scala:251)
	at com.databricks.spark.util.DatabricksTracingHelper.withSpan(DatabricksSparkTracingHelper.scala:154)
	at com.databricks.spark.util.DBRTracing$.withSpan(DBRTracing.scala:87)
	at org.apache.spark.sql.execution.SQLExecution$.withExecutionPhase(SQLExecution.scala:318)
	at org.apache.spark.sql.execution.QueryExecution.$anonfun$executePhase$7(QueryExecution.scala:1073)
	at org.apache.spark.sql.execution.QueryExecution$.withInternalError(QueryExecution.scala:1822)
	at org.apache.spark.sql.execution.QueryExecution.$anonfun$executePhase$5(QueryExecution.scala:1066)
	at com.databricks.util.LexicalThreadLocal$Handle.runWith(LexicalThreadLocal.scala:63)
	at org.apache.spark.sql.execution.QueryExecution.$anonfun$executePhase$4(QueryExecution.scala:1063)
	at com.databricks.util.LexicalThreadLocal$Handle.runWith(LexicalThreadLocal.scala:63)
	at org.apache.spark.sql.execution.QueryExecution.$anonfun$executePhase$3(QueryExecution.scala:1063)
	at com.databricks.util.LexicalThreadLocal$Handle.runWith(LexicalThreadLocal.scala:63)
	at org.apache.spark.sql.execution.QueryExecution.$anonfun$executePhase$2(QueryExecution.scala:1062)
	at com.databricks.util.LexicalThreadLocal$Handle.runWith(LexicalThreadLocal.scala:63)
	at org.apache.spark.sql.execution.QueryExecution.localBlock$1(QueryExecution.scala:1043)
	at org.apache.spark.sql.execution.QueryExecution.$anonfun$withQueryExecutionId$4(QueryExecution.scala:1053)
	at com.databricks.unity.UCSManager$.withTemporaryScope(UCSManager.scala:168)
	at org.apache.spark.sql.execution.QueryExecution.$anonfun$withQueryExecutionId$3(QueryExecution.scala:1052)
	at org.apache.spark.sql.execution.QueryExecution$.$anonfun$runWithWrappers$2(QueryExecution.scala:2075)
	at org.apache.spark.sql.execution.QueryExecution$.org$apache$spark$sql$execution$QueryExecution$$runWithWrappers(QueryExecution.scala:2074)
	at org.apache.spark.sql.execution.QueryExecution.withQueryExecutionId(QueryExecution.scala:1053)
	at org.apache.spark.sql.execution.QueryExecution.$anonfun$executePhase$1(QueryExecution.scala:1061)
	at org.apache.spark.sql.SparkSession.withActive(SparkSession.scala:866)
	at org.apache.spark.sql.execution.QueryExecution.executePhase(QueryExecution.scala:1060)
	at org.apache.spark.sql.execution.QueryExecution.$anonfun$lazyAnalyzed$2(QueryExecution.scala:598)
	at com.databricks.sql.util.MemoryTrackerHelper.withMemoryTracking(MemoryTrackerHelper.scala:111)
	at org.apache.spark.sql.execution.QueryExecution.$anonfun$lazyAnalyzed$1(QueryExecution.scala:597)
	at scala.util.Try$.apply(Try.scala:217)
	at org.apache.spark.util.Utils$.doTryWithCallerStacktrace(Utils.scala:1796)
	at org.apache.spark.util.Utils$.getTryWithCallerStacktrace(Utils.scala:1846)
	at org.apache.spark.util.LazyTry.get(LazyTry.scala:78)
	at org.apache.spark.sql.execution.QueryExecution.analyzed(QueryExecution.scala:661)
	at org.apache.spark.sql.connect.planner.SparkConnectPlanner.transformDeduplicate(SparkConnectPlanner.scala:2109)
	at org.apache.spark.sql.connect.planner.SparkConnectPlanner.$anonfun$transformRelation$2(SparkConnectPlanner.scala:268)
	at org.apache.spark.sql.connect.service.SessionHolder.$anonfun$usePlanCache$15(SessionHolder.scala:1131)
	at org.apache.spark.sql.connect.service.SessionHolder.measureSubtreeRelationNodes(SessionHolder.scala:1151)
	at org.apache.spark.sql.connect.service.SessionHolder.$anonfun$usePlanCache$14(SessionHolder.scala:1130)
	at org.apache.spark.sql.connect.utils.TimingUtils$.withTiming(TimingUtils.scala:35)
	at org.apache.spark.sql.connect.service.SessionHolder.$anonfun$usePlanCache$11(SessionHolder.scala:1130)
	at scala.Option.getOrElse(Option.scala:201)
	at org.apache.spark.sql.connect.service.SessionHolder.usePlanCache(SessionHolder.scala:1122)
	at org.apache.spark.sql.connect.planner.SparkConnectPlanner.$anonfun$transformRelation$1(SparkConnectPlanner.scala:252)
	at scala.Option.getOrElse(Option.scala:201)
	at org.apache.spark.sql.connect.planner.SparkConnectPlanner.transformRelation(SparkConnectPlanner.scala:252)
	at org.apache.spark.sql.connect.execution.SparkConnectPlanExecution.handlePlan(SparkConnectPlanExecution.scala:116)
	at org.apache.spark.sql.connect.execution.ExecuteThreadRunner.handlePlan(ExecuteThreadRunner.scala:522)
	at org.apache.spark.sql.connect.execution.ExecuteThreadRunner.$anonfun$executeInternal$1(ExecuteThreadRunner.scala:421)
	at org.apache.spark.sql.connect.execution.ExecuteThreadRunner.$anonfun$executeInternal$1$adapted(ExecuteThreadRunner.scala:340)
	at org.apache.spark.sql.connect.service.SessionHolder.$anonfun$withSession$2(SessionHolder.scala:844)
	at org.apache.spark.sql.SparkSession.withActive(SparkSession.scala:866)
	at org.apache.spark.sql.connect.service.SessionHolder.$anonfun$withSession$1(SessionHolder.scala:844)
	at org.apache.spark.JobArtifactSet$.withActiveJobArtifactState(JobArtifactSet.scala:97)
	at org.apache.spark.sql.artifact.ArtifactManager.$anonfun$withResources$1(ArtifactManager.scala:124)
	at org.apache.spark.sql.artifact.ArtifactManager.withClassLoaderIfNeeded(ArtifactManager.scala:118)
	at org.apache.spark.sql.artifact.ArtifactManager.withResources(ArtifactManager.scala:123)
	at org.apache.spark.sql.connect.service.SessionHolder.withSession(SessionHolder.scala:843)
	at org.apache.spark.sql.connect.execution.ExecuteThreadRunner.executeInternal(ExecuteThreadRunner.scala:340)
	at org.apache.spark.sql.connect.execution.ExecuteThreadRunner.$anonfun$execute$1(ExecuteThreadRunner.scala:200)
	at scala.runtime.java8.JFunction0$mcV$sp.apply(JFunction0$mcV$sp.scala:18)
	at com.databricks.spark.connect.service.UtilizationMetrics.recordActiveQueries(UtilizationMetrics.scala:92)
	at com.databricks.spark.connect.service.UtilizationMetrics.recordActiveQueries$(UtilizationMetrics.scala:89)
	at org.apache.spark.sql.connect.execution.ExecuteThreadRunner.recordActiveQueries(ExecuteThreadRunner.scala:61)
	at org.apache.spark.sql.connect.execution.ExecuteThreadRunner.org$apache$spark$sql$connect$execution$ExecuteThreadRunner$$execute(ExecuteThreadRunner.scala:192)
	at org.apache.spark.sql.connect.execution.ExecuteThreadRunner$ExecutionThread.$anonfun$run$3(ExecuteThreadRunner.scala:601)
	at scala.runtime.java8.JFunction0$mcV$sp.apply(JFunction0$mcV$sp.scala:18)
	at com.databricks.spark.util.DBRTracing$.withSpanFromParent(DBRTracing.scala:70)
	at org.apache.spark.sql.connect.execution.ExecuteThreadRunner$ExecutionThread.$anonfun$run$2(ExecuteThreadRunner.scala:601)
	at scala.runtime.java8.JFunction0$mcV$sp.apply(JFunction0$mcV$sp.scala:18)
	at com.databricks.unity.UCSEphemeralState$Handle.runWith(UCSEphemeralState.scala:51)
	at com.databricks.unity.HandleImpl.runWith(UCSHandle.scala:128)
	at com.databricks.unity.HandleImpl.$anonfun$runWithAndClose$1(UCSHandle.scala:133)
	at scala.util.Using$.resource(Using.scala:296)
	at com.databricks.unity.HandleImpl.runWithAndClose(UCSHandle.scala:132)
	at org.apache.spark.sql.connect.execution.ExecuteThreadRunner$ExecutionThread.run(ExecuteThreadRunner.scala:600)
2026-08-10 06:01:49,349 | INFO     | gold.dim_products | Audit for catalog_project1.gold.dim_products is written successfully
2026-08-10 06:04:00,587 | INFO     | gold.dim_products | Logging to file: /Workspace/Users/krishnasumanbhaipatel@gmail.com/Practice Folder/lakehouse-practice-project/logs/gold_dim_products_20260810.log
2026-08-10 06:04:00,589 | INFO     | gold.dim_products | Starting Gold pipeline at 2026-08-10 06:04:00.529869
2026-08-10 06:04:01,764 | INFO     | gold.dim_products | Read 1 records from catalog_project1.silver.clean_products table
2026-08-10 06:04:01,986 | INFO     | gold.dim_products | Incremental load from catalog_project1.silver.clean_products table
2026-08-10 06:04:04,622 | ERROR    | gold.dim_products | gold_pipeline failed: [UNRESOLVED_COLUMN.WITH_SUGGESTION] A column, variable, or function parameter with name `d.product_key` cannot be resolved. Did you mean one of the following? [`product_key`, `product_id`, `product_id`, `product_name`, `product_name`]. SQLSTATE: 42703;
'Project ['`d.product_key`]
+- SubqueryAlias scd2_changes_3e4d77cd_a5a4_4978_958d_3c38071bc977
   +- View (`scd2_changes_3e4d77cd_a5a4_4978_958d_3c38071bc977`, [product_id#24255, product_name#24256, category#24257, brand#24258, price#24259, created_date#24260, modified_date#24261, _ingestion_job_id#24262, _source_table#24263, _ingestion_pipeline_id#24264, ingestion_timestamp#24265, updation_timestamp#24266, product_id#24267, product_name#24268, category#24269, brand#24270, price#24271, created_date#24272, modified_date#24273, _ingestion_job_id#24274, _source_table#24275, _ingestion_pipeline_id#24276, ingestion_timestamp#24277, updation_timestamp#24278, product_key#24279L, ... 3 more fields])
      +- Filter (isnotnull(product_id#24267) AND NOT (price#24259 <=> price#24271))
         +- Join LeftOuter, (product_id#24255 = product_id#24267)
            :- SubqueryAlias s
            :  +- Filter (modified_date#24261 >= 2024-12-12 00:00:00)
            :     +- SubqueryAlias catalog_project1.silver.clean_products
            :        +- Relation catalog_project1.silver.clean_products[product_id#24255,product_name#24256,category#24257,brand#24258,price#24259,created_date#24260,modified_date#24261,_ingestion_job_id#24262,_source_table#24263,_ingestion_pipeline_id#24264,ingestion_timestamp#24265,updation_timestamp#24266] parquet
            +- SubqueryAlias d
               +- Filter (is_current#24282 = true)
                  +- SubqueryAlias catalog_project1.gold.dim_products
                     +- Relation catalog_project1.gold.dim_products[product_id#24267,product_name#24268,category#24269,brand#24270,price#24271,created_date#24272,modified_date#24273,_ingestion_job_id#24274,_source_table#24275,_ingestion_pipeline_id#24276,ingestion_timestamp#24277,updation_timestamp#24278,product_key#24279L,effective_from#24280,effective_to#24281,is_current#24282] parquet


JVM stacktrace:
org.apache.spark.sql.catalyst.ExtendedAnalysisException
	at org.apache.spark.sql.errors.QueryCompilationErrors$.unresolvedAttributeError(QueryCompilationErrors.scala:727)
	at org.apache.spark.sql.catalyst.analysis.CheckAnalysis.org$apache$spark$sql$catalyst$analysis$CheckAnalysis$$failUnresolvedAttribute(CheckAnalysis.scala:274)
	at org.apache.spark.sql.catalyst.analysis.CheckAnalysis.$anonfun$checkAnalysis0$18(CheckAnalysis.scala:664)
	at org.apache.spark.sql.catalyst.analysis.CheckAnalysis.$anonfun$checkAnalysis0$18$adapted(CheckAnalysis.scala:649)
	at org.apache.spark.sql.catalyst.analysis.CheckAnalysis.traverse$1(CheckAnalysis.scala:1378)
	at org.apache.spark.sql.catalyst.analysis.CheckAnalysis.foreachUpSkippingSecureView(CheckAnalysis.scala:1380)
	at org.apache.spark.sql.catalyst.analysis.CheckAnalysis.$anonfun$checkAnalysis0$17(CheckAnalysis.scala:649)
	at org.apache.spark.sql.catalyst.analysis.CheckAnalysis.$anonfun$checkAnalysis0$17$adapted(CheckAnalysis.scala:649)
	at scala.collection.IterableOnceOps.foreach(IterableOnce.scala:619)
	at scala.collection.IterableOnceOps.foreach$(IterableOnce.scala:617)
	at scala.collection.AbstractIterable.foreach(Iterable.scala:935)
	at org.apache.spark.sql.catalyst.analysis.CheckAnalysis.$anonfun$checkAnalysis0$2(CheckAnalysis.scala:649)
	at org.apache.spark.sql.catalyst.analysis.CheckAnalysis.$anonfun$checkAnalysis0$2$adapted(CheckAnalysis.scala:410)
	at org.apache.spark.sql.catalyst.trees.TreeNode.foreachUp(TreeNode.scala:392)
	at org.apache.spark.sql.catalyst.analysis.CheckAnalysis.checkAnalysis0(CheckAnalysis.scala:410)
	at org.apache.spark.sql.catalyst.analysis.CheckAnalysis.checkAnalysis0$(CheckAnalysis.scala:377)
	at org.apache.spark.sql.catalyst.analysis.Analyzer.checkAnalysis0(Analyzer.scala:636)
	at org.apache.spark.sql.catalyst.analysis.CheckAnalysis.$anonfun$checkAnalysis$1(CheckAnalysis.scala:362)
	at scala.runtime.java8.JFunction0$mcV$sp.apply(JFunction0$mcV$sp.scala:18)
	at com.databricks.spark.util.FrameProfiler$.$anonfun$record$1(FrameProfiler.scala:114)
	at com.databricks.spark.util.FrameProfilerExporter$.maybeExportFrameProfiler(FrameProfilerExporter.scala:201)
	at com.databricks.spark.util.FrameProfiler$.record(FrameProfiler.scala:105)
	at org.apache.spark.sql.catalyst.analysis.CheckAnalysis.checkAnalysis(CheckAnalysis.scala:349)
	at org.apache.spark.sql.catalyst.analysis.CheckAnalysis.checkAnalysis$(CheckAnalysis.scala:345)
	at org.apache.spark.sql.catalyst.analysis.Analyzer.checkAnalysis(Analyzer.scala:636)
	at org.apache.spark.sql.catalyst.analysis.resolver.HybridAnalyzer.$anonfun$resolveInFixedPoint$1(HybridAnalyzer.scala:417)
	at scala.runtime.java8.JFunction0$mcV$sp.apply(JFunction0$mcV$sp.scala:18)
	at org.apache.spark.sql.catalyst.QueryPlanningTracker$.withTracker(QueryPlanningTracker.scala:275)
	at org.apache.spark.sql.catalyst.analysis.resolver.HybridAnalyzer.resolveInFixedPoint(HybridAnalyzer.scala:417)
	at org.apache.spark.sql.catalyst.analysis.resolver.HybridAnalyzer.$anonfun$apply$1(HybridAnalyzer.scala:98)
	at org.apache.spark.sql.catalyst.analysis.resolver.HybridAnalyzer.withTrackedAnalyzerBridgeState(HybridAnalyzer.scala:135)
	at org.apache.spark.sql.catalyst.analysis.resolver.HybridAnalyzer.apply(HybridAnalyzer.scala:91)
	at org.apache.spark.sql.catalyst.analysis.Analyzer.$anonfun$executeAndCheck$2(Analyzer.scala:703)
	at org.apache.spark.sql.catalyst.plans.logical.AnalysisHelper$.markInAnalyzer(AnalysisHelper.scala:425)
	at org.apache.spark.sql.catalyst.analysis.Analyzer.$anonfun$executeAndCheck$1(Analyzer.scala:703)
	at com.databricks.sql.unity.SAMSnapshotHelper$.visitPlansDuringAnalysis(SAMSnapshotHelper.scala:43)
	at org.apache.spark.sql.catalyst.analysis.Analyzer.executeAndCheck(Analyzer.scala:692)
	at org.apache.spark.sql.execution.QueryExecution.$anonfun$lazyAnalyzed$3(QueryExecution.scala:607)
	at com.databricks.spark.util.FrameProfiler$.$anonfun$record$1(FrameProfiler.scala:114)
	at com.databricks.spark.util.FrameProfilerExporter$.maybeExportFrameProfiler(FrameProfilerExporter.scala:201)
	at com.databricks.spark.util.FrameProfiler$.record(FrameProfiler.scala:105)
	at org.apache.spark.sql.catalyst.QueryPlanningTracker.measurePhase(QueryPlanningTracker.scala:1021)
	at org.apache.spark.sql.execution.QueryExecution.$anonfun$executePhase$8(QueryExecution.scala:1073)
	at org.apache.spark.sql.execution.SQLExecution$.$anonfun$withExecutionPhase$1(SQLExecution.scala:337)
	at com.databricks.util.TracingSpanUtils$.withTracing(TracingSpanUtils.scala:251)
	at com.databricks.spark.util.DatabricksTracingHelper.withSpan(DatabricksSparkTracingHelper.scala:154)
	at com.databricks.spark.util.DBRTracing$.withSpan(DBRTracing.scala:87)
	at org.apache.spark.sql.execution.SQLExecution$.withExecutionPhase(SQLExecution.scala:318)
	at org.apache.spark.sql.execution.QueryExecution.$anonfun$executePhase$7(QueryExecution.scala:1073)
	at org.apache.spark.sql.execution.QueryExecution$.withInternalError(QueryExecution.scala:1822)
	at org.apache.spark.sql.execution.QueryExecution.$anonfun$executePhase$5(QueryExecution.scala:1066)
	at com.databricks.util.LexicalThreadLocal$Handle.runWith(LexicalThreadLocal.scala:63)
	at org.apache.spark.sql.execution.QueryExecution.$anonfun$executePhase$4(QueryExecution.scala:1063)
	at com.databricks.util.LexicalThreadLocal$Handle.runWith(LexicalThreadLocal.scala:63)
	at org.apache.spark.sql.execution.QueryExecution.$anonfun$executePhase$3(QueryExecution.scala:1063)
	at com.databricks.util.LexicalThreadLocal$Handle.runWith(LexicalThreadLocal.scala:63)
	at org.apache.spark.sql.execution.QueryExecution.$anonfun$executePhase$2(QueryExecution.scala:1062)
	at com.databricks.util.LexicalThreadLocal$Handle.runWith(LexicalThreadLocal.scala:63)
	at org.apache.spark.sql.execution.QueryExecution.localBlock$1(QueryExecution.scala:1043)
	at org.apache.spark.sql.execution.QueryExecution.$anonfun$withQueryExecutionId$4(QueryExecution.scala:1053)
	at com.databricks.unity.UCSManager$.withTemporaryScope(UCSManager.scala:168)
	at org.apache.spark.sql.execution.QueryExecution.$anonfun$withQueryExecutionId$3(QueryExecution.scala:1052)
	at org.apache.spark.sql.execution.QueryExecution$.$anonfun$runWithWrappers$2(QueryExecution.scala:2075)
	at org.apache.spark.sql.execution.QueryExecution$.org$apache$spark$sql$execution$QueryExecution$$runWithWrappers(QueryExecution.scala:2074)
	at org.apache.spark.sql.execution.QueryExecution.withQueryExecutionId(QueryExecution.scala:1053)
	at org.apache.spark.sql.execution.QueryExecution.$anonfun$executePhase$1(QueryExecution.scala:1061)
	at org.apache.spark.sql.SparkSession.withActive(SparkSession.scala:866)
	at org.apache.spark.sql.execution.QueryExecution.executePhase(QueryExecution.scala:1060)
	at org.apache.spark.sql.execution.QueryExecution.$anonfun$lazyAnalyzed$2(QueryExecution.scala:598)
	at com.databricks.sql.util.MemoryTrackerHelper.withMemoryTracking(MemoryTrackerHelper.scala:111)
	at org.apache.spark.sql.execution.QueryExecution.$anonfun$lazyAnalyzed$1(QueryExecution.scala:597)
	at scala.util.Try$.apply(Try.scala:217)
	at org.apache.spark.util.Utils$.doTryWithCallerStacktrace(Utils.scala:1796)
	at org.apache.spark.util.Utils$.getTryWithCallerStacktrace(Utils.scala:1846)
	at org.apache.spark.util.LazyTry.get(LazyTry.scala:78)
	at org.apache.spark.sql.execution.QueryExecution.analyzed(QueryExecution.scala:661)
	at org.apache.spark.sql.connect.planner.SparkConnectPlanner.transformDeduplicate(SparkConnectPlanner.scala:2109)
	at org.apache.spark.sql.connect.planner.SparkConnectPlanner.$anonfun$transformRelation$2(SparkConnectPlanner.scala:268)
	at org.apache.spark.sql.connect.service.SessionHolder.$anonfun$usePlanCache$15(SessionHolder.scala:1131)
	at org.apache.spark.sql.connect.service.SessionHolder.measureSubtreeRelationNodes(SessionHolder.scala:1151)
	at org.apache.spark.sql.connect.service.SessionHolder.$anonfun$usePlanCache$14(SessionHolder.scala:1130)
	at org.apache.spark.sql.connect.utils.TimingUtils$.withTiming(TimingUtils.scala:35)
	at org.apache.spark.sql.connect.service.SessionHolder.$anonfun$usePlanCache$11(SessionHolder.scala:1130)
	at scala.Option.getOrElse(Option.scala:201)
	at org.apache.spark.sql.connect.service.SessionHolder.usePlanCache(SessionHolder.scala:1122)
	at org.apache.spark.sql.connect.planner.SparkConnectPlanner.$anonfun$transformRelation$1(SparkConnectPlanner.scala:252)
	at scala.Option.getOrElse(Option.scala:201)
	at org.apache.spark.sql.connect.planner.SparkConnectPlanner.transformRelation(SparkConnectPlanner.scala:252)
	at org.apache.spark.sql.connect.execution.SparkConnectPlanExecution.handlePlan(SparkConnectPlanExecution.scala:116)
	at org.apache.spark.sql.connect.execution.ExecuteThreadRunner.handlePlan(ExecuteThreadRunner.scala:522)
	at org.apache.spark.sql.connect.execution.ExecuteThreadRunner.$anonfun$executeInternal$1(ExecuteThreadRunner.scala:421)
	at org.apache.spark.sql.connect.execution.ExecuteThreadRunner.$anonfun$executeInternal$1$adapted(ExecuteThreadRunner.scala:340)
	at org.apache.spark.sql.connect.service.SessionHolder.$anonfun$withSession$2(SessionHolder.scala:844)
	at org.apache.spark.sql.SparkSession.withActive(SparkSession.scala:866)
	at org.apache.spark.sql.connect.service.SessionHolder.$anonfun$withSession$1(SessionHolder.scala:844)
	at org.apache.spark.JobArtifactSet$.withActiveJobArtifactState(JobArtifactSet.scala:97)
	at org.apache.spark.sql.artifact.ArtifactManager.$anonfun$withResources$1(ArtifactManager.scala:124)
	at org.apache.spark.sql.artifact.ArtifactManager.withClassLoaderIfNeeded(ArtifactManager.scala:118)
	at org.apache.spark.sql.artifact.ArtifactManager.withResources(ArtifactManager.scala:123)
	at org.apache.spark.sql.connect.service.SessionHolder.withSession(SessionHolder.scala:843)
	at org.apache.spark.sql.connect.execution.ExecuteThreadRunner.executeInternal(ExecuteThreadRunner.scala:340)
	at org.apache.spark.sql.connect.execution.ExecuteThreadRunner.$anonfun$execute$1(ExecuteThreadRunner.scala:200)
	at scala.runtime.java8.JFunction0$mcV$sp.apply(JFunction0$mcV$sp.scala:18)
	at com.databricks.spark.connect.service.UtilizationMetrics.recordActiveQueries(UtilizationMetrics.scala:92)
	at com.databricks.spark.connect.service.UtilizationMetrics.recordActiveQueries$(UtilizationMetrics.scala:89)
	at org.apache.spark.sql.connect.execution.ExecuteThreadRunner.recordActiveQueries(ExecuteThreadRunner.scala:61)
	at org.apache.spark.sql.connect.execution.ExecuteThreadRunner.org$apache$spark$sql$connect$execution$ExecuteThreadRunner$$execute(ExecuteThreadRunner.scala:192)
	at org.apache.spark.sql.connect.execution.ExecuteThreadRunner$ExecutionThread.$anonfun$run$3(ExecuteThreadRunner.scala:601)
	at scala.runtime.java8.JFunction0$mcV$sp.apply(JFunction0$mcV$sp.scala:18)
	at com.databricks.spark.util.DBRTracing$.withSpanFromParent(DBRTracing.scala:70)
	at org.apache.spark.sql.connect.execution.ExecuteThreadRunner$ExecutionThread.$anonfun$run$2(ExecuteThreadRunner.scala:601)
	at scala.runtime.java8.JFunction0$mcV$sp.apply(JFunction0$mcV$sp.scala:18)
	at com.databricks.unity.UCSEphemeralState$Handle.runWith(UCSEphemeralState.scala:51)
	at com.databricks.unity.HandleImpl.runWith(UCSHandle.scala:128)
	at com.databricks.unity.HandleImpl.$anonfun$runWithAndClose$1(UCSHandle.scala:133)
	at scala.util.Using$.resource(Using.scala:296)
	at com.databricks.unity.HandleImpl.runWithAndClose(UCSHandle.scala:132)
	at org.apache.spark.sql.connect.execution.ExecuteThreadRunner$ExecutionThread.run(ExecuteThreadRunner.scala:600)
Traceback (most recent call last):
  File "/Workspace/Users/krishnasumanbhaipatel@gmail.com/Practice Folder/lakehouse-practice-project/src/reporting/gold.py", line 170, in create_gold_table
    expire_keys = [str(r[f"d.{surrogate_key}"]) for r in expire_keys_df.collect()]
                                                         ^^^^^^^^^^^^^^^^^^^^^^^^
  File "/databricks/python/lib/python3.12/site-packages/pyspark/sql/connect/dataframe.py", line 1846, in collect
    table, schema = self._to_table()
                    ^^^^^^^^^^^^^^^^
  File "/databricks/python/lib/python3.12/site-packages/pyspark/sql/connect/dataframe.py", line 1930, in _to_table
    table, schema, self._execution_info = self._session.client.to_table(
                                          ^^^^^^^^^^^^^^^^^^^^^^^^^^^^^^
  File "/databricks/python/lib/python3.12/site-packages/pyspark/sql/connect/client/core.py", line 1273, in to_table
    table, schema, metrics, observed_metrics, _ = self._execute_and_fetch(req, observations)
                                                  ^^^^^^^^^^^^^^^^^^^^^^^^^^^^^^^^^^^^^^^^^^
  File "/databricks/python/lib/python3.12/site-packages/pyspark/sql/connect/client/core.py", line 2086, in _execute_and_fetch
    for response in self._execute_and_fetch_as_iterator(
  File "/databricks/python/lib/python3.12/site-packages/pyspark/sql/connect/client/core.py", line 2062, in _execute_and_fetch_as_iterator
    self._handle_error(error)
  File "/databricks/python/lib/python3.12/site-packages/pyspark/sql/connect/client/core.py", line 2380, in _handle_error
    self._handle_rpc_error(error)
  File "/databricks/python/lib/python3.12/site-packages/pyspark/sql/connect/client/core.py", line 2458, in _handle_rpc_error
    raise convert_exception(
pyspark.errors.exceptions.connect.AnalysisException: [UNRESOLVED_COLUMN.WITH_SUGGESTION] A column, variable, or function parameter with name `d.product_key` cannot be resolved. Did you mean one of the following? [`product_key`, `product_id`, `product_id`, `product_name`, `product_name`]. SQLSTATE: 42703;
'Project ['`d.product_key`]
+- SubqueryAlias scd2_changes_3e4d77cd_a5a4_4978_958d_3c38071bc977
   +- View (`scd2_changes_3e4d77cd_a5a4_4978_958d_3c38071bc977`, [product_id#24255, product_name#24256, category#24257, brand#24258, price#24259, created_date#24260, modified_date#24261, _ingestion_job_id#24262, _source_table#24263, _ingestion_pipeline_id#24264, ingestion_timestamp#24265, updation_timestamp#24266, product_id#24267, product_name#24268, category#24269, brand#24270, price#24271, created_date#24272, modified_date#24273, _ingestion_job_id#24274, _source_table#24275, _ingestion_pipeline_id#24276, ingestion_timestamp#24277, updation_timestamp#24278, product_key#24279L, ... 3 more fields])
      +- Filter (isnotnull(product_id#24267) AND NOT (price#24259 <=> price#24271))
         +- Join LeftOuter, (product_id#24255 = product_id#24267)
            :- SubqueryAlias s
            :  +- Filter (modified_date#24261 >= 2024-12-12 00:00:00)
            :     +- SubqueryAlias catalog_project1.silver.clean_products
            :        +- Relation catalog_project1.silver.clean_products[product_id#24255,product_name#24256,category#24257,brand#24258,price#24259,created_date#24260,modified_date#24261,_ingestion_job_id#24262,_source_table#24263,_ingestion_pipeline_id#24264,ingestion_timestamp#24265,updation_timestamp#24266] parquet
            +- SubqueryAlias d
               +- Filter (is_current#24282 = true)
                  +- SubqueryAlias catalog_project1.gold.dim_products
                     +- Relation catalog_project1.gold.dim_products[product_id#24267,product_name#24268,category#24269,brand#24270,price#24271,created_date#24272,modified_date#24273,_ingestion_job_id#24274,_source_table#24275,_ingestion_pipeline_id#24276,ingestion_timestamp#24277,updation_timestamp#24278,product_key#24279L,effective_from#24280,effective_to#24281,is_current#24282] parquet


JVM stacktrace:
org.apache.spark.sql.catalyst.ExtendedAnalysisException
	at org.apache.spark.sql.errors.QueryCompilationErrors$.unresolvedAttributeError(QueryCompilationErrors.scala:727)
	at org.apache.spark.sql.catalyst.analysis.CheckAnalysis.org$apache$spark$sql$catalyst$analysis$CheckAnalysis$$failUnresolvedAttribute(CheckAnalysis.scala:274)
	at org.apache.spark.sql.catalyst.analysis.CheckAnalysis.$anonfun$checkAnalysis0$18(CheckAnalysis.scala:664)
	at org.apache.spark.sql.catalyst.analysis.CheckAnalysis.$anonfun$checkAnalysis0$18$adapted(CheckAnalysis.scala:649)
	at org.apache.spark.sql.catalyst.analysis.CheckAnalysis.traverse$1(CheckAnalysis.scala:1378)
	at org.apache.spark.sql.catalyst.analysis.CheckAnalysis.foreachUpSkippingSecureView(CheckAnalysis.scala:1380)
	at org.apache.spark.sql.catalyst.analysis.CheckAnalysis.$anonfun$checkAnalysis0$17(CheckAnalysis.scala:649)
	at org.apache.spark.sql.catalyst.analysis.CheckAnalysis.$anonfun$checkAnalysis0$17$adapted(CheckAnalysis.scala:649)
	at scala.collection.IterableOnceOps.foreach(IterableOnce.scala:619)
	at scala.collection.IterableOnceOps.foreach$(IterableOnce.scala:617)
	at scala.collection.AbstractIterable.foreach(Iterable.scala:935)
	at org.apache.spark.sql.catalyst.analysis.CheckAnalysis.$anonfun$checkAnalysis0$2(CheckAnalysis.scala:649)
	at org.apache.spark.sql.catalyst.analysis.CheckAnalysis.$anonfun$checkAnalysis0$2$adapted(CheckAnalysis.scala:410)
	at org.apache.spark.sql.catalyst.trees.TreeNode.foreachUp(TreeNode.scala:392)
	at org.apache.spark.sql.catalyst.analysis.CheckAnalysis.checkAnalysis0(CheckAnalysis.scala:410)
	at org.apache.spark.sql.catalyst.analysis.CheckAnalysis.checkAnalysis0$(CheckAnalysis.scala:377)
	at org.apache.spark.sql.catalyst.analysis.Analyzer.checkAnalysis0(Analyzer.scala:636)
	at org.apache.spark.sql.catalyst.analysis.CheckAnalysis.$anonfun$checkAnalysis$1(CheckAnalysis.scala:362)
	at scala.runtime.java8.JFunction0$mcV$sp.apply(JFunction0$mcV$sp.scala:18)
	at com.databricks.spark.util.FrameProfiler$.$anonfun$record$1(FrameProfiler.scala:114)
	at com.databricks.spark.util.FrameProfilerExporter$.maybeExportFrameProfiler(FrameProfilerExporter.scala:201)
	at com.databricks.spark.util.FrameProfiler$.record(FrameProfiler.scala:105)
	at org.apache.spark.sql.catalyst.analysis.CheckAnalysis.checkAnalysis(CheckAnalysis.scala:349)
	at org.apache.spark.sql.catalyst.analysis.CheckAnalysis.checkAnalysis$(CheckAnalysis.scala:345)
	at org.apache.spark.sql.catalyst.analysis.Analyzer.checkAnalysis(Analyzer.scala:636)
	at org.apache.spark.sql.catalyst.analysis.resolver.HybridAnalyzer.$anonfun$resolveInFixedPoint$1(HybridAnalyzer.scala:417)
	at scala.runtime.java8.JFunction0$mcV$sp.apply(JFunction0$mcV$sp.scala:18)
	at org.apache.spark.sql.catalyst.QueryPlanningTracker$.withTracker(QueryPlanningTracker.scala:275)
	at org.apache.spark.sql.catalyst.analysis.resolver.HybridAnalyzer.resolveInFixedPoint(HybridAnalyzer.scala:417)
	at org.apache.spark.sql.catalyst.analysis.resolver.HybridAnalyzer.$anonfun$apply$1(HybridAnalyzer.scala:98)
	at org.apache.spark.sql.catalyst.analysis.resolver.HybridAnalyzer.withTrackedAnalyzerBridgeState(HybridAnalyzer.scala:135)
	at org.apache.spark.sql.catalyst.analysis.resolver.HybridAnalyzer.apply(HybridAnalyzer.scala:91)
	at org.apache.spark.sql.catalyst.analysis.Analyzer.$anonfun$executeAndCheck$2(Analyzer.scala:703)
	at org.apache.spark.sql.catalyst.plans.logical.AnalysisHelper$.markInAnalyzer(AnalysisHelper.scala:425)
	at org.apache.spark.sql.catalyst.analysis.Analyzer.$anonfun$executeAndCheck$1(Analyzer.scala:703)
	at com.databricks.sql.unity.SAMSnapshotHelper$.visitPlansDuringAnalysis(SAMSnapshotHelper.scala:43)
	at org.apache.spark.sql.catalyst.analysis.Analyzer.executeAndCheck(Analyzer.scala:692)
	at org.apache.spark.sql.execution.QueryExecution.$anonfun$lazyAnalyzed$3(QueryExecution.scala:607)
	at com.databricks.spark.util.FrameProfiler$.$anonfun$record$1(FrameProfiler.scala:114)
	at com.databricks.spark.util.FrameProfilerExporter$.maybeExportFrameProfiler(FrameProfilerExporter.scala:201)
	at com.databricks.spark.util.FrameProfiler$.record(FrameProfiler.scala:105)
	at org.apache.spark.sql.catalyst.QueryPlanningTracker.measurePhase(QueryPlanningTracker.scala:1021)
	at org.apache.spark.sql.execution.QueryExecution.$anonfun$executePhase$8(QueryExecution.scala:1073)
	at org.apache.spark.sql.execution.SQLExecution$.$anonfun$withExecutionPhase$1(SQLExecution.scala:337)
	at com.databricks.util.TracingSpanUtils$.withTracing(TracingSpanUtils.scala:251)
	at com.databricks.spark.util.DatabricksTracingHelper.withSpan(DatabricksSparkTracingHelper.scala:154)
	at com.databricks.spark.util.DBRTracing$.withSpan(DBRTracing.scala:87)
	at org.apache.spark.sql.execution.SQLExecution$.withExecutionPhase(SQLExecution.scala:318)
	at org.apache.spark.sql.execution.QueryExecution.$anonfun$executePhase$7(QueryExecution.scala:1073)
	at org.apache.spark.sql.execution.QueryExecution$.withInternalError(QueryExecution.scala:1822)
	at org.apache.spark.sql.execution.QueryExecution.$anonfun$executePhase$5(QueryExecution.scala:1066)
	at com.databricks.util.LexicalThreadLocal$Handle.runWith(LexicalThreadLocal.scala:63)
	at org.apache.spark.sql.execution.QueryExecution.$anonfun$executePhase$4(QueryExecution.scala:1063)
	at com.databricks.util.LexicalThreadLocal$Handle.runWith(LexicalThreadLocal.scala:63)
	at org.apache.spark.sql.execution.QueryExecution.$anonfun$executePhase$3(QueryExecution.scala:1063)
	at com.databricks.util.LexicalThreadLocal$Handle.runWith(LexicalThreadLocal.scala:63)
	at org.apache.spark.sql.execution.QueryExecution.$anonfun$executePhase$2(QueryExecution.scala:1062)
	at com.databricks.util.LexicalThreadLocal$Handle.runWith(LexicalThreadLocal.scala:63)
	at org.apache.spark.sql.execution.QueryExecution.localBlock$1(QueryExecution.scala:1043)
	at org.apache.spark.sql.execution.QueryExecution.$anonfun$withQueryExecutionId$4(QueryExecution.scala:1053)
	at com.databricks.unity.UCSManager$.withTemporaryScope(UCSManager.scala:168)
	at org.apache.spark.sql.execution.QueryExecution.$anonfun$withQueryExecutionId$3(QueryExecution.scala:1052)
	at org.apache.spark.sql.execution.QueryExecution$.$anonfun$runWithWrappers$2(QueryExecution.scala:2075)
	at org.apache.spark.sql.execution.QueryExecution$.org$apache$spark$sql$execution$QueryExecution$$runWithWrappers(QueryExecution.scala:2074)
	at org.apache.spark.sql.execution.QueryExecution.withQueryExecutionId(QueryExecution.scala:1053)
	at org.apache.spark.sql.execution.QueryExecution.$anonfun$executePhase$1(QueryExecution.scala:1061)
	at org.apache.spark.sql.SparkSession.withActive(SparkSession.scala:866)
	at org.apache.spark.sql.execution.QueryExecution.executePhase(QueryExecution.scala:1060)
	at org.apache.spark.sql.execution.QueryExecution.$anonfun$lazyAnalyzed$2(QueryExecution.scala:598)
	at com.databricks.sql.util.MemoryTrackerHelper.withMemoryTracking(MemoryTrackerHelper.scala:111)
	at org.apache.spark.sql.execution.QueryExecution.$anonfun$lazyAnalyzed$1(QueryExecution.scala:597)
	at scala.util.Try$.apply(Try.scala:217)
	at org.apache.spark.util.Utils$.doTryWithCallerStacktrace(Utils.scala:1796)
	at org.apache.spark.util.Utils$.getTryWithCallerStacktrace(Utils.scala:1846)
	at org.apache.spark.util.LazyTry.get(LazyTry.scala:78)
	at org.apache.spark.sql.execution.QueryExecution.analyzed(QueryExecution.scala:661)
	at org.apache.spark.sql.connect.planner.SparkConnectPlanner.transformDeduplicate(SparkConnectPlanner.scala:2109)
	at org.apache.spark.sql.connect.planner.SparkConnectPlanner.$anonfun$transformRelation$2(SparkConnectPlanner.scala:268)
	at org.apache.spark.sql.connect.service.SessionHolder.$anonfun$usePlanCache$15(SessionHolder.scala:1131)
	at org.apache.spark.sql.connect.service.SessionHolder.measureSubtreeRelationNodes(SessionHolder.scala:1151)
	at org.apache.spark.sql.connect.service.SessionHolder.$anonfun$usePlanCache$14(SessionHolder.scala:1130)
	at org.apache.spark.sql.connect.utils.TimingUtils$.withTiming(TimingUtils.scala:35)
	at org.apache.spark.sql.connect.service.SessionHolder.$anonfun$usePlanCache$11(SessionHolder.scala:1130)
	at scala.Option.getOrElse(Option.scala:201)
	at org.apache.spark.sql.connect.service.SessionHolder.usePlanCache(SessionHolder.scala:1122)
	at org.apache.spark.sql.connect.planner.SparkConnectPlanner.$anonfun$transformRelation$1(SparkConnectPlanner.scala:252)
	at scala.Option.getOrElse(Option.scala:201)
	at org.apache.spark.sql.connect.planner.SparkConnectPlanner.transformRelation(SparkConnectPlanner.scala:252)
	at org.apache.spark.sql.connect.execution.SparkConnectPlanExecution.handlePlan(SparkConnectPlanExecution.scala:116)
	at org.apache.spark.sql.connect.execution.ExecuteThreadRunner.handlePlan(ExecuteThreadRunner.scala:522)
	at org.apache.spark.sql.connect.execution.ExecuteThreadRunner.$anonfun$executeInternal$1(ExecuteThreadRunner.scala:421)
	at org.apache.spark.sql.connect.execution.ExecuteThreadRunner.$anonfun$executeInternal$1$adapted(ExecuteThreadRunner.scala:340)
	at org.apache.spark.sql.connect.service.SessionHolder.$anonfun$withSession$2(SessionHolder.scala:844)
	at org.apache.spark.sql.SparkSession.withActive(SparkSession.scala:866)
	at org.apache.spark.sql.connect.service.SessionHolder.$anonfun$withSession$1(SessionHolder.scala:844)
	at org.apache.spark.JobArtifactSet$.withActiveJobArtifactState(JobArtifactSet.scala:97)
	at org.apache.spark.sql.artifact.ArtifactManager.$anonfun$withResources$1(ArtifactManager.scala:124)
	at org.apache.spark.sql.artifact.ArtifactManager.withClassLoaderIfNeeded(ArtifactManager.scala:118)
	at org.apache.spark.sql.artifact.ArtifactManager.withResources(ArtifactManager.scala:123)
	at org.apache.spark.sql.connect.service.SessionHolder.withSession(SessionHolder.scala:843)
	at org.apache.spark.sql.connect.execution.ExecuteThreadRunner.executeInternal(ExecuteThreadRunner.scala:340)
	at org.apache.spark.sql.connect.execution.ExecuteThreadRunner.$anonfun$execute$1(ExecuteThreadRunner.scala:200)
	at scala.runtime.java8.JFunction0$mcV$sp.apply(JFunction0$mcV$sp.scala:18)
	at com.databricks.spark.connect.service.UtilizationMetrics.recordActiveQueries(UtilizationMetrics.scala:92)
	at com.databricks.spark.connect.service.UtilizationMetrics.recordActiveQueries$(UtilizationMetrics.scala:89)
	at org.apache.spark.sql.connect.execution.ExecuteThreadRunner.recordActiveQueries(ExecuteThreadRunner.scala:61)
	at org.apache.spark.sql.connect.execution.ExecuteThreadRunner.org$apache$spark$sql$connect$execution$ExecuteThreadRunner$$execute(ExecuteThreadRunner.scala:192)
	at org.apache.spark.sql.connect.execution.ExecuteThreadRunner$ExecutionThread.$anonfun$run$3(ExecuteThreadRunner.scala:601)
	at scala.runtime.java8.JFunction0$mcV$sp.apply(JFunction0$mcV$sp.scala:18)
	at com.databricks.spark.util.DBRTracing$.withSpanFromParent(DBRTracing.scala:70)
	at org.apache.spark.sql.connect.execution.ExecuteThreadRunner$ExecutionThread.$anonfun$run$2(ExecuteThreadRunner.scala:601)
	at scala.runtime.java8.JFunction0$mcV$sp.apply(JFunction0$mcV$sp.scala:18)
	at com.databricks.unity.UCSEphemeralState$Handle.runWith(UCSEphemeralState.scala:51)
	at com.databricks.unity.HandleImpl.runWith(UCSHandle.scala:128)
	at com.databricks.unity.HandleImpl.$anonfun$runWithAndClose$1(UCSHandle.scala:133)
	at scala.util.Using$.resource(Using.scala:296)
	at com.databricks.unity.HandleImpl.runWithAndClose(UCSHandle.scala:132)
	at org.apache.spark.sql.connect.execution.ExecuteThreadRunner$ExecutionThread.run(ExecuteThreadRunner.scala:600)
2026-08-10 06:04:06,834 | INFO     | gold.dim_products | Audit for catalog_project1.gold.dim_products is written successfully
2026-08-10 06:06:15,452 | INFO     | gold.dim_products | Logging to file: /Workspace/Users/krishnasumanbhaipatel@gmail.com/Practice Folder/lakehouse-practice-project/logs/gold_dim_products_20260810.log
2026-08-10 06:06:15,453 | INFO     | gold.dim_products | Starting Gold pipeline at 2026-08-10 06:06:15.424134
2026-08-10 06:06:16,549 | INFO     | gold.dim_products | Read 1 records from catalog_project1.silver.clean_products table
2026-08-10 06:06:16,779 | INFO     | gold.dim_products | Incremental load from catalog_project1.silver.clean_products table
2026-08-10 06:06:19,157 | ERROR    | gold.dim_products | gold_pipeline failed: [UNRESOLVED_COLUMN.WITH_SUGGESTION] A column, variable, or function parameter with name `s`.`product_key` cannot be resolved. Did you mean one of the following? [`scd2_changes_9f582a45_98fc_4146_849d_a157cf38f24c`.`product_key`, `scd2_changes_9f582a45_98fc_4146_849d_a157cf38f24c`.`product_id`, `scd2_changes_9f582a45_98fc_4146_849d_a157cf38f24c`.`product_id`, `scd2_changes_9f582a45_98fc_4146_849d_a157cf38f24c`.`price`, `scd2_changes_9f582a45_98fc_4146_849d_a157cf38f24c`.`price`]. SQLSTATE: 42703;
'Project ['s.product_key]
+- SubqueryAlias scd2_changes_9f582a45_98fc_4146_849d_a157cf38f24c
   +- View (`scd2_changes_9f582a45_98fc_4146_849d_a157cf38f24c`, [product_id#25529, product_name#25530, category#25531, brand#25532, price#25533, created_date#25534, modified_date#25535, _ingestion_job_id#25536, _source_table#25537, _ingestion_pipeline_id#25538, ingestion_timestamp#25539, updation_timestamp#25540, product_id#25557, product_name#25558, category#25559, brand#25560, price#25561, created_date#25562, modified_date#25563, _ingestion_job_id#25564, _source_table#25565, _ingestion_pipeline_id#25566, ingestion_timestamp#25567, updation_timestamp#25568, product_key#25569L, ... 3 more fields])
      +- Filter (isnotnull(product_id#25557) AND NOT (price#25533 <=> price#25561))
         +- Join LeftOuter, (product_id#25529 = product_id#25557)
            :- SubqueryAlias s
            :  +- Filter (modified_date#25535 >= 2024-12-12 00:00:00)
            :     +- SubqueryAlias catalog_project1.silver.clean_products
            :        +- Relation catalog_project1.silver.clean_products[product_id#25529,product_name#25530,category#25531,brand#25532,price#25533,created_date#25534,modified_date#25535,_ingestion_job_id#25536,_source_table#25537,_ingestion_pipeline_id#25538,ingestion_timestamp#25539,updation_timestamp#25540] parquet
            +- SubqueryAlias d
               +- Filter (is_current#25572 = true)
                  +- SubqueryAlias catalog_project1.gold.dim_products
                     +- Relation catalog_project1.gold.dim_products[product_id#25557,product_name#25558,category#25559,brand#25560,price#25561,created_date#25562,modified_date#25563,_ingestion_job_id#25564,_source_table#25565,_ingestion_pipeline_id#25566,ingestion_timestamp#25567,updation_timestamp#25568,product_key#25569L,effective_from#25570,effective_to#25571,is_current#25572] parquet


JVM stacktrace:
org.apache.spark.sql.catalyst.ExtendedAnalysisException
	at org.apache.spark.sql.errors.QueryCompilationErrors$.unresolvedAttributeError(QueryCompilationErrors.scala:727)
	at org.apache.spark.sql.catalyst.analysis.CheckAnalysis.org$apache$spark$sql$catalyst$analysis$CheckAnalysis$$failUnresolvedAttribute(CheckAnalysis.scala:274)
	at org.apache.spark.sql.catalyst.analysis.CheckAnalysis.$anonfun$checkAnalysis0$18(CheckAnalysis.scala:664)
	at org.apache.spark.sql.catalyst.analysis.CheckAnalysis.$anonfun$checkAnalysis0$18$adapted(CheckAnalysis.scala:649)
	at org.apache.spark.sql.catalyst.analysis.CheckAnalysis.traverse$1(CheckAnalysis.scala:1378)
	at org.apache.spark.sql.catalyst.analysis.CheckAnalysis.foreachUpSkippingSecureView(CheckAnalysis.scala:1380)
	at org.apache.spark.sql.catalyst.analysis.CheckAnalysis.$anonfun$checkAnalysis0$17(CheckAnalysis.scala:649)
	at org.apache.spark.sql.catalyst.analysis.CheckAnalysis.$anonfun$checkAnalysis0$17$adapted(CheckAnalysis.scala:649)
	at scala.collection.IterableOnceOps.foreach(IterableOnce.scala:619)
	at scala.collection.IterableOnceOps.foreach$(IterableOnce.scala:617)
	at scala.collection.AbstractIterable.foreach(Iterable.scala:935)
	at org.apache.spark.sql.catalyst.analysis.CheckAnalysis.$anonfun$checkAnalysis0$2(CheckAnalysis.scala:649)
	at org.apache.spark.sql.catalyst.analysis.CheckAnalysis.$anonfun$checkAnalysis0$2$adapted(CheckAnalysis.scala:410)
	at org.apache.spark.sql.catalyst.trees.TreeNode.foreachUp(TreeNode.scala:392)
	at org.apache.spark.sql.catalyst.analysis.CheckAnalysis.checkAnalysis0(CheckAnalysis.scala:410)
	at org.apache.spark.sql.catalyst.analysis.CheckAnalysis.checkAnalysis0$(CheckAnalysis.scala:377)
	at org.apache.spark.sql.catalyst.analysis.Analyzer.checkAnalysis0(Analyzer.scala:636)
	at org.apache.spark.sql.catalyst.analysis.CheckAnalysis.$anonfun$checkAnalysis$1(CheckAnalysis.scala:362)
	at scala.runtime.java8.JFunction0$mcV$sp.apply(JFunction0$mcV$sp.scala:18)
	at com.databricks.spark.util.FrameProfiler$.$anonfun$record$1(FrameProfiler.scala:114)
	at com.databricks.spark.util.FrameProfilerExporter$.maybeExportFrameProfiler(FrameProfilerExporter.scala:201)
	at com.databricks.spark.util.FrameProfiler$.record(FrameProfiler.scala:105)
	at org.apache.spark.sql.catalyst.analysis.CheckAnalysis.checkAnalysis(CheckAnalysis.scala:349)
	at org.apache.spark.sql.catalyst.analysis.CheckAnalysis.checkAnalysis$(CheckAnalysis.scala:345)
	at org.apache.spark.sql.catalyst.analysis.Analyzer.checkAnalysis(Analyzer.scala:636)
	at org.apache.spark.sql.catalyst.analysis.resolver.HybridAnalyzer.$anonfun$resolveInFixedPoint$1(HybridAnalyzer.scala:417)
	at scala.runtime.java8.JFunction0$mcV$sp.apply(JFunction0$mcV$sp.scala:18)
	at org.apache.spark.sql.catalyst.QueryPlanningTracker$.withTracker(QueryPlanningTracker.scala:275)
	at org.apache.spark.sql.catalyst.analysis.resolver.HybridAnalyzer.resolveInFixedPoint(HybridAnalyzer.scala:417)
	at org.apache.spark.sql.catalyst.analysis.resolver.HybridAnalyzer.$anonfun$apply$1(HybridAnalyzer.scala:98)
	at org.apache.spark.sql.catalyst.analysis.resolver.HybridAnalyzer.withTrackedAnalyzerBridgeState(HybridAnalyzer.scala:135)
	at org.apache.spark.sql.catalyst.analysis.resolver.HybridAnalyzer.apply(HybridAnalyzer.scala:91)
	at org.apache.spark.sql.catalyst.analysis.Analyzer.$anonfun$executeAndCheck$2(Analyzer.scala:703)
	at org.apache.spark.sql.catalyst.plans.logical.AnalysisHelper$.markInAnalyzer(AnalysisHelper.scala:425)
	at org.apache.spark.sql.catalyst.analysis.Analyzer.$anonfun$executeAndCheck$1(Analyzer.scala:703)
	at com.databricks.sql.unity.SAMSnapshotHelper$.visitPlansDuringAnalysis(SAMSnapshotHelper.scala:43)
	at org.apache.spark.sql.catalyst.analysis.Analyzer.executeAndCheck(Analyzer.scala:692)
	at org.apache.spark.sql.execution.QueryExecution.$anonfun$lazyAnalyzed$3(QueryExecution.scala:607)
	at com.databricks.spark.util.FrameProfiler$.$anonfun$record$1(FrameProfiler.scala:114)
	at com.databricks.spark.util.FrameProfilerExporter$.maybeExportFrameProfiler(FrameProfilerExporter.scala:201)
	at com.databricks.spark.util.FrameProfiler$.record(FrameProfiler.scala:105)
	at org.apache.spark.sql.catalyst.QueryPlanningTracker.measurePhase(QueryPlanningTracker.scala:1021)
	at org.apache.spark.sql.execution.QueryExecution.$anonfun$executePhase$8(QueryExecution.scala:1073)
	at org.apache.spark.sql.execution.SQLExecution$.$anonfun$withExecutionPhase$1(SQLExecution.scala:337)
	at com.databricks.util.TracingSpanUtils$.withTracing(TracingSpanUtils.scala:251)
	at com.databricks.spark.util.DatabricksTracingHelper.withSpan(DatabricksSparkTracingHelper.scala:154)
	at com.databricks.spark.util.DBRTracing$.withSpan(DBRTracing.scala:87)
	at org.apache.spark.sql.execution.SQLExecution$.withExecutionPhase(SQLExecution.scala:318)
	at org.apache.spark.sql.execution.QueryExecution.$anonfun$executePhase$7(QueryExecution.scala:1073)
	at org.apache.spark.sql.execution.QueryExecution$.withInternalError(QueryExecution.scala:1822)
	at org.apache.spark.sql.execution.QueryExecution.$anonfun$executePhase$5(QueryExecution.scala:1066)
	at com.databricks.util.LexicalThreadLocal$Handle.runWith(LexicalThreadLocal.scala:63)
	at org.apache.spark.sql.execution.QueryExecution.$anonfun$executePhase$4(QueryExecution.scala:1063)
	at com.databricks.util.LexicalThreadLocal$Handle.runWith(LexicalThreadLocal.scala:63)
	at org.apache.spark.sql.execution.QueryExecution.$anonfun$executePhase$3(QueryExecution.scala:1063)
	at com.databricks.util.LexicalThreadLocal$Handle.runWith(LexicalThreadLocal.scala:63)
	at org.apache.spark.sql.execution.QueryExecution.$anonfun$executePhase$2(QueryExecution.scala:1062)
	at com.databricks.util.LexicalThreadLocal$Handle.runWith(LexicalThreadLocal.scala:63)
	at org.apache.spark.sql.execution.QueryExecution.localBlock$1(QueryExecution.scala:1043)
	at org.apache.spark.sql.execution.QueryExecution.$anonfun$withQueryExecutionId$4(QueryExecution.scala:1053)
	at com.databricks.unity.UCSManager$.withTemporaryScope(UCSManager.scala:168)
	at org.apache.spark.sql.execution.QueryExecution.$anonfun$withQueryExecutionId$3(QueryExecution.scala:1052)
	at org.apache.spark.sql.execution.QueryExecution$.$anonfun$runWithWrappers$2(QueryExecution.scala:2075)
	at org.apache.spark.sql.execution.QueryExecution$.org$apache$spark$sql$execution$QueryExecution$$runWithWrappers(QueryExecution.scala:2074)
	at org.apache.spark.sql.execution.QueryExecution.withQueryExecutionId(QueryExecution.scala:1053)
	at org.apache.spark.sql.execution.QueryExecution.$anonfun$executePhase$1(QueryExecution.scala:1061)
	at org.apache.spark.sql.SparkSession.withActive(SparkSession.scala:866)
	at org.apache.spark.sql.execution.QueryExecution.executePhase(QueryExecution.scala:1060)
	at org.apache.spark.sql.execution.QueryExecution.$anonfun$lazyAnalyzed$2(QueryExecution.scala:598)
	at com.databricks.sql.util.MemoryTrackerHelper.withMemoryTracking(MemoryTrackerHelper.scala:111)
	at org.apache.spark.sql.execution.QueryExecution.$anonfun$lazyAnalyzed$1(QueryExecution.scala:597)
	at scala.util.Try$.apply(Try.scala:217)
	at org.apache.spark.util.Utils$.doTryWithCallerStacktrace(Utils.scala:1796)
	at org.apache.spark.util.Utils$.getTryWithCallerStacktrace(Utils.scala:1846)
	at org.apache.spark.util.LazyTry.get(LazyTry.scala:78)
	at org.apache.spark.sql.execution.QueryExecution.analyzed(QueryExecution.scala:661)
	at org.apache.spark.sql.connect.planner.SparkConnectPlanner.transformDeduplicate(SparkConnectPlanner.scala:2109)
	at org.apache.spark.sql.connect.planner.SparkConnectPlanner.$anonfun$transformRelation$2(SparkConnectPlanner.scala:268)
	at org.apache.spark.sql.connect.service.SessionHolder.$anonfun$usePlanCache$15(SessionHolder.scala:1131)
	at org.apache.spark.sql.connect.service.SessionHolder.measureSubtreeRelationNodes(SessionHolder.scala:1151)
	at org.apache.spark.sql.connect.service.SessionHolder.$anonfun$usePlanCache$14(SessionHolder.scala:1130)
	at org.apache.spark.sql.connect.utils.TimingUtils$.withTiming(TimingUtils.scala:35)
	at org.apache.spark.sql.connect.service.SessionHolder.$anonfun$usePlanCache$11(SessionHolder.scala:1130)
	at scala.Option.getOrElse(Option.scala:201)
	at org.apache.spark.sql.connect.service.SessionHolder.usePlanCache(SessionHolder.scala:1122)
	at org.apache.spark.sql.connect.planner.SparkConnectPlanner.$anonfun$transformRelation$1(SparkConnectPlanner.scala:252)
	at scala.Option.getOrElse(Option.scala:201)
	at org.apache.spark.sql.connect.planner.SparkConnectPlanner.transformRelation(SparkConnectPlanner.scala:252)
	at org.apache.spark.sql.connect.execution.SparkConnectPlanExecution.handlePlan(SparkConnectPlanExecution.scala:116)
	at org.apache.spark.sql.connect.execution.ExecuteThreadRunner.handlePlan(ExecuteThreadRunner.scala:522)
	at org.apache.spark.sql.connect.execution.ExecuteThreadRunner.$anonfun$executeInternal$1(ExecuteThreadRunner.scala:421)
	at org.apache.spark.sql.connect.execution.ExecuteThreadRunner.$anonfun$executeInternal$1$adapted(ExecuteThreadRunner.scala:340)
	at org.apache.spark.sql.connect.service.SessionHolder.$anonfun$withSession$2(SessionHolder.scala:844)
	at org.apache.spark.sql.SparkSession.withActive(SparkSession.scala:866)
	at org.apache.spark.sql.connect.service.SessionHolder.$anonfun$withSession$1(SessionHolder.scala:844)
	at org.apache.spark.JobArtifactSet$.withActiveJobArtifactState(JobArtifactSet.scala:97)
	at org.apache.spark.sql.artifact.ArtifactManager.$anonfun$withResources$1(ArtifactManager.scala:124)
	at org.apache.spark.sql.artifact.ArtifactManager.withClassLoaderIfNeeded(ArtifactManager.scala:118)
	at org.apache.spark.sql.artifact.ArtifactManager.withResources(ArtifactManager.scala:123)
	at org.apache.spark.sql.connect.service.SessionHolder.withSession(SessionHolder.scala:843)
	at org.apache.spark.sql.connect.execution.ExecuteThreadRunner.executeInternal(ExecuteThreadRunner.scala:340)
	at org.apache.spark.sql.connect.execution.ExecuteThreadRunner.$anonfun$execute$1(ExecuteThreadRunner.scala:200)
	at scala.runtime.java8.JFunction0$mcV$sp.apply(JFunction0$mcV$sp.scala:18)
	at com.databricks.spark.connect.service.UtilizationMetrics.recordActiveQueries(UtilizationMetrics.scala:92)
	at com.databricks.spark.connect.service.UtilizationMetrics.recordActiveQueries$(UtilizationMetrics.scala:89)
	at org.apache.spark.sql.connect.execution.ExecuteThreadRunner.recordActiveQueries(ExecuteThreadRunner.scala:61)
	at org.apache.spark.sql.connect.execution.ExecuteThreadRunner.org$apache$spark$sql$connect$execution$ExecuteThreadRunner$$execute(ExecuteThreadRunner.scala:192)
	at org.apache.spark.sql.connect.execution.ExecuteThreadRunner$ExecutionThread.$anonfun$run$3(ExecuteThreadRunner.scala:601)
	at scala.runtime.java8.JFunction0$mcV$sp.apply(JFunction0$mcV$sp.scala:18)
	at com.databricks.spark.util.DBRTracing$.withSpanFromParent(DBRTracing.scala:70)
	at org.apache.spark.sql.connect.execution.ExecuteThreadRunner$ExecutionThread.$anonfun$run$2(ExecuteThreadRunner.scala:601)
	at scala.runtime.java8.JFunction0$mcV$sp.apply(JFunction0$mcV$sp.scala:18)
	at com.databricks.unity.UCSEphemeralState$Handle.runWith(UCSEphemeralState.scala:51)
	at com.databricks.unity.HandleImpl.runWith(UCSHandle.scala:128)
	at com.databricks.unity.HandleImpl.$anonfun$runWithAndClose$1(UCSHandle.scala:133)
	at scala.util.Using$.resource(Using.scala:296)
	at com.databricks.unity.HandleImpl.runWithAndClose(UCSHandle.scala:132)
	at org.apache.spark.sql.connect.execution.ExecuteThreadRunner$ExecutionThread.run(ExecuteThreadRunner.scala:600)
Traceback (most recent call last):
  File "/Workspace/Users/krishnasumanbhaipatel@gmail.com/Practice Folder/lakehouse-practice-project/src/reporting/gold.py", line 170, in create_gold_table
    expire_keys = [str(r[f"d.{surrogate_key}"]) for r in expire_keys_df.collect()]
                                                         ^^^^^^^^^^^^^^^^^^^^^^^^
  File "/databricks/python/lib/python3.12/site-packages/pyspark/sql/connect/dataframe.py", line 1846, in collect
    table, schema = self._to_table()
                    ^^^^^^^^^^^^^^^^
  File "/databricks/python/lib/python3.12/site-packages/pyspark/sql/connect/dataframe.py", line 1930, in _to_table
    table, schema, self._execution_info = self._session.client.to_table(
                                          ^^^^^^^^^^^^^^^^^^^^^^^^^^^^^^
  File "/databricks/python/lib/python3.12/site-packages/pyspark/sql/connect/client/core.py", line 1273, in to_table
    table, schema, metrics, observed_metrics, _ = self._execute_and_fetch(req, observations)
                                                  ^^^^^^^^^^^^^^^^^^^^^^^^^^^^^^^^^^^^^^^^^^
  File "/databricks/python/lib/python3.12/site-packages/pyspark/sql/connect/client/core.py", line 2086, in _execute_and_fetch
    for response in self._execute_and_fetch_as_iterator(
  File "/databricks/python/lib/python3.12/site-packages/pyspark/sql/connect/client/core.py", line 2062, in _execute_and_fetch_as_iterator
    self._handle_error(error)
  File "/databricks/python/lib/python3.12/site-packages/pyspark/sql/connect/client/core.py", line 2380, in _handle_error
    self._handle_rpc_error(error)
  File "/databricks/python/lib/python3.12/site-packages/pyspark/sql/connect/client/core.py", line 2458, in _handle_rpc_error
    raise convert_exception(
pyspark.errors.exceptions.connect.AnalysisException: [UNRESOLVED_COLUMN.WITH_SUGGESTION] A column, variable, or function parameter with name `s`.`product_key` cannot be resolved. Did you mean one of the following? [`scd2_changes_9f582a45_98fc_4146_849d_a157cf38f24c`.`product_key`, `scd2_changes_9f582a45_98fc_4146_849d_a157cf38f24c`.`product_id`, `scd2_changes_9f582a45_98fc_4146_849d_a157cf38f24c`.`product_id`, `scd2_changes_9f582a45_98fc_4146_849d_a157cf38f24c`.`price`, `scd2_changes_9f582a45_98fc_4146_849d_a157cf38f24c`.`price`]. SQLSTATE: 42703;
'Project ['s.product_key]
+- SubqueryAlias scd2_changes_9f582a45_98fc_4146_849d_a157cf38f24c
   +- View (`scd2_changes_9f582a45_98fc_4146_849d_a157cf38f24c`, [product_id#25529, product_name#25530, category#25531, brand#25532, price#25533, created_date#25534, modified_date#25535, _ingestion_job_id#25536, _source_table#25537, _ingestion_pipeline_id#25538, ingestion_timestamp#25539, updation_timestamp#25540, product_id#25557, product_name#25558, category#25559, brand#25560, price#25561, created_date#25562, modified_date#25563, _ingestion_job_id#25564, _source_table#25565, _ingestion_pipeline_id#25566, ingestion_timestamp#25567, updation_timestamp#25568, product_key#25569L, ... 3 more fields])
      +- Filter (isnotnull(product_id#25557) AND NOT (price#25533 <=> price#25561))
         +- Join LeftOuter, (product_id#25529 = product_id#25557)
            :- SubqueryAlias s
            :  +- Filter (modified_date#25535 >= 2024-12-12 00:00:00)
            :     +- SubqueryAlias catalog_project1.silver.clean_products
            :        +- Relation catalog_project1.silver.clean_products[product_id#25529,product_name#25530,category#25531,brand#25532,price#25533,created_date#25534,modified_date#25535,_ingestion_job_id#25536,_source_table#25537,_ingestion_pipeline_id#25538,ingestion_timestamp#25539,updation_timestamp#25540] parquet
            +- SubqueryAlias d
               +- Filter (is_current#25572 = true)
                  +- SubqueryAlias catalog_project1.gold.dim_products
                     +- Relation catalog_project1.gold.dim_products[product_id#25557,product_name#25558,category#25559,brand#25560,price#25561,created_date#25562,modified_date#25563,_ingestion_job_id#25564,_source_table#25565,_ingestion_pipeline_id#25566,ingestion_timestamp#25567,updation_timestamp#25568,product_key#25569L,effective_from#25570,effective_to#25571,is_current#25572] parquet


JVM stacktrace:
org.apache.spark.sql.catalyst.ExtendedAnalysisException
	at org.apache.spark.sql.errors.QueryCompilationErrors$.unresolvedAttributeError(QueryCompilationErrors.scala:727)
	at org.apache.spark.sql.catalyst.analysis.CheckAnalysis.org$apache$spark$sql$catalyst$analysis$CheckAnalysis$$failUnresolvedAttribute(CheckAnalysis.scala:274)
	at org.apache.spark.sql.catalyst.analysis.CheckAnalysis.$anonfun$checkAnalysis0$18(CheckAnalysis.scala:664)
	at org.apache.spark.sql.catalyst.analysis.CheckAnalysis.$anonfun$checkAnalysis0$18$adapted(CheckAnalysis.scala:649)
	at org.apache.spark.sql.catalyst.analysis.CheckAnalysis.traverse$1(CheckAnalysis.scala:1378)
	at org.apache.spark.sql.catalyst.analysis.CheckAnalysis.foreachUpSkippingSecureView(CheckAnalysis.scala:1380)
	at org.apache.spark.sql.catalyst.analysis.CheckAnalysis.$anonfun$checkAnalysis0$17(CheckAnalysis.scala:649)
	at org.apache.spark.sql.catalyst.analysis.CheckAnalysis.$anonfun$checkAnalysis0$17$adapted(CheckAnalysis.scala:649)
	at scala.collection.IterableOnceOps.foreach(IterableOnce.scala:619)
	at scala.collection.IterableOnceOps.foreach$(IterableOnce.scala:617)
	at scala.collection.AbstractIterable.foreach(Iterable.scala:935)
	at org.apache.spark.sql.catalyst.analysis.CheckAnalysis.$anonfun$checkAnalysis0$2(CheckAnalysis.scala:649)
	at org.apache.spark.sql.catalyst.analysis.CheckAnalysis.$anonfun$checkAnalysis0$2$adapted(CheckAnalysis.scala:410)
	at org.apache.spark.sql.catalyst.trees.TreeNode.foreachUp(TreeNode.scala:392)
	at org.apache.spark.sql.catalyst.analysis.CheckAnalysis.checkAnalysis0(CheckAnalysis.scala:410)
	at org.apache.spark.sql.catalyst.analysis.CheckAnalysis.checkAnalysis0$(CheckAnalysis.scala:377)
	at org.apache.spark.sql.catalyst.analysis.Analyzer.checkAnalysis0(Analyzer.scala:636)
	at org.apache.spark.sql.catalyst.analysis.CheckAnalysis.$anonfun$checkAnalysis$1(CheckAnalysis.scala:362)
	at scala.runtime.java8.JFunction0$mcV$sp.apply(JFunction0$mcV$sp.scala:18)
	at com.databricks.spark.util.FrameProfiler$.$anonfun$record$1(FrameProfiler.scala:114)
	at com.databricks.spark.util.FrameProfilerExporter$.maybeExportFrameProfiler(FrameProfilerExporter.scala:201)
	at com.databricks.spark.util.FrameProfiler$.record(FrameProfiler.scala:105)
	at org.apache.spark.sql.catalyst.analysis.CheckAnalysis.checkAnalysis(CheckAnalysis.scala:349)
	at org.apache.spark.sql.catalyst.analysis.CheckAnalysis.checkAnalysis$(CheckAnalysis.scala:345)
	at org.apache.spark.sql.catalyst.analysis.Analyzer.checkAnalysis(Analyzer.scala:636)
	at org.apache.spark.sql.catalyst.analysis.resolver.HybridAnalyzer.$anonfun$resolveInFixedPoint$1(HybridAnalyzer.scala:417)
	at scala.runtime.java8.JFunction0$mcV$sp.apply(JFunction0$mcV$sp.scala:18)
	at org.apache.spark.sql.catalyst.QueryPlanningTracker$.withTracker(QueryPlanningTracker.scala:275)
	at org.apache.spark.sql.catalyst.analysis.resolver.HybridAnalyzer.resolveInFixedPoint(HybridAnalyzer.scala:417)
	at org.apache.spark.sql.catalyst.analysis.resolver.HybridAnalyzer.$anonfun$apply$1(HybridAnalyzer.scala:98)
	at org.apache.spark.sql.catalyst.analysis.resolver.HybridAnalyzer.withTrackedAnalyzerBridgeState(HybridAnalyzer.scala:135)
	at org.apache.spark.sql.catalyst.analysis.resolver.HybridAnalyzer.apply(HybridAnalyzer.scala:91)
	at org.apache.spark.sql.catalyst.analysis.Analyzer.$anonfun$executeAndCheck$2(Analyzer.scala:703)
	at org.apache.spark.sql.catalyst.plans.logical.AnalysisHelper$.markInAnalyzer(AnalysisHelper.scala:425)
	at org.apache.spark.sql.catalyst.analysis.Analyzer.$anonfun$executeAndCheck$1(Analyzer.scala:703)
	at com.databricks.sql.unity.SAMSnapshotHelper$.visitPlansDuringAnalysis(SAMSnapshotHelper.scala:43)
	at org.apache.spark.sql.catalyst.analysis.Analyzer.executeAndCheck(Analyzer.scala:692)
	at org.apache.spark.sql.execution.QueryExecution.$anonfun$lazyAnalyzed$3(QueryExecution.scala:607)
	at com.databricks.spark.util.FrameProfiler$.$anonfun$record$1(FrameProfiler.scala:114)
	at com.databricks.spark.util.FrameProfilerExporter$.maybeExportFrameProfiler(FrameProfilerExporter.scala:201)
	at com.databricks.spark.util.FrameProfiler$.record(FrameProfiler.scala:105)
	at org.apache.spark.sql.catalyst.QueryPlanningTracker.measurePhase(QueryPlanningTracker.scala:1021)
	at org.apache.spark.sql.execution.QueryExecution.$anonfun$executePhase$8(QueryExecution.scala:1073)
	at org.apache.spark.sql.execution.SQLExecution$.$anonfun$withExecutionPhase$1(SQLExecution.scala:337)
	at com.databricks.util.TracingSpanUtils$.withTracing(TracingSpanUtils.scala:251)
	at com.databricks.spark.util.DatabricksTracingHelper.withSpan(DatabricksSparkTracingHelper.scala:154)
	at com.databricks.spark.util.DBRTracing$.withSpan(DBRTracing.scala:87)
	at org.apache.spark.sql.execution.SQLExecution$.withExecutionPhase(SQLExecution.scala:318)
	at org.apache.spark.sql.execution.QueryExecution.$anonfun$executePhase$7(QueryExecution.scala:1073)
	at org.apache.spark.sql.execution.QueryExecution$.withInternalError(QueryExecution.scala:1822)
	at org.apache.spark.sql.execution.QueryExecution.$anonfun$executePhase$5(QueryExecution.scala:1066)
	at com.databricks.util.LexicalThreadLocal$Handle.runWith(LexicalThreadLocal.scala:63)
	at org.apache.spark.sql.execution.QueryExecution.$anonfun$executePhase$4(QueryExecution.scala:1063)
	at com.databricks.util.LexicalThreadLocal$Handle.runWith(LexicalThreadLocal.scala:63)
	at org.apache.spark.sql.execution.QueryExecution.$anonfun$executePhase$3(QueryExecution.scala:1063)
	at com.databricks.util.LexicalThreadLocal$Handle.runWith(LexicalThreadLocal.scala:63)
	at org.apache.spark.sql.execution.QueryExecution.$anonfun$executePhase$2(QueryExecution.scala:1062)
	at com.databricks.util.LexicalThreadLocal$Handle.runWith(LexicalThreadLocal.scala:63)
	at org.apache.spark.sql.execution.QueryExecution.localBlock$1(QueryExecution.scala:1043)
	at org.apache.spark.sql.execution.QueryExecution.$anonfun$withQueryExecutionId$4(QueryExecution.scala:1053)
	at com.databricks.unity.UCSManager$.withTemporaryScope(UCSManager.scala:168)
	at org.apache.spark.sql.execution.QueryExecution.$anonfun$withQueryExecutionId$3(QueryExecution.scala:1052)
	at org.apache.spark.sql.execution.QueryExecution$.$anonfun$runWithWrappers$2(QueryExecution.scala:2075)
	at org.apache.spark.sql.execution.QueryExecution$.org$apache$spark$sql$execution$QueryExecution$$runWithWrappers(QueryExecution.scala:2074)
	at org.apache.spark.sql.execution.QueryExecution.withQueryExecutionId(QueryExecution.scala:1053)
	at org.apache.spark.sql.execution.QueryExecution.$anonfun$executePhase$1(QueryExecution.scala:1061)
	at org.apache.spark.sql.SparkSession.withActive(SparkSession.scala:866)
	at org.apache.spark.sql.execution.QueryExecution.executePhase(QueryExecution.scala:1060)
	at org.apache.spark.sql.execution.QueryExecution.$anonfun$lazyAnalyzed$2(QueryExecution.scala:598)
	at com.databricks.sql.util.MemoryTrackerHelper.withMemoryTracking(MemoryTrackerHelper.scala:111)
	at org.apache.spark.sql.execution.QueryExecution.$anonfun$lazyAnalyzed$1(QueryExecution.scala:597)
	at scala.util.Try$.apply(Try.scala:217)
	at org.apache.spark.util.Utils$.doTryWithCallerStacktrace(Utils.scala:1796)
	at org.apache.spark.util.Utils$.getTryWithCallerStacktrace(Utils.scala:1846)
	at org.apache.spark.util.LazyTry.get(LazyTry.scala:78)
	at org.apache.spark.sql.execution.QueryExecution.analyzed(QueryExecution.scala:661)
	at org.apache.spark.sql.connect.planner.SparkConnectPlanner.transformDeduplicate(SparkConnectPlanner.scala:2109)
	at org.apache.spark.sql.connect.planner.SparkConnectPlanner.$anonfun$transformRelation$2(SparkConnectPlanner.scala:268)
	at org.apache.spark.sql.connect.service.SessionHolder.$anonfun$usePlanCache$15(SessionHolder.scala:1131)
	at org.apache.spark.sql.connect.service.SessionHolder.measureSubtreeRelationNodes(SessionHolder.scala:1151)
	at org.apache.spark.sql.connect.service.SessionHolder.$anonfun$usePlanCache$14(SessionHolder.scala:1130)
	at org.apache.spark.sql.connect.utils.TimingUtils$.withTiming(TimingUtils.scala:35)
	at org.apache.spark.sql.connect.service.SessionHolder.$anonfun$usePlanCache$11(SessionHolder.scala:1130)
	at scala.Option.getOrElse(Option.scala:201)
	at org.apache.spark.sql.connect.service.SessionHolder.usePlanCache(SessionHolder.scala:1122)
	at org.apache.spark.sql.connect.planner.SparkConnectPlanner.$anonfun$transformRelation$1(SparkConnectPlanner.scala:252)
	at scala.Option.getOrElse(Option.scala:201)
	at org.apache.spark.sql.connect.planner.SparkConnectPlanner.transformRelation(SparkConnectPlanner.scala:252)
	at org.apache.spark.sql.connect.execution.SparkConnectPlanExecution.handlePlan(SparkConnectPlanExecution.scala:116)
	at org.apache.spark.sql.connect.execution.ExecuteThreadRunner.handlePlan(ExecuteThreadRunner.scala:522)
	at org.apache.spark.sql.connect.execution.ExecuteThreadRunner.$anonfun$executeInternal$1(ExecuteThreadRunner.scala:421)
	at org.apache.spark.sql.connect.execution.ExecuteThreadRunner.$anonfun$executeInternal$1$adapted(ExecuteThreadRunner.scala:340)
	at org.apache.spark.sql.connect.service.SessionHolder.$anonfun$withSession$2(SessionHolder.scala:844)
	at org.apache.spark.sql.SparkSession.withActive(SparkSession.scala:866)
	at org.apache.spark.sql.connect.service.SessionHolder.$anonfun$withSession$1(SessionHolder.scala:844)
	at org.apache.spark.JobArtifactSet$.withActiveJobArtifactState(JobArtifactSet.scala:97)
	at org.apache.spark.sql.artifact.ArtifactManager.$anonfun$withResources$1(ArtifactManager.scala:124)
	at org.apache.spark.sql.artifact.ArtifactManager.withClassLoaderIfNeeded(ArtifactManager.scala:118)
	at org.apache.spark.sql.artifact.ArtifactManager.withResources(ArtifactManager.scala:123)
	at org.apache.spark.sql.connect.service.SessionHolder.withSession(SessionHolder.scala:843)
	at org.apache.spark.sql.connect.execution.ExecuteThreadRunner.executeInternal(ExecuteThreadRunner.scala:340)
	at org.apache.spark.sql.connect.execution.ExecuteThreadRunner.$anonfun$execute$1(ExecuteThreadRunner.scala:200)
	at scala.runtime.java8.JFunction0$mcV$sp.apply(JFunction0$mcV$sp.scala:18)
	at com.databricks.spark.connect.service.UtilizationMetrics.recordActiveQueries(UtilizationMetrics.scala:92)
	at com.databricks.spark.connect.service.UtilizationMetrics.recordActiveQueries$(UtilizationMetrics.scala:89)
	at org.apache.spark.sql.connect.execution.ExecuteThreadRunner.recordActiveQueries(ExecuteThreadRunner.scala:61)
	at org.apache.spark.sql.connect.execution.ExecuteThreadRunner.org$apache$spark$sql$connect$execution$ExecuteThreadRunner$$execute(ExecuteThreadRunner.scala:192)
	at org.apache.spark.sql.connect.execution.ExecuteThreadRunner$ExecutionThread.$anonfun$run$3(ExecuteThreadRunner.scala:601)
	at scala.runtime.java8.JFunction0$mcV$sp.apply(JFunction0$mcV$sp.scala:18)
	at com.databricks.spark.util.DBRTracing$.withSpanFromParent(DBRTracing.scala:70)
	at org.apache.spark.sql.connect.execution.ExecuteThreadRunner$ExecutionThread.$anonfun$run$2(ExecuteThreadRunner.scala:601)
	at scala.runtime.java8.JFunction0$mcV$sp.apply(JFunction0$mcV$sp.scala:18)
	at com.databricks.unity.UCSEphemeralState$Handle.runWith(UCSEphemeralState.scala:51)
	at com.databricks.unity.HandleImpl.runWith(UCSHandle.scala:128)
	at com.databricks.unity.HandleImpl.$anonfun$runWithAndClose$1(UCSHandle.scala:133)
	at scala.util.Using$.resource(Using.scala:296)
	at com.databricks.unity.HandleImpl.runWithAndClose(UCSHandle.scala:132)
	at org.apache.spark.sql.connect.execution.ExecuteThreadRunner$ExecutionThread.run(ExecuteThreadRunner.scala:600)
2026-08-10 06:06:20,889 | INFO     | gold.dim_products | Audit for catalog_project1.gold.dim_products is written successfully
2026-08-10 06:09:32,237 | INFO     | gold.dim_products | Logging to file: /Workspace/Users/krishnasumanbhaipatel@gmail.com/Practice Folder/lakehouse-practice-project/logs/gold_dim_products_20260810.log
2026-08-10 06:09:32,240 | INFO     | gold.dim_products | Starting Gold pipeline at 2026-08-10 06:09:32.204691
2026-08-10 06:09:33,323 | INFO     | gold.dim_products | Read 1 records from catalog_project1.silver.clean_products table
2026-08-10 06:09:33,523 | INFO     | gold.dim_products | Incremental load from catalog_project1.silver.clean_products table
2026-08-10 06:09:35,024 | ERROR    | gold.dim_products | gold_pipeline failed: [NOT_SUPPORTED_WITH_SERVERLESS] PERSIST TABLE is not supported on serverless compute. SQLSTATE: 0A000

JVM stacktrace:
org.apache.spark.sql.AnalysisException
	at com.databricks.serverless.ServerlessGCEdgeCheck$.throwError(ServerlessGCEdgeCheck.scala:72)
	at com.databricks.serverless.ServerlessGCEdgeCheck$.checkBlockCacheCommand(ServerlessGCEdgeCheck.scala:50)
	at org.apache.spark.sql.connect.service.SparkConnectAnalyzeHandler.process(SparkConnectAnalyzeHandler.scala:398)
	at org.apache.spark.sql.connect.service.SparkConnectAnalyzeHandler.$anonfun$handle$5(SparkConnectAnalyzeHandler.scala:95)
	at org.apache.spark.sql.connect.service.SparkConnectAnalyzeHandler.$anonfun$handle$5$adapted(SparkConnectAnalyzeHandler.scala:87)
	at org.apache.spark.sql.connect.service.SessionHolder.$anonfun$withSession$2(SessionHolder.scala:844)
	at org.apache.spark.sql.SparkSession.withActive(SparkSession.scala:866)
	at org.apache.spark.sql.connect.service.SessionHolder.$anonfun$withSession$1(SessionHolder.scala:844)
	at org.apache.spark.JobArtifactSet$.withActiveJobArtifactState(JobArtifactSet.scala:97)
	at org.apache.spark.sql.artifact.ArtifactManager.$anonfun$withResources$1(ArtifactManager.scala:124)
	at org.apache.spark.sql.artifact.ArtifactManager.withClassLoaderIfNeeded(ArtifactManager.scala:118)
	at org.apache.spark.sql.artifact.ArtifactManager.withResources(ArtifactManager.scala:123)
	at org.apache.spark.sql.connect.service.SessionHolder.withSession(SessionHolder.scala:843)
	at org.apache.spark.sql.connect.service.SparkConnectAnalyzeHandler.$anonfun$handle$1(SparkConnectAnalyzeHandler.scala:87)
	at org.apache.spark.sql.connect.service.SparkConnectAnalyzeHandler.$anonfun$handle$1$adapted(SparkConnectAnalyzeHandler.scala:54)
	at com.databricks.spark.connect.logging.rpc.SparkConnectRpcMetricsCollectorUtils$.collectMetrics(SparkConnectRpcMetricsCollector.scala:294)
	at org.apache.spark.sql.connect.service.SparkConnectAnalyzeHandler.handle(SparkConnectAnalyzeHandler.scala:53)
	at org.apache.spark.sql.connect.service.SparkConnectService.analyzePlan(SparkConnectService.scala:117)
	at org.apache.spark.connect.proto.SparkConnectServiceGrpc$MethodHandlers.invoke(SparkConnectServiceGrpc.java:1008)
	at org.sparkproject.connect.io.grpc.stub.ServerCalls$UnaryServerCallHandler$UnaryServerCallListener.onHalfClose(ServerCalls.java:182)
	at org.sparkproject.connect.io.grpc.PartialForwardingServerCallListener.onHalfClose(PartialForwardingServerCallListener.java:35)
	at org.sparkproject.connect.io.grpc.ForwardingServerCallListener.onHalfClose(ForwardingServerCallListener.java:23)
	at org.sparkproject.connect.io.grpc.ForwardingServerCallListener$SimpleForwardingServerCallListener.onHalfClose(ForwardingServerCallListener.java:40)
	at org.sparkproject.connect.io.grpc.PartialForwardingServerCallListener.onHalfClose(PartialForwardingServerCallListener.java:35)
	at org.sparkproject.connect.io.grpc.ForwardingServerCallListener.onHalfClose(ForwardingServerCallListener.java:23)
	at org.sparkproject.connect.io.grpc.ForwardingServerCallListener$SimpleForwardingServerCallListener.onHalfClose(ForwardingServerCallListener.java:40)
	at org.sparkproject.connect.io.grpc.PartialForwardingServerCallListener.onHalfClose(PartialForwardingServerCallListener.java:35)
	at org.sparkproject.connect.io.grpc.ForwardingServerCallListener.onHalfClose(ForwardingServerCallListener.java:23)
	at org.sparkproject.connect.io.grpc.ForwardingServerCallListener$SimpleForwardingServerCallListener.onHalfClose(ForwardingServerCallListener.java:40)
	at org.sparkproject.connect.io.grpc.Contexts$ContextualizedServerCallListener.onHalfClose(Contexts.java:86)
	at org.sparkproject.connect.io.grpc.PartialForwardingServerCallListener.onHalfClose(PartialForwardingServerCallListener.java:35)
	at org.sparkproject.connect.io.grpc.ForwardingServerCallListener.onHalfClose(ForwardingServerCallListener.java:23)
	at org.sparkproject.connect.io.grpc.ForwardingServerCallListener$SimpleForwardingServerCallListener.onHalfClose(ForwardingServerCallListener.java:40)
	at com.databricks.spark.connect.service.AuthenticationInterceptor$AuthenticatedServerCallListener.$anonfun$onHalfClose$1(AuthenticationInterceptor.scala:528)
	at scala.runtime.java8.JFunction0$mcV$sp.apply(JFunction0$mcV$sp.scala:18)
	at com.databricks.unity.UCSEphemeralState$Handle.runWith(UCSEphemeralState.scala:51)
	at com.databricks.unity.HandleImpl.runWith(UCSHandle.scala:128)
	at com.databricks.spark.connect.service.RequestContext.$anonfun$runWith$4(RequestContext.scala:494)
	at com.databricks.util.TracingSpanUtils$.withSyncTracingAndParentFromHeaders(TracingSpanUtils.scala:456)
	at com.databricks.spark.util.DatabricksTracingHelper.withSpanFromRequest(DatabricksSparkTracingHelper.scala:136)
	at com.databricks.spark.util.DBRTracing$.withSpanFromRequest(DBRTracing.scala:75)
	at com.databricks.spark.connect.service.RequestContext.runWithSpanFromTags(RequestContext.scala:517)
	at com.databricks.spark.connect.service.RequestContext.$anonfun$runWith$3(RequestContext.scala:494)
	at com.databricks.spark.connect.service.RequestContext$.com$databricks$spark$connect$service$RequestContext$$withLocalProperties(RequestContext.scala:729)
	at com.databricks.spark.connect.service.RequestContext.$anonfun$runWith$2(RequestContext.scala:493)
	at com.databricks.logging.AttributionContextTracing.$anonfun$withAttributionContext$1(AttributionContextTracing.scala:146)
	at com.databricks.logging.AttributionContext$.$anonfun$withValue$1(AttributionContext.scala:349)
	at scala.util.DynamicVariable.withValue(DynamicVariable.scala:59)
	at com.databricks.logging.AttributionContext$.withValue(AttributionContext.scala:345)
	at com.databricks.logging.AttributionContextTracing.withAttributionContext(AttributionContextTracing.scala:144)
	at com.databricks.logging.AttributionContextTracing.withAttributionContext$(AttributionContextTracing.scala:141)
	at com.databricks.spark.util.PublicDBLogging.withAttributionContext(DatabricksSparkUsageLogger.scala:29)
	at com.databricks.spark.util.UniverseAttributionContextWrapper.withValue(AttributionContextUtils.scala:242)
	at com.databricks.spark.connect.service.RequestContext.$anonfun$runWith$1(RequestContext.scala:492)
	at com.databricks.spark.connect.service.RequestContext.withContext(RequestContext.scala:525)
	at com.databricks.spark.connect.service.RequestContext.runWith(RequestContext.scala:485)
	at com.databricks.spark.connect.service.AuthenticationInterceptor$AuthenticatedServerCallListener.onHalfClose(AuthenticationInterceptor.scala:528)
	at org.sparkproject.connect.io.grpc.PartialForwardingServerCallListener.onHalfClose(PartialForwardingServerCallListener.java:35)
	at org.sparkproject.connect.io.grpc.ForwardingServerCallListener.onHalfClose(ForwardingServerCallListener.java:23)
	at org.sparkproject.connect.io.grpc.ForwardingServerCallListener$SimpleForwardingServerCallListener.onHalfClose(ForwardingServerCallListener.java:40)
	at org.sparkproject.connect.io.grpc.internal.ServerCallImpl$ServerStreamListenerImpl.halfClosed(ServerCallImpl.java:356)
	at org.sparkproject.connect.io.grpc.internal.ServerImpl$JumpToApplicationThreadServerStreamListener$1HalfClosed.runInContext(ServerImpl.java:861)
	at org.sparkproject.connect.io.grpc.internal.ContextRunnable.run(ContextRunnable.java:37)
	at org.sparkproject.connect.io.grpc.internal.SerializingExecutor.run(SerializingExecutor.java:133)
	at org.apache.spark.util.threads.SparkThreadLocalCapturingRunnable.$anonfun$run$1(SparkThreadLocalForwardingThreadPoolExecutor.scala:171)
	at scala.runtime.java8.JFunction0$mcV$sp.apply(JFunction0$mcV$sp.scala:18)
	at com.databricks.spark.util.DBRTracing$.withSpanFromParent(DBRTracing.scala:70)
	at org.apache.spark.util.threads.SparkThreadLocalCapturingHelper.$anonfun$runWithCaptured$7(SparkThreadLocalForwardingThreadPoolExecutor.scala:124)
	at com.databricks.util.LexicalThreadLocal$Handle.runWith(LexicalThreadLocal.scala:63)
	at org.apache.spark.util.threads.SparkThreadLocalCapturingHelper.$anonfun$runWithCaptured$6(SparkThreadLocalForwardingThreadPoolExecutor.scala:123)
	at com.databricks.sql.transaction.tahoe.mst.MSTThreadHelper$.runWithMSTContext(MSTThreadHelper.scala:77)
	at org.apache.spark.util.threads.SparkThreadLocalCapturingHelper.$anonfun$runWithCaptured$5(SparkThreadLocalForwardingThreadPoolExecutor.scala:120)
	at com.databricks.spark.util.IdentityClaim$.withClaim(IdentityClaim.scala:48)
	at org.apache.spark.util.threads.SparkThreadLocalCapturingHelper.$anonfun$runWithCaptured$4(SparkThreadLocalForwardingThreadPoolExecutor.scala:119)
	at com.databricks.unity.UCSEphemeralState$Handle.runWith(UCSEphemeralState.scala:51)
	at org.apache.spark.util.threads.SparkThreadLocalCapturingHelper.runWithCaptured(SparkThreadLocalForwardingThreadPoolExecutor.scala:118)
	at org.apache.spark.util.threads.SparkThreadLocalCapturingHelper.runWithCaptured$(SparkThreadLocalForwardingThreadPoolExecutor.scala:95)
	at org.apache.spark.util.threads.SparkThreadLocalCapturingRunnable.runWithCaptured(SparkThreadLocalForwardingThreadPoolExecutor.scala:168)
	at org.apache.spark.util.threads.SparkThreadLocalCapturingRunnable.run(SparkThreadLocalForwardingThreadPoolExecutor.scala:171)
	at java.util.concurrent.ThreadPoolExecutor.runWorker(ThreadPoolExecutor.java:1136)
	at java.util.concurrent.ThreadPoolExecutor$Worker.run(ThreadPoolExecutor.java:635)
	at java.lang.Thread.run(Thread.java:840)
Traceback (most recent call last):
  File "/Workspace/Users/krishnasumanbhaipatel@gmail.com/Practice Folder/lakehouse-practice-project/src/reporting/gold.py", line 162, in create_gold_table
    new_versions = scd2_df.select("s.*").cache()
                   ^^^^^^^^^^^^^^^^^^^^^^^^^^^^^
  File "/databricks/python/lib/python3.12/site-packages/pyspark/sql/connect/dataframe.py", line 2133, in cache
    return self.persist()
           ^^^^^^^^^^^^^^
  File "/databricks/python/lib/python3.12/site-packages/pyspark/sql/connect/dataframe.py", line 2140, in persist
    self._session.client._analyze(
  File "/databricks/python/lib/python3.12/site-packages/pyspark/sql/connect/client/core.py", line 1808, in _analyze
    self._handle_error(error)
  File "/databricks/python/lib/python3.12/site-packages/pyspark/sql/connect/client/core.py", line 2380, in _handle_error
    self._handle_rpc_error(error)
  File "/databricks/python/lib/python3.12/site-packages/pyspark/sql/connect/client/core.py", line 2458, in _handle_rpc_error
    raise convert_exception(
pyspark.errors.exceptions.connect.AnalysisException: [NOT_SUPPORTED_WITH_SERVERLESS] PERSIST TABLE is not supported on serverless compute. SQLSTATE: 0A000

JVM stacktrace:
org.apache.spark.sql.AnalysisException
	at com.databricks.serverless.ServerlessGCEdgeCheck$.throwError(ServerlessGCEdgeCheck.scala:72)
	at com.databricks.serverless.ServerlessGCEdgeCheck$.checkBlockCacheCommand(ServerlessGCEdgeCheck.scala:50)
	at org.apache.spark.sql.connect.service.SparkConnectAnalyzeHandler.process(SparkConnectAnalyzeHandler.scala:398)
	at org.apache.spark.sql.connect.service.SparkConnectAnalyzeHandler.$anonfun$handle$5(SparkConnectAnalyzeHandler.scala:95)
	at org.apache.spark.sql.connect.service.SparkConnectAnalyzeHandler.$anonfun$handle$5$adapted(SparkConnectAnalyzeHandler.scala:87)
	at org.apache.spark.sql.connect.service.SessionHolder.$anonfun$withSession$2(SessionHolder.scala:844)
	at org.apache.spark.sql.SparkSession.withActive(SparkSession.scala:866)
	at org.apache.spark.sql.connect.service.SessionHolder.$anonfun$withSession$1(SessionHolder.scala:844)
	at org.apache.spark.JobArtifactSet$.withActiveJobArtifactState(JobArtifactSet.scala:97)
	at org.apache.spark.sql.artifact.ArtifactManager.$anonfun$withResources$1(ArtifactManager.scala:124)
	at org.apache.spark.sql.artifact.ArtifactManager.withClassLoaderIfNeeded(ArtifactManager.scala:118)
	at org.apache.spark.sql.artifact.ArtifactManager.withResources(ArtifactManager.scala:123)
	at org.apache.spark.sql.connect.service.SessionHolder.withSession(SessionHolder.scala:843)
	at org.apache.spark.sql.connect.service.SparkConnectAnalyzeHandler.$anonfun$handle$1(SparkConnectAnalyzeHandler.scala:87)
	at org.apache.spark.sql.connect.service.SparkConnectAnalyzeHandler.$anonfun$handle$1$adapted(SparkConnectAnalyzeHandler.scala:54)
	at com.databricks.spark.connect.logging.rpc.SparkConnectRpcMetricsCollectorUtils$.collectMetrics(SparkConnectRpcMetricsCollector.scala:294)
	at org.apache.spark.sql.connect.service.SparkConnectAnalyzeHandler.handle(SparkConnectAnalyzeHandler.scala:53)
	at org.apache.spark.sql.connect.service.SparkConnectService.analyzePlan(SparkConnectService.scala:117)
	at org.apache.spark.connect.proto.SparkConnectServiceGrpc$MethodHandlers.invoke(SparkConnectServiceGrpc.java:1008)
	at org.sparkproject.connect.io.grpc.stub.ServerCalls$UnaryServerCallHandler$UnaryServerCallListener.onHalfClose(ServerCalls.java:182)
	at org.sparkproject.connect.io.grpc.PartialForwardingServerCallListener.onHalfClose(PartialForwardingServerCallListener.java:35)
	at org.sparkproject.connect.io.grpc.ForwardingServerCallListener.onHalfClose(ForwardingServerCallListener.java:23)
	at org.sparkproject.connect.io.grpc.ForwardingServerCallListener$SimpleForwardingServerCallListener.onHalfClose(ForwardingServerCallListener.java:40)
	at org.sparkproject.connect.io.grpc.PartialForwardingServerCallListener.onHalfClose(PartialForwardingServerCallListener.java:35)
	at org.sparkproject.connect.io.grpc.ForwardingServerCallListener.onHalfClose(ForwardingServerCallListener.java:23)
	at org.sparkproject.connect.io.grpc.ForwardingServerCallListener$SimpleForwardingServerCallListener.onHalfClose(ForwardingServerCallListener.java:40)
	at org.sparkproject.connect.io.grpc.PartialForwardingServerCallListener.onHalfClose(PartialForwardingServerCallListener.java:35)
	at org.sparkproject.connect.io.grpc.ForwardingServerCallListener.onHalfClose(ForwardingServerCallListener.java:23)
	at org.sparkproject.connect.io.grpc.ForwardingServerCallListener$SimpleForwardingServerCallListener.onHalfClose(ForwardingServerCallListener.java:40)
	at org.sparkproject.connect.io.grpc.Contexts$ContextualizedServerCallListener.onHalfClose(Contexts.java:86)
	at org.sparkproject.connect.io.grpc.PartialForwardingServerCallListener.onHalfClose(PartialForwardingServerCallListener.java:35)
	at org.sparkproject.connect.io.grpc.ForwardingServerCallListener.onHalfClose(ForwardingServerCallListener.java:23)
	at org.sparkproject.connect.io.grpc.ForwardingServerCallListener$SimpleForwardingServerCallListener.onHalfClose(ForwardingServerCallListener.java:40)
	at com.databricks.spark.connect.service.AuthenticationInterceptor$AuthenticatedServerCallListener.$anonfun$onHalfClose$1(AuthenticationInterceptor.scala:528)
	at scala.runtime.java8.JFunction0$mcV$sp.apply(JFunction0$mcV$sp.scala:18)
	at com.databricks.unity.UCSEphemeralState$Handle.runWith(UCSEphemeralState.scala:51)
	at com.databricks.unity.HandleImpl.runWith(UCSHandle.scala:128)
	at com.databricks.spark.connect.service.RequestContext.$anonfun$runWith$4(RequestContext.scala:494)
	at com.databricks.util.TracingSpanUtils$.withSyncTracingAndParentFromHeaders(TracingSpanUtils.scala:456)
	at com.databricks.spark.util.DatabricksTracingHelper.withSpanFromRequest(DatabricksSparkTracingHelper.scala:136)
	at com.databricks.spark.util.DBRTracing$.withSpanFromRequest(DBRTracing.scala:75)
	at com.databricks.spark.connect.service.RequestContext.runWithSpanFromTags(RequestContext.scala:517)
	at com.databricks.spark.connect.service.RequestContext.$anonfun$runWith$3(RequestContext.scala:494)
	at com.databricks.spark.connect.service.RequestContext$.com$databricks$spark$connect$service$RequestContext$$withLocalProperties(RequestContext.scala:729)
	at com.databricks.spark.connect.service.RequestContext.$anonfun$runWith$2(RequestContext.scala:493)
	at com.databricks.logging.AttributionContextTracing.$anonfun$withAttributionContext$1(AttributionContextTracing.scala:146)
	at com.databricks.logging.AttributionContext$.$anonfun$withValue$1(AttributionContext.scala:349)
	at scala.util.DynamicVariable.withValue(DynamicVariable.scala:59)
	at com.databricks.logging.AttributionContext$.withValue(AttributionContext.scala:345)
	at com.databricks.logging.AttributionContextTracing.withAttributionContext(AttributionContextTracing.scala:144)
	at com.databricks.logging.AttributionContextTracing.withAttributionContext$(AttributionContextTracing.scala:141)
	at com.databricks.spark.util.PublicDBLogging.withAttributionContext(DatabricksSparkUsageLogger.scala:29)
	at com.databricks.spark.util.UniverseAttributionContextWrapper.withValue(AttributionContextUtils.scala:242)
	at com.databricks.spark.connect.service.RequestContext.$anonfun$runWith$1(RequestContext.scala:492)
	at com.databricks.spark.connect.service.RequestContext.withContext(RequestContext.scala:525)
	at com.databricks.spark.connect.service.RequestContext.runWith(RequestContext.scala:485)
	at com.databricks.spark.connect.service.AuthenticationInterceptor$AuthenticatedServerCallListener.onHalfClose(AuthenticationInterceptor.scala:528)
	at org.sparkproject.connect.io.grpc.PartialForwardingServerCallListener.onHalfClose(PartialForwardingServerCallListener.java:35)
	at org.sparkproject.connect.io.grpc.ForwardingServerCallListener.onHalfClose(ForwardingServerCallListener.java:23)
	at org.sparkproject.connect.io.grpc.ForwardingServerCallListener$SimpleForwardingServerCallListener.onHalfClose(ForwardingServerCallListener.java:40)
	at org.sparkproject.connect.io.grpc.internal.ServerCallImpl$ServerStreamListenerImpl.halfClosed(ServerCallImpl.java:356)
	at org.sparkproject.connect.io.grpc.internal.ServerImpl$JumpToApplicationThreadServerStreamListener$1HalfClosed.runInContext(ServerImpl.java:861)
	at org.sparkproject.connect.io.grpc.internal.ContextRunnable.run(ContextRunnable.java:37)
	at org.sparkproject.connect.io.grpc.internal.SerializingExecutor.run(SerializingExecutor.java:133)
	at org.apache.spark.util.threads.SparkThreadLocalCapturingRunnable.$anonfun$run$1(SparkThreadLocalForwardingThreadPoolExecutor.scala:171)
	at scala.runtime.java8.JFunction0$mcV$sp.apply(JFunction0$mcV$sp.scala:18)
	at com.databricks.spark.util.DBRTracing$.withSpanFromParent(DBRTracing.scala:70)
	at org.apache.spark.util.threads.SparkThreadLocalCapturingHelper.$anonfun$runWithCaptured$7(SparkThreadLocalForwardingThreadPoolExecutor.scala:124)
	at com.databricks.util.LexicalThreadLocal$Handle.runWith(LexicalThreadLocal.scala:63)
	at org.apache.spark.util.threads.SparkThreadLocalCapturingHelper.$anonfun$runWithCaptured$6(SparkThreadLocalForwardingThreadPoolExecutor.scala:123)
	at com.databricks.sql.transaction.tahoe.mst.MSTThreadHelper$.runWithMSTContext(MSTThreadHelper.scala:77)
	at org.apache.spark.util.threads.SparkThreadLocalCapturingHelper.$anonfun$runWithCaptured$5(SparkThreadLocalForwardingThreadPoolExecutor.scala:120)
	at com.databricks.spark.util.IdentityClaim$.withClaim(IdentityClaim.scala:48)
	at org.apache.spark.util.threads.SparkThreadLocalCapturingHelper.$anonfun$runWithCaptured$4(SparkThreadLocalForwardingThreadPoolExecutor.scala:119)
	at com.databricks.unity.UCSEphemeralState$Handle.runWith(UCSEphemeralState.scala:51)
	at org.apache.spark.util.threads.SparkThreadLocalCapturingHelper.runWithCaptured(SparkThreadLocalForwardingThreadPoolExecutor.scala:118)
	at org.apache.spark.util.threads.SparkThreadLocalCapturingHelper.runWithCaptured$(SparkThreadLocalForwardingThreadPoolExecutor.scala:95)
	at org.apache.spark.util.threads.SparkThreadLocalCapturingRunnable.runWithCaptured(SparkThreadLocalForwardingThreadPoolExecutor.scala:168)
	at org.apache.spark.util.threads.SparkThreadLocalCapturingRunnable.run(SparkThreadLocalForwardingThreadPoolExecutor.scala:171)
	at java.util.concurrent.ThreadPoolExecutor.runWorker(ThreadPoolExecutor.java:1136)
	at java.util.concurrent.ThreadPoolExecutor$Worker.run(ThreadPoolExecutor.java:635)
	at java.lang.Thread.run(Thread.java:840)
2026-08-10 06:09:36,863 | INFO     | gold.dim_products | Audit for catalog_project1.gold.dim_products is written successfully
2026-08-10 06:14:55,524 | INFO     | gold.dim_products | Logging to file: /Workspace/Users/krishnasumanbhaipatel@gmail.com/Practice Folder/lakehouse-practice-project/logs/gold_dim_products_20260810.log
2026-08-10 06:14:55,526 | INFO     | gold.dim_products | Starting Gold pipeline at 2026-08-10 06:14:55.470630
2026-08-10 06:14:56,844 | INFO     | gold.dim_products | Read 1 records from catalog_project1.silver.clean_products table
2026-08-10 06:14:57,046 | INFO     | gold.dim_products | Incremental load from catalog_project1.silver.clean_products table
2026-08-10 06:14:59,884 | ERROR    | gold.dim_products | gold_pipeline failed: [NOT_SUPPORTED_WITH_SERVERLESS] PERSIST TABLE is not supported on serverless compute. SQLSTATE: 0A000

JVM stacktrace:
org.apache.spark.sql.AnalysisException
	at com.databricks.serverless.ServerlessGCEdgeCheck$.throwError(ServerlessGCEdgeCheck.scala:72)
	at com.databricks.serverless.ServerlessGCEdgeCheck$.checkBlockCacheCommand(ServerlessGCEdgeCheck.scala:50)
	at org.apache.spark.sql.connect.service.SparkConnectAnalyzeHandler.process(SparkConnectAnalyzeHandler.scala:398)
	at org.apache.spark.sql.connect.service.SparkConnectAnalyzeHandler.$anonfun$handle$5(SparkConnectAnalyzeHandler.scala:95)
	at org.apache.spark.sql.connect.service.SparkConnectAnalyzeHandler.$anonfun$handle$5$adapted(SparkConnectAnalyzeHandler.scala:87)
	at org.apache.spark.sql.connect.service.SessionHolder.$anonfun$withSession$2(SessionHolder.scala:844)
	at org.apache.spark.sql.SparkSession.withActive(SparkSession.scala:866)
	at org.apache.spark.sql.connect.service.SessionHolder.$anonfun$withSession$1(SessionHolder.scala:844)
	at org.apache.spark.JobArtifactSet$.withActiveJobArtifactState(JobArtifactSet.scala:97)
	at org.apache.spark.sql.artifact.ArtifactManager.$anonfun$withResources$1(ArtifactManager.scala:124)
	at org.apache.spark.sql.artifact.ArtifactManager.withClassLoaderIfNeeded(ArtifactManager.scala:118)
	at org.apache.spark.sql.artifact.ArtifactManager.withResources(ArtifactManager.scala:123)
	at org.apache.spark.sql.connect.service.SessionHolder.withSession(SessionHolder.scala:843)
	at org.apache.spark.sql.connect.service.SparkConnectAnalyzeHandler.$anonfun$handle$1(SparkConnectAnalyzeHandler.scala:87)
	at org.apache.spark.sql.connect.service.SparkConnectAnalyzeHandler.$anonfun$handle$1$adapted(SparkConnectAnalyzeHandler.scala:54)
	at com.databricks.spark.connect.logging.rpc.SparkConnectRpcMetricsCollectorUtils$.collectMetrics(SparkConnectRpcMetricsCollector.scala:294)
	at org.apache.spark.sql.connect.service.SparkConnectAnalyzeHandler.handle(SparkConnectAnalyzeHandler.scala:53)
	at org.apache.spark.sql.connect.service.SparkConnectService.analyzePlan(SparkConnectService.scala:117)
	at org.apache.spark.connect.proto.SparkConnectServiceGrpc$MethodHandlers.invoke(SparkConnectServiceGrpc.java:1008)
	at org.sparkproject.connect.io.grpc.stub.ServerCalls$UnaryServerCallHandler$UnaryServerCallListener.onHalfClose(ServerCalls.java:182)
	at org.sparkproject.connect.io.grpc.PartialForwardingServerCallListener.onHalfClose(PartialForwardingServerCallListener.java:35)
	at org.sparkproject.connect.io.grpc.ForwardingServerCallListener.onHalfClose(ForwardingServerCallListener.java:23)
	at org.sparkproject.connect.io.grpc.ForwardingServerCallListener$SimpleForwardingServerCallListener.onHalfClose(ForwardingServerCallListener.java:40)
	at org.sparkproject.connect.io.grpc.PartialForwardingServerCallListener.onHalfClose(PartialForwardingServerCallListener.java:35)
	at org.sparkproject.connect.io.grpc.ForwardingServerCallListener.onHalfClose(ForwardingServerCallListener.java:23)
	at org.sparkproject.connect.io.grpc.ForwardingServerCallListener$SimpleForwardingServerCallListener.onHalfClose(ForwardingServerCallListener.java:40)
	at org.sparkproject.connect.io.grpc.PartialForwardingServerCallListener.onHalfClose(PartialForwardingServerCallListener.java:35)
	at org.sparkproject.connect.io.grpc.ForwardingServerCallListener.onHalfClose(ForwardingServerCallListener.java:23)
	at org.sparkproject.connect.io.grpc.ForwardingServerCallListener$SimpleForwardingServerCallListener.onHalfClose(ForwardingServerCallListener.java:40)
	at org.sparkproject.connect.io.grpc.Contexts$ContextualizedServerCallListener.onHalfClose(Contexts.java:86)
	at org.sparkproject.connect.io.grpc.PartialForwardingServerCallListener.onHalfClose(PartialForwardingServerCallListener.java:35)
	at org.sparkproject.connect.io.grpc.ForwardingServerCallListener.onHalfClose(ForwardingServerCallListener.java:23)
	at org.sparkproject.connect.io.grpc.ForwardingServerCallListener$SimpleForwardingServerCallListener.onHalfClose(ForwardingServerCallListener.java:40)
	at com.databricks.spark.connect.service.AuthenticationInterceptor$AuthenticatedServerCallListener.$anonfun$onHalfClose$1(AuthenticationInterceptor.scala:528)
	at scala.runtime.java8.JFunction0$mcV$sp.apply(JFunction0$mcV$sp.scala:18)
	at com.databricks.unity.UCSEphemeralState$Handle.runWith(UCSEphemeralState.scala:51)
	at com.databricks.unity.HandleImpl.runWith(UCSHandle.scala:128)
	at com.databricks.spark.connect.service.RequestContext.$anonfun$runWith$4(RequestContext.scala:494)
	at com.databricks.util.TracingSpanUtils$.withSyncTracingAndParentFromHeaders(TracingSpanUtils.scala:456)
	at com.databricks.spark.util.DatabricksTracingHelper.withSpanFromRequest(DatabricksSparkTracingHelper.scala:136)
	at com.databricks.spark.util.DBRTracing$.withSpanFromRequest(DBRTracing.scala:75)
	at com.databricks.spark.connect.service.RequestContext.runWithSpanFromTags(RequestContext.scala:517)
	at com.databricks.spark.connect.service.RequestContext.$anonfun$runWith$3(RequestContext.scala:494)
	at com.databricks.spark.connect.service.RequestContext$.com$databricks$spark$connect$service$RequestContext$$withLocalProperties(RequestContext.scala:729)
	at com.databricks.spark.connect.service.RequestContext.$anonfun$runWith$2(RequestContext.scala:493)
	at com.databricks.logging.AttributionContextTracing.$anonfun$withAttributionContext$1(AttributionContextTracing.scala:146)
	at com.databricks.logging.AttributionContext$.$anonfun$withValue$1(AttributionContext.scala:349)
	at scala.util.DynamicVariable.withValue(DynamicVariable.scala:59)
	at com.databricks.logging.AttributionContext$.withValue(AttributionContext.scala:345)
	at com.databricks.logging.AttributionContextTracing.withAttributionContext(AttributionContextTracing.scala:144)
	at com.databricks.logging.AttributionContextTracing.withAttributionContext$(AttributionContextTracing.scala:141)
	at com.databricks.spark.util.PublicDBLogging.withAttributionContext(DatabricksSparkUsageLogger.scala:29)
	at com.databricks.spark.util.UniverseAttributionContextWrapper.withValue(AttributionContextUtils.scala:242)
	at com.databricks.spark.connect.service.RequestContext.$anonfun$runWith$1(RequestContext.scala:492)
	at com.databricks.spark.connect.service.RequestContext.withContext(RequestContext.scala:525)
	at com.databricks.spark.connect.service.RequestContext.runWith(RequestContext.scala:485)
	at com.databricks.spark.connect.service.AuthenticationInterceptor$AuthenticatedServerCallListener.onHalfClose(AuthenticationInterceptor.scala:528)
	at org.sparkproject.connect.io.grpc.PartialForwardingServerCallListener.onHalfClose(PartialForwardingServerCallListener.java:35)
	at org.sparkproject.connect.io.grpc.ForwardingServerCallListener.onHalfClose(ForwardingServerCallListener.java:23)
	at org.sparkproject.connect.io.grpc.ForwardingServerCallListener$SimpleForwardingServerCallListener.onHalfClose(ForwardingServerCallListener.java:40)
	at org.sparkproject.connect.io.grpc.internal.ServerCallImpl$ServerStreamListenerImpl.halfClosed(ServerCallImpl.java:356)
	at org.sparkproject.connect.io.grpc.internal.ServerImpl$JumpToApplicationThreadServerStreamListener$1HalfClosed.runInContext(ServerImpl.java:861)
	at org.sparkproject.connect.io.grpc.internal.ContextRunnable.run(ContextRunnable.java:37)
	at org.sparkproject.connect.io.grpc.internal.SerializingExecutor.run(SerializingExecutor.java:133)
	at org.apache.spark.util.threads.SparkThreadLocalCapturingRunnable.$anonfun$run$1(SparkThreadLocalForwardingThreadPoolExecutor.scala:171)
	at scala.runtime.java8.JFunction0$mcV$sp.apply(JFunction0$mcV$sp.scala:18)
	at com.databricks.spark.util.DBRTracing$.withSpanFromParent(DBRTracing.scala:70)
	at org.apache.spark.util.threads.SparkThreadLocalCapturingHelper.$anonfun$runWithCaptured$7(SparkThreadLocalForwardingThreadPoolExecutor.scala:124)
	at com.databricks.util.LexicalThreadLocal$Handle.runWith(LexicalThreadLocal.scala:63)
	at org.apache.spark.util.threads.SparkThreadLocalCapturingHelper.$anonfun$runWithCaptured$6(SparkThreadLocalForwardingThreadPoolExecutor.scala:123)
	at com.databricks.sql.transaction.tahoe.mst.MSTThreadHelper$.runWithMSTContext(MSTThreadHelper.scala:77)
	at org.apache.spark.util.threads.SparkThreadLocalCapturingHelper.$anonfun$runWithCaptured$5(SparkThreadLocalForwardingThreadPoolExecutor.scala:120)
	at com.databricks.spark.util.IdentityClaim$.withClaim(IdentityClaim.scala:48)
	at org.apache.spark.util.threads.SparkThreadLocalCapturingHelper.$anonfun$runWithCaptured$4(SparkThreadLocalForwardingThreadPoolExecutor.scala:119)
	at com.databricks.unity.UCSEphemeralState$Handle.runWith(UCSEphemeralState.scala:51)
	at org.apache.spark.util.threads.SparkThreadLocalCapturingHelper.runWithCaptured(SparkThreadLocalForwardingThreadPoolExecutor.scala:118)
	at org.apache.spark.util.threads.SparkThreadLocalCapturingHelper.runWithCaptured$(SparkThreadLocalForwardingThreadPoolExecutor.scala:95)
	at org.apache.spark.util.threads.SparkThreadLocalCapturingRunnable.runWithCaptured(SparkThreadLocalForwardingThreadPoolExecutor.scala:168)
	at org.apache.spark.util.threads.SparkThreadLocalCapturingRunnable.run(SparkThreadLocalForwardingThreadPoolExecutor.scala:171)
	at java.util.concurrent.ThreadPoolExecutor.runWorker(ThreadPoolExecutor.java:1136)
	at java.util.concurrent.ThreadPoolExecutor$Worker.run(ThreadPoolExecutor.java:635)
	at java.lang.Thread.run(Thread.java:840)
Traceback (most recent call last):
  File "/Workspace/Users/krishnasumanbhaipatel@gmail.com/Practice Folder/lakehouse-practice-project/src/reporting/gold.py", line 169, in create_gold_table
    scd2_df = scd2_df.cache()
              ^^^^^^^^^^^^^^^
  File "/databricks/python/lib/python3.12/site-packages/pyspark/sql/connect/dataframe.py", line 2133, in cache
    return self.persist()
           ^^^^^^^^^^^^^^
  File "/databricks/python/lib/python3.12/site-packages/pyspark/sql/connect/dataframe.py", line 2140, in persist
    self._session.client._analyze(
  File "/databricks/python/lib/python3.12/site-packages/pyspark/sql/connect/client/core.py", line 1808, in _analyze
    self._handle_error(error)
  File "/databricks/python/lib/python3.12/site-packages/pyspark/sql/connect/client/core.py", line 2380, in _handle_error
    self._handle_rpc_error(error)
  File "/databricks/python/lib/python3.12/site-packages/pyspark/sql/connect/client/core.py", line 2458, in _handle_rpc_error
    raise convert_exception(
pyspark.errors.exceptions.connect.AnalysisException: [NOT_SUPPORTED_WITH_SERVERLESS] PERSIST TABLE is not supported on serverless compute. SQLSTATE: 0A000

JVM stacktrace:
org.apache.spark.sql.AnalysisException
	at com.databricks.serverless.ServerlessGCEdgeCheck$.throwError(ServerlessGCEdgeCheck.scala:72)
	at com.databricks.serverless.ServerlessGCEdgeCheck$.checkBlockCacheCommand(ServerlessGCEdgeCheck.scala:50)
	at org.apache.spark.sql.connect.service.SparkConnectAnalyzeHandler.process(SparkConnectAnalyzeHandler.scala:398)
	at org.apache.spark.sql.connect.service.SparkConnectAnalyzeHandler.$anonfun$handle$5(SparkConnectAnalyzeHandler.scala:95)
	at org.apache.spark.sql.connect.service.SparkConnectAnalyzeHandler.$anonfun$handle$5$adapted(SparkConnectAnalyzeHandler.scala:87)
	at org.apache.spark.sql.connect.service.SessionHolder.$anonfun$withSession$2(SessionHolder.scala:844)
	at org.apache.spark.sql.SparkSession.withActive(SparkSession.scala:866)
	at org.apache.spark.sql.connect.service.SessionHolder.$anonfun$withSession$1(SessionHolder.scala:844)
	at org.apache.spark.JobArtifactSet$.withActiveJobArtifactState(JobArtifactSet.scala:97)
	at org.apache.spark.sql.artifact.ArtifactManager.$anonfun$withResources$1(ArtifactManager.scala:124)
	at org.apache.spark.sql.artifact.ArtifactManager.withClassLoaderIfNeeded(ArtifactManager.scala:118)
	at org.apache.spark.sql.artifact.ArtifactManager.withResources(ArtifactManager.scala:123)
	at org.apache.spark.sql.connect.service.SessionHolder.withSession(SessionHolder.scala:843)
	at org.apache.spark.sql.connect.service.SparkConnectAnalyzeHandler.$anonfun$handle$1(SparkConnectAnalyzeHandler.scala:87)
	at org.apache.spark.sql.connect.service.SparkConnectAnalyzeHandler.$anonfun$handle$1$adapted(SparkConnectAnalyzeHandler.scala:54)
	at com.databricks.spark.connect.logging.rpc.SparkConnectRpcMetricsCollectorUtils$.collectMetrics(SparkConnectRpcMetricsCollector.scala:294)
	at org.apache.spark.sql.connect.service.SparkConnectAnalyzeHandler.handle(SparkConnectAnalyzeHandler.scala:53)
	at org.apache.spark.sql.connect.service.SparkConnectService.analyzePlan(SparkConnectService.scala:117)
	at org.apache.spark.connect.proto.SparkConnectServiceGrpc$MethodHandlers.invoke(SparkConnectServiceGrpc.java:1008)
	at org.sparkproject.connect.io.grpc.stub.ServerCalls$UnaryServerCallHandler$UnaryServerCallListener.onHalfClose(ServerCalls.java:182)
	at org.sparkproject.connect.io.grpc.PartialForwardingServerCallListener.onHalfClose(PartialForwardingServerCallListener.java:35)
	at org.sparkproject.connect.io.grpc.ForwardingServerCallListener.onHalfClose(ForwardingServerCallListener.java:23)
	at org.sparkproject.connect.io.grpc.ForwardingServerCallListener$SimpleForwardingServerCallListener.onHalfClose(ForwardingServerCallListener.java:40)
	at org.sparkproject.connect.io.grpc.PartialForwardingServerCallListener.onHalfClose(PartialForwardingServerCallListener.java:35)
	at org.sparkproject.connect.io.grpc.ForwardingServerCallListener.onHalfClose(ForwardingServerCallListener.java:23)
	at org.sparkproject.connect.io.grpc.ForwardingServerCallListener$SimpleForwardingServerCallListener.onHalfClose(ForwardingServerCallListener.java:40)
	at org.sparkproject.connect.io.grpc.PartialForwardingServerCallListener.onHalfClose(PartialForwardingServerCallListener.java:35)
	at org.sparkproject.connect.io.grpc.ForwardingServerCallListener.onHalfClose(ForwardingServerCallListener.java:23)
	at org.sparkproject.connect.io.grpc.ForwardingServerCallListener$SimpleForwardingServerCallListener.onHalfClose(ForwardingServerCallListener.java:40)
	at org.sparkproject.connect.io.grpc.Contexts$ContextualizedServerCallListener.onHalfClose(Contexts.java:86)
	at org.sparkproject.connect.io.grpc.PartialForwardingServerCallListener.onHalfClose(PartialForwardingServerCallListener.java:35)
	at org.sparkproject.connect.io.grpc.ForwardingServerCallListener.onHalfClose(ForwardingServerCallListener.java:23)
	at org.sparkproject.connect.io.grpc.ForwardingServerCallListener$SimpleForwardingServerCallListener.onHalfClose(ForwardingServerCallListener.java:40)
	at com.databricks.spark.connect.service.AuthenticationInterceptor$AuthenticatedServerCallListener.$anonfun$onHalfClose$1(AuthenticationInterceptor.scala:528)
	at scala.runtime.java8.JFunction0$mcV$sp.apply(JFunction0$mcV$sp.scala:18)
	at com.databricks.unity.UCSEphemeralState$Handle.runWith(UCSEphemeralState.scala:51)
	at com.databricks.unity.HandleImpl.runWith(UCSHandle.scala:128)
	at com.databricks.spark.connect.service.RequestContext.$anonfun$runWith$4(RequestContext.scala:494)
	at com.databricks.util.TracingSpanUtils$.withSyncTracingAndParentFromHeaders(TracingSpanUtils.scala:456)
	at com.databricks.spark.util.DatabricksTracingHelper.withSpanFromRequest(DatabricksSparkTracingHelper.scala:136)
	at com.databricks.spark.util.DBRTracing$.withSpanFromRequest(DBRTracing.scala:75)
	at com.databricks.spark.connect.service.RequestContext.runWithSpanFromTags(RequestContext.scala:517)
	at com.databricks.spark.connect.service.RequestContext.$anonfun$runWith$3(RequestContext.scala:494)
	at com.databricks.spark.connect.service.RequestContext$.com$databricks$spark$connect$service$RequestContext$$withLocalProperties(RequestContext.scala:729)
	at com.databricks.spark.connect.service.RequestContext.$anonfun$runWith$2(RequestContext.scala:493)
	at com.databricks.logging.AttributionContextTracing.$anonfun$withAttributionContext$1(AttributionContextTracing.scala:146)
	at com.databricks.logging.AttributionContext$.$anonfun$withValue$1(AttributionContext.scala:349)
	at scala.util.DynamicVariable.withValue(DynamicVariable.scala:59)
	at com.databricks.logging.AttributionContext$.withValue(AttributionContext.scala:345)
	at com.databricks.logging.AttributionContextTracing.withAttributionContext(AttributionContextTracing.scala:144)
	at com.databricks.logging.AttributionContextTracing.withAttributionContext$(AttributionContextTracing.scala:141)
	at com.databricks.spark.util.PublicDBLogging.withAttributionContext(DatabricksSparkUsageLogger.scala:29)
	at com.databricks.spark.util.UniverseAttributionContextWrapper.withValue(AttributionContextUtils.scala:242)
	at com.databricks.spark.connect.service.RequestContext.$anonfun$runWith$1(RequestContext.scala:492)
	at com.databricks.spark.connect.service.RequestContext.withContext(RequestContext.scala:525)
	at com.databricks.spark.connect.service.RequestContext.runWith(RequestContext.scala:485)
	at com.databricks.spark.connect.service.AuthenticationInterceptor$AuthenticatedServerCallListener.onHalfClose(AuthenticationInterceptor.scala:528)
	at org.sparkproject.connect.io.grpc.PartialForwardingServerCallListener.onHalfClose(PartialForwardingServerCallListener.java:35)
	at org.sparkproject.connect.io.grpc.ForwardingServerCallListener.onHalfClose(ForwardingServerCallListener.java:23)
	at org.sparkproject.connect.io.grpc.ForwardingServerCallListener$SimpleForwardingServerCallListener.onHalfClose(ForwardingServerCallListener.java:40)
	at org.sparkproject.connect.io.grpc.internal.ServerCallImpl$ServerStreamListenerImpl.halfClosed(ServerCallImpl.java:356)
	at org.sparkproject.connect.io.grpc.internal.ServerImpl$JumpToApplicationThreadServerStreamListener$1HalfClosed.runInContext(ServerImpl.java:861)
	at org.sparkproject.connect.io.grpc.internal.ContextRunnable.run(ContextRunnable.java:37)
	at org.sparkproject.connect.io.grpc.internal.SerializingExecutor.run(SerializingExecutor.java:133)
	at org.apache.spark.util.threads.SparkThreadLocalCapturingRunnable.$anonfun$run$1(SparkThreadLocalForwardingThreadPoolExecutor.scala:171)
	at scala.runtime.java8.JFunction0$mcV$sp.apply(JFunction0$mcV$sp.scala:18)
	at com.databricks.spark.util.DBRTracing$.withSpanFromParent(DBRTracing.scala:70)
	at org.apache.spark.util.threads.SparkThreadLocalCapturingHelper.$anonfun$runWithCaptured$7(SparkThreadLocalForwardingThreadPoolExecutor.scala:124)
	at com.databricks.util.LexicalThreadLocal$Handle.runWith(LexicalThreadLocal.scala:63)
	at org.apache.spark.util.threads.SparkThreadLocalCapturingHelper.$anonfun$runWithCaptured$6(SparkThreadLocalForwardingThreadPoolExecutor.scala:123)
	at com.databricks.sql.transaction.tahoe.mst.MSTThreadHelper$.runWithMSTContext(MSTThreadHelper.scala:77)
	at org.apache.spark.util.threads.SparkThreadLocalCapturingHelper.$anonfun$runWithCaptured$5(SparkThreadLocalForwardingThreadPoolExecutor.scala:120)
	at com.databricks.spark.util.IdentityClaim$.withClaim(IdentityClaim.scala:48)
	at org.apache.spark.util.threads.SparkThreadLocalCapturingHelper.$anonfun$runWithCaptured$4(SparkThreadLocalForwardingThreadPoolExecutor.scala:119)
	at com.databricks.unity.UCSEphemeralState$Handle.runWith(UCSEphemeralState.scala:51)
	at org.apache.spark.util.threads.SparkThreadLocalCapturingHelper.runWithCaptured(SparkThreadLocalForwardingThreadPoolExecutor.scala:118)
	at org.apache.spark.util.threads.SparkThreadLocalCapturingHelper.runWithCaptured$(SparkThreadLocalForwardingThreadPoolExecutor.scala:95)
	at org.apache.spark.util.threads.SparkThreadLocalCapturingRunnable.runWithCaptured(SparkThreadLocalForwardingThreadPoolExecutor.scala:168)
	at org.apache.spark.util.threads.SparkThreadLocalCapturingRunnable.run(SparkThreadLocalForwardingThreadPoolExecutor.scala:171)
	at java.util.concurrent.ThreadPoolExecutor.runWorker(ThreadPoolExecutor.java:1136)
	at java.util.concurrent.ThreadPoolExecutor$Worker.run(ThreadPoolExecutor.java:635)
	at java.lang.Thread.run(Thread.java:840)
2026-08-10 06:15:01,643 | INFO     | gold.dim_products | Audit for catalog_project1.gold.dim_products is written successfully
2026-08-10 06:15:54,203 | INFO     | gold.dim_products | Logging to file: /Workspace/Users/krishnasumanbhaipatel@gmail.com/Practice Folder/lakehouse-practice-project/logs/gold_dim_products_20260810.log
2026-08-10 06:15:54,205 | INFO     | gold.dim_products | Starting Gold pipeline at 2026-08-10 06:15:54.178668
2026-08-10 06:15:55,230 | INFO     | gold.dim_products | Read 1 records from catalog_project1.silver.clean_products table
2026-08-10 06:15:55,438 | INFO     | gold.dim_products | Incremental load from catalog_project1.silver.clean_products table
2026-08-10 06:16:03,798 | INFO     | gold.dim_products | Inserted 1 new versions (SCD2) to catalog_project1.gold.dim_products table
2026-08-10 06:16:03,799 | INFO     | gold.dim_products | SCD2: Expired and inserted new versions for 1 records
2026-08-10 06:16:05,157 | INFO     | gold.dim_products | New watermark: 2024-12-13 00:00:00
2026-08-10 06:16:05,158 | INFO     | gold.dim_products | Incremental load completed for catalog_project1.gold.dim_products
2026-08-10 06:16:05,159 | INFO     | gold.dim_products | Gold pipeline for catalog_project1.gold.dim_products completed successfully
2026-08-10 06:16:07,231 | INFO     | gold.dim_products | Audit for catalog_project1.gold.dim_products is written successfully
2026-08-10 06:21:24,602 | INFO     | gold.dim_products | Logging to file: /Workspace/Users/krishnasumanbhaipatel@gmail.com/Practice Folder/lakehouse-practice-project/logs/gold_dim_products_20260810.log
2026-08-10 06:21:24,603 | INFO     | gold.dim_products | Starting Gold pipeline at 2026-08-10 06:21:24.560271
2026-08-10 06:21:25,843 | INFO     | gold.dim_products | Read 1 records from catalog_project1.silver.clean_products table
2026-08-10 06:21:26,155 | INFO     | gold.dim_products | Incremental load from catalog_project1.silver.clean_products table
2026-08-10 06:21:33,601 | INFO     | gold.dim_products | Inserted 1 new versions (SCD2) to catalog_project1.gold.dim_products table
2026-08-10 06:21:33,627 | INFO     | gold.dim_products | SCD2: Expired and inserted new versions for 1 records
2026-08-10 06:21:34,764 | INFO     | gold.dim_products | New watermark: 2024-12-14 00:00:00
2026-08-10 06:21:34,765 | INFO     | gold.dim_products | Incremental load completed for catalog_project1.gold.dim_products
2026-08-10 06:21:34,766 | INFO     | gold.dim_products | Gold pipeline for catalog_project1.gold.dim_products completed successfully
2026-08-10 06:21:36,288 | INFO     | gold.dim_products | Audit for catalog_project1.gold.dim_products is written successfully
2026-08-10 06:24:42,051 | INFO     | gold.dim_products | Logging to file: /Workspace/Users/krishnasumanbhaipatel@gmail.com/Practice Folder/lakehouse-practice-project/logs/gold_dim_products_20260810.log
2026-08-10 06:24:42,052 | INFO     | gold.dim_products | Starting Gold pipeline at 2026-08-10 06:24:42.010187
2026-08-10 06:24:43,073 | INFO     | gold.dim_products | Read 1 records from catalog_project1.silver.clean_products table
2026-08-10 06:24:43,271 | INFO     | gold.dim_products | Incremental load from catalog_project1.silver.clean_products table
2026-08-10 06:24:50,514 | INFO     | gold.dim_products | Inserted 1 new versions (SCD2) to catalog_project1.gold.dim_products table
2026-08-10 06:24:50,515 | INFO     | gold.dim_products | SCD2: Expired and inserted new versions for 1 records
2026-08-10 06:24:51,481 | INFO     | gold.dim_products | New watermark: 2024-12-15 00:00:00
2026-08-10 06:24:51,482 | INFO     | gold.dim_products | Incremental load completed for catalog_project1.gold.dim_products
2026-08-10 06:24:51,483 | INFO     | gold.dim_products | Gold pipeline for catalog_project1.gold.dim_products completed successfully
2026-08-10 06:24:53,041 | INFO     | gold.dim_products | Audit for catalog_project1.gold.dim_products is written successfully
