2026-08-03 12:13:17,793 | INFO     | gold.dim_products | Logging to file: /Workspace/Users/krishnasumanbhaipatel@gmail.com/Practice Folder/lakehouse-practice-project/logs/gold_dim_products_20260803.log
2026-08-03 12:13:17,794 | INFO     | gold.dim_products | Starting Gold pipeline at 2026-08-03 12:13:17.077725
2026-08-03 12:13:18,737 | INFO     | gold.dim_products | Read 10 records from catalog_project1.silver.clean_products table
2026-08-03 12:13:19,293 | INFO     | gold.dim_products | Incremental load from catalog_project1.silver.clean_products table
2026-08-03 12:13:35,939 | INFO     | gold.dim_products | Updated 10 records in catalog_project1.gold.dim_products
2026-08-03 12:13:36,760 | INFO     | gold.dim_products | Incremental load completed for catalog_project1.gold.dim_products
2026-08-03 12:13:36,761 | INFO     | gold.dim_products | Gold pipeline for catalog_project1.gold.dim_products completed successfully
2026-08-03 12:18:14,350 | INFO     | gold.dim_products | Logging to file: /Workspace/Users/krishnasumanbhaipatel@gmail.com/Practice Folder/lakehouse-practice-project/logs/gold_dim_products_20260803.log
2026-08-03 12:18:14,351 | INFO     | gold.dim_products | Starting Gold pipeline at 2026-08-03 12:18:13.767365
2026-08-03 12:18:14,812 | INFO     | gold.dim_products | Read 10 records from catalog_project1.silver.clean_products table
2026-08-03 12:18:15,029 | INFO     | gold.dim_products | Incremental load from catalog_project1.silver.clean_products table
2026-08-03 12:18:23,011 | INFO     | gold.dim_products | Updated 10 records in catalog_project1.gold.dim_products
2026-08-03 12:18:23,698 | INFO     | gold.dim_products | Incremental load completed for catalog_project1.gold.dim_products
2026-08-03 12:18:23,699 | INFO     | gold.dim_products | Gold pipeline for catalog_project1.gold.dim_products completed successfully
2026-08-03 12:18:26,078 | INFO     | gold.dim_products | Audit for catalog_project1.gold.dim_products written successfully
2026-08-03 12:30:10,784 | INFO     | gold.dim_products | Logging to file: /Workspace/Users/krishnasumanbhaipatel@gmail.com/Practice Folder/lakehouse-practice-project/logs/gold_dim_products_20260803.log
2026-08-03 12:30:10,785 | INFO     | gold.dim_products | Starting Gold pipeline at 2026-08-03 12:30:10.191656
2026-08-03 12:30:11,123 | INFO     | gold.dim_products | Read 10 records from catalog_project1.silver.clean_products table
2026-08-03 12:30:11,317 | INFO     | gold.dim_products | Initial load from catalog_project1.silver.clean_products table
2026-08-03 12:30:16,888 | INFO     | gold.dim_products | New watermark: 2024-11-30 00:00:00
2026-08-03 12:30:16,892 | INFO     | gold.dim_products | Initial load completed for catalog_project1.gold.dim_products
2026-08-03 12:30:16,893 | INFO     | gold.dim_products | Gold pipeline for catalog_project1.gold.dim_products completed successfully
2026-08-03 12:30:18,506 | INFO     | gold.dim_products | Audit for catalog_project1.gold.dim_products written successfully
2026-08-03 12:32:29,981 | INFO     | gold.dim_products | Logging to file: /Workspace/Users/krishnasumanbhaipatel@gmail.com/Practice Folder/lakehouse-practice-project/logs/gold_dim_products_20260803.log
2026-08-03 12:32:29,982 | INFO     | gold.dim_products | Starting Gold pipeline at 2026-08-03 12:32:29.351891
2026-08-03 12:32:30,380 | INFO     | gold.dim_products | Read 1 records from catalog_project1.silver.clean_products table
2026-08-03 12:32:30,619 | INFO     | gold.dim_products | Incremental load from catalog_project1.silver.clean_products table
2026-08-03 12:32:38,302 | INFO     | gold.dim_products | Updated 1 records in catalog_project1.gold.dim_products
2026-08-03 12:32:39,386 | INFO     | gold.dim_products | Incremental load completed for catalog_project1.gold.dim_products
2026-08-03 12:32:39,387 | INFO     | gold.dim_products | Gold pipeline for catalog_project1.gold.dim_products completed successfully
2026-08-03 12:32:40,983 | INFO     | gold.dim_products | Audit for catalog_project1.gold.dim_products written successfully
2026-08-03 12:38:37,674 | INFO     | gold.dim_products | Logging to file: /Workspace/Users/krishnasumanbhaipatel@gmail.com/Practice Folder/lakehouse-practice-project/logs/gold_dim_products_20260803.log
2026-08-03 12:38:37,675 | INFO     | gold.dim_products | Starting Gold pipeline at 2026-08-03 12:38:36.815805
2026-08-03 12:38:38,078 | INFO     | gold.dim_products | Read 1 records from catalog_project1.silver.clean_products table
2026-08-03 12:38:38,286 | INFO     | gold.dim_products | Incremental load from catalog_project1.silver.clean_products table
2026-08-03 12:38:44,630 | INFO     | gold.dim_products | Updated 1 records in catalog_project1.gold.dim_products
2026-08-03 12:38:45,692 | INFO     | gold.dim_products | Incremental load completed for catalog_project1.gold.dim_products
2026-08-03 12:38:45,693 | INFO     | gold.dim_products | Gold pipeline for catalog_project1.gold.dim_products completed successfully
2026-08-03 12:38:47,308 | INFO     | gold.dim_products | Audit for catalog_project1.gold.dim_products written successfully
2026-08-03 12:39:48,433 | INFO     | gold.dim_products | Logging to file: /Workspace/Users/krishnasumanbhaipatel@gmail.com/Practice Folder/lakehouse-practice-project/logs/gold_dim_products_20260803.log
2026-08-03 12:39:48,434 | INFO     | gold.dim_products | Starting Gold pipeline at 2026-08-03 12:39:47.786344
2026-08-03 12:39:48,809 | INFO     | gold.dim_products | Read 0 records from catalog_project1.silver.clean_products table
2026-08-03 12:39:49,019 | INFO     | gold.dim_products | Incremental load from catalog_project1.silver.clean_products table
2026-08-03 12:39:52,002 | INFO     | gold.dim_products | Incremental load completed for catalog_project1.gold.dim_products
2026-08-03 12:39:52,004 | INFO     | gold.dim_products | Gold pipeline for catalog_project1.gold.dim_products completed successfully
2026-08-03 12:39:53,411 | INFO     | gold.dim_products | Audit for catalog_project1.gold.dim_products written successfully
2026-08-03 12:59:12,993 | INFO     | gold.dim_products | Logging to file: /Workspace/Users/krishnasumanbhaipatel@gmail.com/Practice Folder/lakehouse-practice-project/logs/gold_dim_products_20260803.log
2026-08-03 12:59:12,995 | INFO     | gold.dim_products | Starting Gold pipeline at 2026-08-03 12:59:12.499333
2026-08-03 12:59:13,552 | INFO     | gold.dim_products | Read 2 records from catalog_project1.silver.clean_products table
2026-08-03 12:59:13,745 | INFO     | gold.dim_products | Incremental load from catalog_project1.silver.clean_products table
2026-08-03 12:59:15,166 | ERROR    | gold.dim_products | Gold pipeline failed: [NUM_COLUMNS_MISMATCH] UNION can only be performed on inputs with the same number of columns, but the first input has 16 columns and the second input has 28 columns. SQLSTATE: 42826;
'Union false, false
:- Filter (is_current#43197 = true)
:  +- SubqueryAlias catalog_project1.gold.dim_products
:     +- Relation catalog_project1.gold.dim_products[product_id#43182,product_name#43183,category#43184,brand#43185,price#43186,created_date#43187,modified_date#43188,_ingestion_job_id#43189,_source_table#43190,_ingestion_pipeline_id#43191,ingestion_timestamp#43192,updation_timestamp#43193,product_key#43194L,effective_from#43195,effective_to#43196,is_current#43197] parquet
+- Project [product_id#43096, product_name#43097, category#43098, brand#43099, price#43100, created_date#43101, modified_date#43102, _ingestion_job_id#43103, catalog_project1.silver.clean_products AS _source_table#43155, 59cdeed7-3375-4a0d-af81-86daaa2534e4 AS _ingestion_pipeline_id#43156, current_timestamp() AS ingestion_timestamp#43157, current_timestamp() AS updation_timestamp#43158, product_id#43124, product_name#43125, category#43126, brand#43127, price#43128, created_date#43129, modified_date#43130, _ingestion_job_id#43131, catalog_project1.silver.clean_products AS _source_table#43159, 59cdeed7-3375-4a0d-af81-86daaa2534e4 AS _ingestion_pipeline_id#43160, current_timestamp() AS ingestion_timestamp#43161, current_timestamp() AS updation_timestamp#43162, product_key#43145, ... 3 more fields]
   +- Window [product_id#43096, product_name#43097, category#43098, brand#43099, price#43100, created_date#43101, modified_date#43102, _ingestion_job_id#43103, _source_table#43104, _ingestion_pipeline_id#43105, ingestion_timestamp#43106, updation_timestamp#43107, product_id#43124, product_name#43125, category#43126, brand#43127, price#43128, created_date#43129, modified_date#43130, _ingestion_job_id#43131, _source_table#43132, _ingestion_pipeline_id#43133, ingestion_timestamp#43134, updation_timestamp#43135, (row_number() windowspecdefinition(_nondeterministic#43147L ASC NULLS FIRST, specifiedwindowframe(RowFrame, unboundedpreceding$(), currentrow$())) + 10) AS product_key#43145, ... 3 more fields], [_nondeterministic#43147L ASC NULLS FIRST]
      +- Project [product_id#43096, product_name#43097, category#43098, brand#43099, price#43100, created_date#43101, modified_date#43102, _ingestion_job_id#43103, _source_table#43104, _ingestion_pipeline_id#43105, ingestion_timestamp#43106, updation_timestamp#43107, product_id#43124, product_name#43125, category#43126, brand#43127, price#43128, created_date#43129, modified_date#43130, _ingestion_job_id#43131, _source_table#43132, _ingestion_pipeline_id#43133, ingestion_timestamp#43134, updation_timestamp#43135, effective_from#43137, ... 3 more fields]
         +- Project [product_id#43096, product_name#43097, category#43098, brand#43099, price#43100, created_date#43101, modified_date#43102, _ingestion_job_id#43103, _source_table#43104, _ingestion_pipeline_id#43105, ingestion_timestamp#43106, updation_timestamp#43107, product_id#43124, product_name#43125, category#43126, brand#43127, price#43128, created_date#43129, modified_date#43130, _ingestion_job_id#43131, _source_table#43132, _ingestion_pipeline_id#43133, ingestion_timestamp#43134, updation_timestamp#43135, effective_from#43137, ... 2 more fields]
            +- Filter isnull(product_id#43124)
               +- Join LeftOuter, (product_id#43096 = product_id#43124)
                  :- SubqueryAlias s
                  :  +- Filter (modified_date#43102 > 2024-11-30 00:00:00)
                  :     +- SubqueryAlias catalog_project1.silver.clean_products
                  :        +- Relation catalog_project1.silver.clean_products[product_id#43096,product_name#43097,category#43098,brand#43099,price#43100,created_date#43101,modified_date#43102,_ingestion_job_id#43103,_source_table#43104,_ingestion_pipeline_id#43105,ingestion_timestamp#43106,updation_timestamp#43107] parquet
                  +- SubqueryAlias d
                     +- Filter (is_current#43139 = true)
                        +- SubqueryAlias catalog_project1.gold.dim_products
                           +- Relation catalog_project1.gold.dim_products[product_id#43124,product_name#43125,category#43126,brand#43127,price#43128,created_date#43129,modified_date#43130,_ingestion_job_id#43131,_source_table#43132,_ingestion_pipeline_id#43133,ingestion_timestamp#43134,updation_timestamp#43135,product_key#43136L,effective_from#43137,effective_to#43138,is_current#43139] parquet


JVM stacktrace:
org.apache.spark.sql.catalyst.ExtendedAnalysisException
	at org.apache.spark.sql.errors.QueryCompilationErrors$.numColumnsMismatch(QueryCompilationErrors.scala:7352)
	at org.apache.spark.sql.catalyst.analysis.CheckAnalysis.$anonfun$checkAnalysis0$49(CheckAnalysis.scala:1049)
	at org.apache.spark.sql.catalyst.analysis.CheckAnalysis.$anonfun$checkAnalysis0$49$adapted(CheckAnalysis.scala:1041)
	at scala.collection.immutable.Vector.foreach(Vector.scala:2125)
	at org.apache.spark.sql.catalyst.analysis.CheckAnalysis.$anonfun$checkAnalysis0$2(CheckAnalysis.scala:1041)
	at org.apache.spark.sql.catalyst.analysis.CheckAnalysis.$anonfun$checkAnalysis0$2$adapted(CheckAnalysis.scala:410)
	at org.apache.spark.sql.catalyst.trees.TreeNode.foreachUp(TreeNode.scala:392)
	at org.apache.spark.sql.catalyst.analysis.CheckAnalysis.checkAnalysis0(CheckAnalysis.scala:410)
	at org.apache.spark.sql.catalyst.analysis.CheckAnalysis.checkAnalysis0$(CheckAnalysis.scala:377)
	at org.apache.spark.sql.catalyst.analysis.Analyzer.checkAnalysis0(Analyzer.scala:636)
	at org.apache.spark.sql.catalyst.analysis.CheckAnalysis.$anonfun$checkAnalysis$1(CheckAnalysis.scala:362)
	at scala.runtime.java8.JFunction0$mcV$sp.apply(JFunction0$mcV$sp.scala:18)
	at com.databricks.spark.util.FrameProfiler$.$anonfun$record$1(FrameProfiler.scala:114)
	at com.databricks.spark.util.FrameProfilerExporter$.maybeExportFrameProfiler(FrameProfilerExporter.scala:201)
	at com.databricks.spark.util.FrameProfiler$.record(FrameProfiler.scala:105)
	at org.apache.spark.sql.catalyst.analysis.CheckAnalysis.checkAnalysis(CheckAnalysis.scala:349)
	at org.apache.spark.sql.catalyst.analysis.CheckAnalysis.checkAnalysis$(CheckAnalysis.scala:345)
	at org.apache.spark.sql.catalyst.analysis.Analyzer.checkAnalysis(Analyzer.scala:636)
	at org.apache.spark.sql.catalyst.analysis.resolver.HybridAnalyzer.$anonfun$resolveInFixedPoint$1(HybridAnalyzer.scala:417)
	at scala.runtime.java8.JFunction0$mcV$sp.apply(JFunction0$mcV$sp.scala:18)
	at org.apache.spark.sql.catalyst.QueryPlanningTracker$.withTracker(QueryPlanningTracker.scala:275)
	at org.apache.spark.sql.catalyst.analysis.resolver.HybridAnalyzer.resolveInFixedPoint(HybridAnalyzer.scala:417)
	at org.apache.spark.sql.catalyst.analysis.resolver.HybridAnalyzer.$anonfun$apply$1(HybridAnalyzer.scala:98)
	at org.apache.spark.sql.catalyst.analysis.resolver.HybridAnalyzer.withTrackedAnalyzerBridgeState(HybridAnalyzer.scala:135)
	at org.apache.spark.sql.catalyst.analysis.resolver.HybridAnalyzer.apply(HybridAnalyzer.scala:91)
	at org.apache.spark.sql.catalyst.analysis.Analyzer.$anonfun$executeAndCheck$2(Analyzer.scala:703)
	at org.apache.spark.sql.catalyst.plans.logical.AnalysisHelper$.markInAnalyzer(AnalysisHelper.scala:425)
	at org.apache.spark.sql.catalyst.analysis.Analyzer.$anonfun$executeAndCheck$1(Analyzer.scala:703)
	at com.databricks.sql.unity.SAMSnapshotHelper$.visitPlansDuringAnalysis(SAMSnapshotHelper.scala:43)
	at org.apache.spark.sql.catalyst.analysis.Analyzer.executeAndCheck(Analyzer.scala:692)
	at org.apache.spark.sql.execution.QueryExecution.$anonfun$lazyAnalyzed$3(QueryExecution.scala:607)
	at com.databricks.spark.util.FrameProfiler$.$anonfun$record$1(FrameProfiler.scala:114)
	at com.databricks.spark.util.FrameProfilerExporter$.maybeExportFrameProfiler(FrameProfilerExporter.scala:201)
	at com.databricks.spark.util.FrameProfiler$.record(FrameProfiler.scala:105)
	at org.apache.spark.sql.catalyst.QueryPlanningTracker.measurePhase(QueryPlanningTracker.scala:1021)
	at org.apache.spark.sql.execution.QueryExecution.$anonfun$executePhase$8(QueryExecution.scala:1073)
	at org.apache.spark.sql.execution.SQLExecution$.$anonfun$withExecutionPhase$1(SQLExecution.scala:337)
	at com.databricks.util.TracingSpanUtils$.withTracing(TracingSpanUtils.scala:251)
	at com.databricks.spark.util.DatabricksTracingHelper.withSpan(DatabricksSparkTracingHelper.scala:154)
	at com.databricks.spark.util.DBRTracing$.withSpan(DBRTracing.scala:87)
	at org.apache.spark.sql.execution.SQLExecution$.withExecutionPhase(SQLExecution.scala:318)
	at org.apache.spark.sql.execution.QueryExecution.$anonfun$executePhase$7(QueryExecution.scala:1073)
	at org.apache.spark.sql.execution.QueryExecution$.withInternalError(QueryExecution.scala:1822)
	at org.apache.spark.sql.execution.QueryExecution.$anonfun$executePhase$5(QueryExecution.scala:1066)
	at com.databricks.util.LexicalThreadLocal$Handle.runWith(LexicalThreadLocal.scala:63)
	at org.apache.spark.sql.execution.QueryExecution.$anonfun$executePhase$4(QueryExecution.scala:1063)
	at com.databricks.util.LexicalThreadLocal$Handle.runWith(LexicalThreadLocal.scala:63)
	at org.apache.spark.sql.execution.QueryExecution.$anonfun$executePhase$3(QueryExecution.scala:1063)
	at com.databricks.util.LexicalThreadLocal$Handle.runWith(LexicalThreadLocal.scala:63)
	at org.apache.spark.sql.execution.QueryExecution.$anonfun$executePhase$2(QueryExecution.scala:1062)
	at com.databricks.util.LexicalThreadLocal$Handle.runWith(LexicalThreadLocal.scala:63)
	at org.apache.spark.sql.execution.QueryExecution.localBlock$1(QueryExecution.scala:1043)
	at org.apache.spark.sql.execution.QueryExecution.$anonfun$withQueryExecutionId$4(QueryExecution.scala:1053)
	at com.databricks.unity.UCSManager$.withTemporaryScope(UCSManager.scala:168)
	at org.apache.spark.sql.execution.QueryExecution.$anonfun$withQueryExecutionId$3(QueryExecution.scala:1052)
	at org.apache.spark.sql.execution.QueryExecution$.$anonfun$runWithWrappers$2(QueryExecution.scala:2075)
	at org.apache.spark.sql.execution.QueryExecution$.org$apache$spark$sql$execution$QueryExecution$$runWithWrappers(QueryExecution.scala:2074)
	at org.apache.spark.sql.execution.QueryExecution.withQueryExecutionId(QueryExecution.scala:1053)
	at org.apache.spark.sql.execution.QueryExecution.$anonfun$executePhase$1(QueryExecution.scala:1061)
	at org.apache.spark.sql.SparkSession.withActive(SparkSession.scala:866)
	at org.apache.spark.sql.execution.QueryExecution.executePhase(QueryExecution.scala:1060)
	at org.apache.spark.sql.execution.QueryExecution.$anonfun$lazyAnalyzed$2(QueryExecution.scala:598)
	at com.databricks.sql.util.MemoryTrackerHelper.withMemoryTracking(MemoryTrackerHelper.scala:111)
	at org.apache.spark.sql.execution.QueryExecution.$anonfun$lazyAnalyzed$1(QueryExecution.scala:597)
	at scala.util.Try$.apply(Try.scala:217)
	at org.apache.spark.util.Utils$.doTryWithCallerStacktrace(Utils.scala:1796)
	at org.apache.spark.util.Utils$.getTryWithCallerStacktrace(Utils.scala:1846)
	at org.apache.spark.util.LazyTry.get(LazyTry.scala:78)
	at org.apache.spark.sql.execution.QueryExecution.analyzed(QueryExecution.scala:661)
	at org.apache.spark.sql.execution.QueryExecution.assertAnalyzed(QueryExecution.scala:520)
	at org.apache.spark.sql.classic.Dataset$.$anonfun$ofRows$13(Dataset.scala:256)
	at org.apache.spark.sql.SparkSession.withActive(SparkSession.scala:866)
	at org.apache.spark.sql.classic.Dataset$.ofRows(Dataset.scala:253)
	at org.apache.spark.sql.connect.planner.SparkConnectPlanner.handleWriteOperation(SparkConnectPlanner.scala:4564)
	at org.apache.spark.sql.connect.planner.SparkConnectPlanner.process(SparkConnectPlanner.scala:3782)
	at org.apache.spark.sql.connect.execution.ExecuteThreadRunner.handleCommand(ExecuteThreadRunner.scala:530)
	at org.apache.spark.sql.connect.execution.ExecuteThreadRunner.$anonfun$executeInternal$1(ExecuteThreadRunner.scala:420)
	at org.apache.spark.sql.connect.execution.ExecuteThreadRunner.$anonfun$executeInternal$1$adapted(ExecuteThreadRunner.scala:340)
	at org.apache.spark.sql.connect.service.SessionHolder.$anonfun$withSession$2(SessionHolder.scala:844)
	at org.apache.spark.sql.SparkSession.withActive(SparkSession.scala:866)
	at org.apache.spark.sql.connect.service.SessionHolder.$anonfun$withSession$1(SessionHolder.scala:844)
	at org.apache.spark.JobArtifactSet$.withActiveJobArtifactState(JobArtifactSet.scala:97)
	at org.apache.spark.sql.artifact.ArtifactManager.$anonfun$withResources$1(ArtifactManager.scala:124)
	at org.apache.spark.sql.artifact.ArtifactManager.withClassLoaderIfNeeded(ArtifactManager.scala:118)
	at org.apache.spark.sql.artifact.ArtifactManager.withResources(ArtifactManager.scala:123)
	at org.apache.spark.sql.connect.service.SessionHolder.withSession(SessionHolder.scala:843)
	at org.apache.spark.sql.connect.execution.ExecuteThreadRunner.executeInternal(ExecuteThreadRunner.scala:340)
	at org.apache.spark.sql.connect.execution.ExecuteThreadRunner.$anonfun$execute$1(ExecuteThreadRunner.scala:200)
	at scala.runtime.java8.JFunction0$mcV$sp.apply(JFunction0$mcV$sp.scala:18)
	at com.databricks.spark.connect.service.UtilizationMetrics.recordActiveQueries(UtilizationMetrics.scala:92)
	at com.databricks.spark.connect.service.UtilizationMetrics.recordActiveQueries$(UtilizationMetrics.scala:89)
	at org.apache.spark.sql.connect.execution.ExecuteThreadRunner.recordActiveQueries(ExecuteThreadRunner.scala:61)
	at org.apache.spark.sql.connect.execution.ExecuteThreadRunner.org$apache$spark$sql$connect$execution$ExecuteThreadRunner$$execute(ExecuteThreadRunner.scala:192)
	at org.apache.spark.sql.connect.execution.ExecuteThreadRunner$ExecutionThread.$anonfun$run$3(ExecuteThreadRunner.scala:601)
	at scala.runtime.java8.JFunction0$mcV$sp.apply(JFunction0$mcV$sp.scala:18)
	at com.databricks.spark.util.DBRTracing$.withSpanFromParent(DBRTracing.scala:70)
	at org.apache.spark.sql.connect.execution.ExecuteThreadRunner$ExecutionThread.$anonfun$run$2(ExecuteThreadRunner.scala:601)
	at scala.runtime.java8.JFunction0$mcV$sp.apply(JFunction0$mcV$sp.scala:18)
	at com.databricks.unity.UCSEphemeralState$Handle.runWith(UCSEphemeralState.scala:51)
	at com.databricks.unity.HandleImpl.runWith(UCSHandle.scala:128)
	at com.databricks.unity.HandleImpl.$anonfun$runWithAndClose$1(UCSHandle.scala:133)
	at scala.util.Using$.resource(Using.scala:296)
	at com.databricks.unity.HandleImpl.runWithAndClose(UCSHandle.scala:132)
	at org.apache.spark.sql.connect.execution.ExecuteThreadRunner$ExecutionThread.run(ExecuteThreadRunner.scala:600)
Traceback (most recent call last):
  File "/home/spark-8f5b6315-bde7-4763-ab71-87/.ipykernel/96/command-6029136220637170-2799071480", line 95, in <module>
    dim_product.write.mode("append").format("delta").saveAsTable("catalog_project1.gold.dim_products")
  File "/databricks/python/lib/python3.12/site-packages/pyspark/sql/connect/readwriter.py", line 737, in saveAsTable
    _, _, ei = self._spark.client.execute_command(
               ^^^^^^^^^^^^^^^^^^^^^^^^^^^^^^^^^^^
  File "/databricks/python/lib/python3.12/site-packages/pyspark/sql/connect/client/core.py", line 1538, in execute_command
    data, _, metrics, observed_metrics, properties = self._execute_and_fetch(
                                                     ^^^^^^^^^^^^^^^^^^^^^^^^
  File "/databricks/python/lib/python3.12/site-packages/pyspark/sql/connect/client/core.py", line 2086, in _execute_and_fetch
    for response in self._execute_and_fetch_as_iterator(
  File "/databricks/python/lib/python3.12/site-packages/pyspark/sql/connect/client/core.py", line 2062, in _execute_and_fetch_as_iterator
    self._handle_error(error)
  File "/databricks/python/lib/python3.12/site-packages/pyspark/sql/connect/client/core.py", line 2380, in _handle_error
    self._handle_rpc_error(error)
  File "/databricks/python/lib/python3.12/site-packages/pyspark/sql/connect/client/core.py", line 2458, in _handle_rpc_error
    raise convert_exception(
pyspark.errors.exceptions.connect.AnalysisException: [NUM_COLUMNS_MISMATCH] UNION can only be performed on inputs with the same number of columns, but the first input has 16 columns and the second input has 28 columns. SQLSTATE: 42826;
'Union false, false
:- Filter (is_current#43197 = true)
:  +- SubqueryAlias catalog_project1.gold.dim_products
:     +- Relation catalog_project1.gold.dim_products[product_id#43182,product_name#43183,category#43184,brand#43185,price#43186,created_date#43187,modified_date#43188,_ingestion_job_id#43189,_source_table#43190,_ingestion_pipeline_id#43191,ingestion_timestamp#43192,updation_timestamp#43193,product_key#43194L,effective_from#43195,effective_to#43196,is_current#43197] parquet
+- Project [product_id#43096, product_name#43097, category#43098, brand#43099, price#43100, created_date#43101, modified_date#43102, _ingestion_job_id#43103, catalog_project1.silver.clean_products AS _source_table#43155, 59cdeed7-3375-4a0d-af81-86daaa2534e4 AS _ingestion_pipeline_id#43156, current_timestamp() AS ingestion_timestamp#43157, current_timestamp() AS updation_timestamp#43158, product_id#43124, product_name#43125, category#43126, brand#43127, price#43128, created_date#43129, modified_date#43130, _ingestion_job_id#43131, catalog_project1.silver.clean_products AS _source_table#43159, 59cdeed7-3375-4a0d-af81-86daaa2534e4 AS _ingestion_pipeline_id#43160, current_timestamp() AS ingestion_timestamp#43161, current_timestamp() AS updation_timestamp#43162, product_key#43145, ... 3 more fields]
   +- Window [product_id#43096, product_name#43097, category#43098, brand#43099, price#43100, created_date#43101, modified_date#43102, _ingestion_job_id#43103, _source_table#43104, _ingestion_pipeline_id#43105, ingestion_timestamp#43106, updation_timestamp#43107, product_id#43124, product_name#43125, category#43126, brand#43127, price#43128, created_date#43129, modified_date#43130, _ingestion_job_id#43131, _source_table#43132, _ingestion_pipeline_id#43133, ingestion_timestamp#43134, updation_timestamp#43135, (row_number() windowspecdefinition(_nondeterministic#43147L ASC NULLS FIRST, specifiedwindowframe(RowFrame, unboundedpreceding$(), currentrow$())) + 10) AS product_key#43145, ... 3 more fields], [_nondeterministic#43147L ASC NULLS FIRST]
      +- Project [product_id#43096, product_name#43097, category#43098, brand#43099, price#43100, created_date#43101, modified_date#43102, _ingestion_job_id#43103, _source_table#43104, _ingestion_pipeline_id#43105, ingestion_timestamp#43106, updation_timestamp#43107, product_id#43124, product_name#43125, category#43126, brand#43127, price#43128, created_date#43129, modified_date#43130, _ingestion_job_id#43131, _source_table#43132, _ingestion_pipeline_id#43133, ingestion_timestamp#43134, updation_timestamp#43135, effective_from#43137, ... 3 more fields]
         +- Project [product_id#43096, product_name#43097, category#43098, brand#43099, price#43100, created_date#43101, modified_date#43102, _ingestion_job_id#43103, _source_table#43104, _ingestion_pipeline_id#43105, ingestion_timestamp#43106, updation_timestamp#43107, product_id#43124, product_name#43125, category#43126, brand#43127, price#43128, created_date#43129, modified_date#43130, _ingestion_job_id#43131, _source_table#43132, _ingestion_pipeline_id#43133, ingestion_timestamp#43134, updation_timestamp#43135, effective_from#43137, ... 2 more fields]
            +- Filter isnull(product_id#43124)
               +- Join LeftOuter, (product_id#43096 = product_id#43124)
                  :- SubqueryAlias s
                  :  +- Filter (modified_date#43102 > 2024-11-30 00:00:00)
                  :     +- SubqueryAlias catalog_project1.silver.clean_products
                  :        +- Relation catalog_project1.silver.clean_products[product_id#43096,product_name#43097,category#43098,brand#43099,price#43100,created_date#43101,modified_date#43102,_ingestion_job_id#43103,_source_table#43104,_ingestion_pipeline_id#43105,ingestion_timestamp#43106,updation_timestamp#43107] parquet
                  +- SubqueryAlias d
                     +- Filter (is_current#43139 = true)
                        +- SubqueryAlias catalog_project1.gold.dim_products
                           +- Relation catalog_project1.gold.dim_products[product_id#43124,product_name#43125,category#43126,brand#43127,price#43128,created_date#43129,modified_date#43130,_ingestion_job_id#43131,_source_table#43132,_ingestion_pipeline_id#43133,ingestion_timestamp#43134,updation_timestamp#43135,product_key#43136L,effective_from#43137,effective_to#43138,is_current#43139] parquet


JVM stacktrace:
org.apache.spark.sql.catalyst.ExtendedAnalysisException
	at org.apache.spark.sql.errors.QueryCompilationErrors$.numColumnsMismatch(QueryCompilationErrors.scala:7352)
	at org.apache.spark.sql.catalyst.analysis.CheckAnalysis.$anonfun$checkAnalysis0$49(CheckAnalysis.scala:1049)
	at org.apache.spark.sql.catalyst.analysis.CheckAnalysis.$anonfun$checkAnalysis0$49$adapted(CheckAnalysis.scala:1041)
	at scala.collection.immutable.Vector.foreach(Vector.scala:2125)
	at org.apache.spark.sql.catalyst.analysis.CheckAnalysis.$anonfun$checkAnalysis0$2(CheckAnalysis.scala:1041)
	at org.apache.spark.sql.catalyst.analysis.CheckAnalysis.$anonfun$checkAnalysis0$2$adapted(CheckAnalysis.scala:410)
	at org.apache.spark.sql.catalyst.trees.TreeNode.foreachUp(TreeNode.scala:392)
	at org.apache.spark.sql.catalyst.analysis.CheckAnalysis.checkAnalysis0(CheckAnalysis.scala:410)
	at org.apache.spark.sql.catalyst.analysis.CheckAnalysis.checkAnalysis0$(CheckAnalysis.scala:377)
	at org.apache.spark.sql.catalyst.analysis.Analyzer.checkAnalysis0(Analyzer.scala:636)
	at org.apache.spark.sql.catalyst.analysis.CheckAnalysis.$anonfun$checkAnalysis$1(CheckAnalysis.scala:362)
	at scala.runtime.java8.JFunction0$mcV$sp.apply(JFunction0$mcV$sp.scala:18)
	at com.databricks.spark.util.FrameProfiler$.$anonfun$record$1(FrameProfiler.scala:114)
	at com.databricks.spark.util.FrameProfilerExporter$.maybeExportFrameProfiler(FrameProfilerExporter.scala:201)
	at com.databricks.spark.util.FrameProfiler$.record(FrameProfiler.scala:105)
	at org.apache.spark.sql.catalyst.analysis.CheckAnalysis.checkAnalysis(CheckAnalysis.scala:349)
	at org.apache.spark.sql.catalyst.analysis.CheckAnalysis.checkAnalysis$(CheckAnalysis.scala:345)
	at org.apache.spark.sql.catalyst.analysis.Analyzer.checkAnalysis(Analyzer.scala:636)
	at org.apache.spark.sql.catalyst.analysis.resolver.HybridAnalyzer.$anonfun$resolveInFixedPoint$1(HybridAnalyzer.scala:417)
	at scala.runtime.java8.JFunction0$mcV$sp.apply(JFunction0$mcV$sp.scala:18)
	at org.apache.spark.sql.catalyst.QueryPlanningTracker$.withTracker(QueryPlanningTracker.scala:275)
	at org.apache.spark.sql.catalyst.analysis.resolver.HybridAnalyzer.resolveInFixedPoint(HybridAnalyzer.scala:417)
	at org.apache.spark.sql.catalyst.analysis.resolver.HybridAnalyzer.$anonfun$apply$1(HybridAnalyzer.scala:98)
	at org.apache.spark.sql.catalyst.analysis.resolver.HybridAnalyzer.withTrackedAnalyzerBridgeState(HybridAnalyzer.scala:135)
	at org.apache.spark.sql.catalyst.analysis.resolver.HybridAnalyzer.apply(HybridAnalyzer.scala:91)
	at org.apache.spark.sql.catalyst.analysis.Analyzer.$anonfun$executeAndCheck$2(Analyzer.scala:703)
	at org.apache.spark.sql.catalyst.plans.logical.AnalysisHelper$.markInAnalyzer(AnalysisHelper.scala:425)
	at org.apache.spark.sql.catalyst.analysis.Analyzer.$anonfun$executeAndCheck$1(Analyzer.scala:703)
	at com.databricks.sql.unity.SAMSnapshotHelper$.visitPlansDuringAnalysis(SAMSnapshotHelper.scala:43)
	at org.apache.spark.sql.catalyst.analysis.Analyzer.executeAndCheck(Analyzer.scala:692)
	at org.apache.spark.sql.execution.QueryExecution.$anonfun$lazyAnalyzed$3(QueryExecution.scala:607)
	at com.databricks.spark.util.FrameProfiler$.$anonfun$record$1(FrameProfiler.scala:114)
	at com.databricks.spark.util.FrameProfilerExporter$.maybeExportFrameProfiler(FrameProfilerExporter.scala:201)
	at com.databricks.spark.util.FrameProfiler$.record(FrameProfiler.scala:105)
	at org.apache.spark.sql.catalyst.QueryPlanningTracker.measurePhase(QueryPlanningTracker.scala:1021)
	at org.apache.spark.sql.execution.QueryExecution.$anonfun$executePhase$8(QueryExecution.scala:1073)
	at org.apache.spark.sql.execution.SQLExecution$.$anonfun$withExecutionPhase$1(SQLExecution.scala:337)
	at com.databricks.util.TracingSpanUtils$.withTracing(TracingSpanUtils.scala:251)
	at com.databricks.spark.util.DatabricksTracingHelper.withSpan(DatabricksSparkTracingHelper.scala:154)
	at com.databricks.spark.util.DBRTracing$.withSpan(DBRTracing.scala:87)
	at org.apache.spark.sql.execution.SQLExecution$.withExecutionPhase(SQLExecution.scala:318)
	at org.apache.spark.sql.execution.QueryExecution.$anonfun$executePhase$7(QueryExecution.scala:1073)
	at org.apache.spark.sql.execution.QueryExecution$.withInternalError(QueryExecution.scala:1822)
	at org.apache.spark.sql.execution.QueryExecution.$anonfun$executePhase$5(QueryExecution.scala:1066)
	at com.databricks.util.LexicalThreadLocal$Handle.runWith(LexicalThreadLocal.scala:63)
	at org.apache.spark.sql.execution.QueryExecution.$anonfun$executePhase$4(QueryExecution.scala:1063)
	at com.databricks.util.LexicalThreadLocal$Handle.runWith(LexicalThreadLocal.scala:63)
	at org.apache.spark.sql.execution.QueryExecution.$anonfun$executePhase$3(QueryExecution.scala:1063)
	at com.databricks.util.LexicalThreadLocal$Handle.runWith(LexicalThreadLocal.scala:63)
	at org.apache.spark.sql.execution.QueryExecution.$anonfun$executePhase$2(QueryExecution.scala:1062)
	at com.databricks.util.LexicalThreadLocal$Handle.runWith(LexicalThreadLocal.scala:63)
	at org.apache.spark.sql.execution.QueryExecution.localBlock$1(QueryExecution.scala:1043)
	at org.apache.spark.sql.execution.QueryExecution.$anonfun$withQueryExecutionId$4(QueryExecution.scala:1053)
	at com.databricks.unity.UCSManager$.withTemporaryScope(UCSManager.scala:168)
	at org.apache.spark.sql.execution.QueryExecution.$anonfun$withQueryExecutionId$3(QueryExecution.scala:1052)
	at org.apache.spark.sql.execution.QueryExecution$.$anonfun$runWithWrappers$2(QueryExecution.scala:2075)
	at org.apache.spark.sql.execution.QueryExecution$.org$apache$spark$sql$execution$QueryExecution$$runWithWrappers(QueryExecution.scala:2074)
	at org.apache.spark.sql.execution.QueryExecution.withQueryExecutionId(QueryExecution.scala:1053)
	at org.apache.spark.sql.execution.QueryExecution.$anonfun$executePhase$1(QueryExecution.scala:1061)
	at org.apache.spark.sql.SparkSession.withActive(SparkSession.scala:866)
	at org.apache.spark.sql.execution.QueryExecution.executePhase(QueryExecution.scala:1060)
	at org.apache.spark.sql.execution.QueryExecution.$anonfun$lazyAnalyzed$2(QueryExecution.scala:598)
	at com.databricks.sql.util.MemoryTrackerHelper.withMemoryTracking(MemoryTrackerHelper.scala:111)
	at org.apache.spark.sql.execution.QueryExecution.$anonfun$lazyAnalyzed$1(QueryExecution.scala:597)
	at scala.util.Try$.apply(Try.scala:217)
	at org.apache.spark.util.Utils$.doTryWithCallerStacktrace(Utils.scala:1796)
	at org.apache.spark.util.Utils$.getTryWithCallerStacktrace(Utils.scala:1846)
	at org.apache.spark.util.LazyTry.get(LazyTry.scala:78)
	at org.apache.spark.sql.execution.QueryExecution.analyzed(QueryExecution.scala:661)
	at org.apache.spark.sql.execution.QueryExecution.assertAnalyzed(QueryExecution.scala:520)
	at org.apache.spark.sql.classic.Dataset$.$anonfun$ofRows$13(Dataset.scala:256)
	at org.apache.spark.sql.SparkSession.withActive(SparkSession.scala:866)
	at org.apache.spark.sql.classic.Dataset$.ofRows(Dataset.scala:253)
	at org.apache.spark.sql.connect.planner.SparkConnectPlanner.handleWriteOperation(SparkConnectPlanner.scala:4564)
	at org.apache.spark.sql.connect.planner.SparkConnectPlanner.process(SparkConnectPlanner.scala:3782)
	at org.apache.spark.sql.connect.execution.ExecuteThreadRunner.handleCommand(ExecuteThreadRunner.scala:530)
	at org.apache.spark.sql.connect.execution.ExecuteThreadRunner.$anonfun$executeInternal$1(ExecuteThreadRunner.scala:420)
	at org.apache.spark.sql.connect.execution.ExecuteThreadRunner.$anonfun$executeInternal$1$adapted(ExecuteThreadRunner.scala:340)
	at org.apache.spark.sql.connect.service.SessionHolder.$anonfun$withSession$2(SessionHolder.scala:844)
	at org.apache.spark.sql.SparkSession.withActive(SparkSession.scala:866)
	at org.apache.spark.sql.connect.service.SessionHolder.$anonfun$withSession$1(SessionHolder.scala:844)
	at org.apache.spark.JobArtifactSet$.withActiveJobArtifactState(JobArtifactSet.scala:97)
	at org.apache.spark.sql.artifact.ArtifactManager.$anonfun$withResources$1(ArtifactManager.scala:124)
	at org.apache.spark.sql.artifact.ArtifactManager.withClassLoaderIfNeeded(ArtifactManager.scala:118)
	at org.apache.spark.sql.artifact.ArtifactManager.withResources(ArtifactManager.scala:123)
	at org.apache.spark.sql.connect.service.SessionHolder.withSession(SessionHolder.scala:843)
	at org.apache.spark.sql.connect.execution.ExecuteThreadRunner.executeInternal(ExecuteThreadRunner.scala:340)
	at org.apache.spark.sql.connect.execution.ExecuteThreadRunner.$anonfun$execute$1(ExecuteThreadRunner.scala:200)
	at scala.runtime.java8.JFunction0$mcV$sp.apply(JFunction0$mcV$sp.scala:18)
	at com.databricks.spark.connect.service.UtilizationMetrics.recordActiveQueries(UtilizationMetrics.scala:92)
	at com.databricks.spark.connect.service.UtilizationMetrics.recordActiveQueries$(UtilizationMetrics.scala:89)
	at org.apache.spark.sql.connect.execution.ExecuteThreadRunner.recordActiveQueries(ExecuteThreadRunner.scala:61)
	at org.apache.spark.sql.connect.execution.ExecuteThreadRunner.org$apache$spark$sql$connect$execution$ExecuteThreadRunner$$execute(ExecuteThreadRunner.scala:192)
	at org.apache.spark.sql.connect.execution.ExecuteThreadRunner$ExecutionThread.$anonfun$run$3(ExecuteThreadRunner.scala:601)
	at scala.runtime.java8.JFunction0$mcV$sp.apply(JFunction0$mcV$sp.scala:18)
	at com.databricks.spark.util.DBRTracing$.withSpanFromParent(DBRTracing.scala:70)
	at org.apache.spark.sql.connect.execution.ExecuteThreadRunner$ExecutionThread.$anonfun$run$2(ExecuteThreadRunner.scala:601)
	at scala.runtime.java8.JFunction0$mcV$sp.apply(JFunction0$mcV$sp.scala:18)
	at com.databricks.unity.UCSEphemeralState$Handle.runWith(UCSEphemeralState.scala:51)
	at com.databricks.unity.HandleImpl.runWith(UCSHandle.scala:128)
	at com.databricks.unity.HandleImpl.$anonfun$runWithAndClose$1(UCSHandle.scala:133)
	at scala.util.Using$.resource(Using.scala:296)
	at com.databricks.unity.HandleImpl.runWithAndClose(UCSHandle.scala:132)
	at org.apache.spark.sql.connect.execution.ExecuteThreadRunner$ExecutionThread.run(ExecuteThreadRunner.scala:600)
2026-08-03 12:59:17,037 | INFO     | gold.dim_products | Audit for catalog_project1.gold.dim_products written successfully
2026-08-03 13:06:48,076 | INFO     | gold.dim_products | Logging to file: /Workspace/Users/krishnasumanbhaipatel@gmail.com/Practice Folder/lakehouse-practice-project/logs/gold_dim_products_20260803.log
2026-08-03 13:06:48,077 | INFO     | gold.dim_products | Starting Gold pipeline at 2026-08-03 13:06:47.505882
2026-08-03 13:06:48,521 | INFO     | gold.dim_products | Read 2 records from catalog_project1.silver.clean_products table
2026-08-03 13:06:48,761 | INFO     | gold.dim_products | Incremental load from catalog_project1.silver.clean_products table
2026-08-03 13:06:50,332 | ERROR    | gold.dim_products | Gold pipeline failed: [NUM_COLUMNS_MISMATCH] UNION can only be performed on inputs with the same number of columns, but the first input has 16 columns and the second input has 28 columns. SQLSTATE: 42826;
'Union false, false
:- Filter (is_current#44241 = true)
:  +- SubqueryAlias catalog_project1.gold.dim_products
:     +- Relation catalog_project1.gold.dim_products[product_id#44226,product_name#44227,category#44228,brand#44229,price#44230,created_date#44231,modified_date#44232,_ingestion_job_id#44233,_source_table#44234,_ingestion_pipeline_id#44235,ingestion_timestamp#44236,updation_timestamp#44237,product_key#44238L,effective_from#44239,effective_to#44240,is_current#44241] parquet
+- Project [product_id#44156, product_name#44157, category#44158, brand#44159, price#44160, created_date#44161, modified_date#44162, _ingestion_job_id#44163, catalog_project1.silver.clean_products AS _source_table#44199, bca57e06-e6dd-4844-bcf4-09e60a5422da AS _ingestion_pipeline_id#44200, current_timestamp() AS ingestion_timestamp#44201, current_timestamp() AS updation_timestamp#44202, product_id#44168, product_name#44169, category#44170, brand#44171, price#44172, created_date#44173, modified_date#44174, _ingestion_job_id#44175, catalog_project1.silver.clean_products AS _source_table#44203, bca57e06-e6dd-4844-bcf4-09e60a5422da AS _ingestion_pipeline_id#44204, current_timestamp() AS ingestion_timestamp#44205, current_timestamp() AS updation_timestamp#44206, product_key#44189, ... 3 more fields]
   +- Window [product_id#44156, product_name#44157, category#44158, brand#44159, price#44160, created_date#44161, modified_date#44162, _ingestion_job_id#44163, _source_table#44164, _ingestion_pipeline_id#44165, ingestion_timestamp#44166, updation_timestamp#44167, product_id#44168, product_name#44169, category#44170, brand#44171, price#44172, created_date#44173, modified_date#44174, _ingestion_job_id#44175, _source_table#44176, _ingestion_pipeline_id#44177, ingestion_timestamp#44178, updation_timestamp#44179, (row_number() windowspecdefinition(_nondeterministic#44191L ASC NULLS FIRST, specifiedwindowframe(RowFrame, unboundedpreceding$(), currentrow$())) + 10) AS product_key#44189, ... 3 more fields], [_nondeterministic#44191L ASC NULLS FIRST]
      +- Project [product_id#44156, product_name#44157, category#44158, brand#44159, price#44160, created_date#44161, modified_date#44162, _ingestion_job_id#44163, _source_table#44164, _ingestion_pipeline_id#44165, ingestion_timestamp#44166, updation_timestamp#44167, product_id#44168, product_name#44169, category#44170, brand#44171, price#44172, created_date#44173, modified_date#44174, _ingestion_job_id#44175, _source_table#44176, _ingestion_pipeline_id#44177, ingestion_timestamp#44178, updation_timestamp#44179, effective_from#44181, ... 3 more fields]
         +- Project [product_id#44156, product_name#44157, category#44158, brand#44159, price#44160, created_date#44161, modified_date#44162, _ingestion_job_id#44163, _source_table#44164, _ingestion_pipeline_id#44165, ingestion_timestamp#44166, updation_timestamp#44167, product_id#44168, product_name#44169, category#44170, brand#44171, price#44172, created_date#44173, modified_date#44174, _ingestion_job_id#44175, _source_table#44176, _ingestion_pipeline_id#44177, ingestion_timestamp#44178, updation_timestamp#44179, effective_from#44181, ... 2 more fields]
            +- Filter isnull(product_id#44168)
               +- Join LeftOuter, (product_id#44156 = product_id#44168)
                  :- SubqueryAlias s
                  :  +- Filter (modified_date#44162 > 2024-11-30 00:00:00)
                  :     +- SubqueryAlias catalog_project1.silver.clean_products
                  :        +- Relation catalog_project1.silver.clean_products[product_id#44156,product_name#44157,category#44158,brand#44159,price#44160,created_date#44161,modified_date#44162,_ingestion_job_id#44163,_source_table#44164,_ingestion_pipeline_id#44165,ingestion_timestamp#44166,updation_timestamp#44167] parquet
                  +- SubqueryAlias d
                     +- Filter (is_current#44183 = true)
                        +- SubqueryAlias catalog_project1.gold.dim_products
                           +- Relation catalog_project1.gold.dim_products[product_id#44168,product_name#44169,category#44170,brand#44171,price#44172,created_date#44173,modified_date#44174,_ingestion_job_id#44175,_source_table#44176,_ingestion_pipeline_id#44177,ingestion_timestamp#44178,updation_timestamp#44179,product_key#44180L,effective_from#44181,effective_to#44182,is_current#44183] parquet


JVM stacktrace:
org.apache.spark.sql.catalyst.ExtendedAnalysisException
	at org.apache.spark.sql.errors.QueryCompilationErrors$.numColumnsMismatch(QueryCompilationErrors.scala:7352)
	at org.apache.spark.sql.catalyst.analysis.CheckAnalysis.$anonfun$checkAnalysis0$49(CheckAnalysis.scala:1049)
	at org.apache.spark.sql.catalyst.analysis.CheckAnalysis.$anonfun$checkAnalysis0$49$adapted(CheckAnalysis.scala:1041)
	at scala.collection.immutable.Vector.foreach(Vector.scala:2125)
	at org.apache.spark.sql.catalyst.analysis.CheckAnalysis.$anonfun$checkAnalysis0$2(CheckAnalysis.scala:1041)
	at org.apache.spark.sql.catalyst.analysis.CheckAnalysis.$anonfun$checkAnalysis0$2$adapted(CheckAnalysis.scala:410)
	at org.apache.spark.sql.catalyst.trees.TreeNode.foreachUp(TreeNode.scala:392)
	at org.apache.spark.sql.catalyst.analysis.CheckAnalysis.checkAnalysis0(CheckAnalysis.scala:410)
	at org.apache.spark.sql.catalyst.analysis.CheckAnalysis.checkAnalysis0$(CheckAnalysis.scala:377)
	at org.apache.spark.sql.catalyst.analysis.Analyzer.checkAnalysis0(Analyzer.scala:636)
	at org.apache.spark.sql.catalyst.analysis.CheckAnalysis.$anonfun$checkAnalysis$1(CheckAnalysis.scala:362)
	at scala.runtime.java8.JFunction0$mcV$sp.apply(JFunction0$mcV$sp.scala:18)
	at com.databricks.spark.util.FrameProfiler$.$anonfun$record$1(FrameProfiler.scala:114)
	at com.databricks.spark.util.FrameProfilerExporter$.maybeExportFrameProfiler(FrameProfilerExporter.scala:201)
	at com.databricks.spark.util.FrameProfiler$.record(FrameProfiler.scala:105)
	at org.apache.spark.sql.catalyst.analysis.CheckAnalysis.checkAnalysis(CheckAnalysis.scala:349)
	at org.apache.spark.sql.catalyst.analysis.CheckAnalysis.checkAnalysis$(CheckAnalysis.scala:345)
	at org.apache.spark.sql.catalyst.analysis.Analyzer.checkAnalysis(Analyzer.scala:636)
	at org.apache.spark.sql.catalyst.analysis.resolver.HybridAnalyzer.$anonfun$resolveInFixedPoint$1(HybridAnalyzer.scala:417)
	at scala.runtime.java8.JFunction0$mcV$sp.apply(JFunction0$mcV$sp.scala:18)
	at org.apache.spark.sql.catalyst.QueryPlanningTracker$.withTracker(QueryPlanningTracker.scala:275)
	at org.apache.spark.sql.catalyst.analysis.resolver.HybridAnalyzer.resolveInFixedPoint(HybridAnalyzer.scala:417)
	at org.apache.spark.sql.catalyst.analysis.resolver.HybridAnalyzer.$anonfun$apply$1(HybridAnalyzer.scala:98)
	at org.apache.spark.sql.catalyst.analysis.resolver.HybridAnalyzer.withTrackedAnalyzerBridgeState(HybridAnalyzer.scala:135)
	at org.apache.spark.sql.catalyst.analysis.resolver.HybridAnalyzer.apply(HybridAnalyzer.scala:91)
	at org.apache.spark.sql.catalyst.analysis.Analyzer.$anonfun$executeAndCheck$2(Analyzer.scala:703)
	at org.apache.spark.sql.catalyst.plans.logical.AnalysisHelper$.markInAnalyzer(AnalysisHelper.scala:425)
	at org.apache.spark.sql.catalyst.analysis.Analyzer.$anonfun$executeAndCheck$1(Analyzer.scala:703)
	at com.databricks.sql.unity.SAMSnapshotHelper$.visitPlansDuringAnalysis(SAMSnapshotHelper.scala:43)
	at org.apache.spark.sql.catalyst.analysis.Analyzer.executeAndCheck(Analyzer.scala:692)
	at org.apache.spark.sql.execution.QueryExecution.$anonfun$lazyAnalyzed$3(QueryExecution.scala:607)
	at com.databricks.spark.util.FrameProfiler$.$anonfun$record$1(FrameProfiler.scala:114)
	at com.databricks.spark.util.FrameProfilerExporter$.maybeExportFrameProfiler(FrameProfilerExporter.scala:201)
	at com.databricks.spark.util.FrameProfiler$.record(FrameProfiler.scala:105)
	at org.apache.spark.sql.catalyst.QueryPlanningTracker.measurePhase(QueryPlanningTracker.scala:1021)
	at org.apache.spark.sql.execution.QueryExecution.$anonfun$executePhase$8(QueryExecution.scala:1073)
	at org.apache.spark.sql.execution.SQLExecution$.$anonfun$withExecutionPhase$1(SQLExecution.scala:337)
	at com.databricks.util.TracingSpanUtils$.withTracing(TracingSpanUtils.scala:251)
	at com.databricks.spark.util.DatabricksTracingHelper.withSpan(DatabricksSparkTracingHelper.scala:154)
	at com.databricks.spark.util.DBRTracing$.withSpan(DBRTracing.scala:87)
	at org.apache.spark.sql.execution.SQLExecution$.withExecutionPhase(SQLExecution.scala:318)
	at org.apache.spark.sql.execution.QueryExecution.$anonfun$executePhase$7(QueryExecution.scala:1073)
	at org.apache.spark.sql.execution.QueryExecution$.withInternalError(QueryExecution.scala:1822)
	at org.apache.spark.sql.execution.QueryExecution.$anonfun$executePhase$5(QueryExecution.scala:1066)
	at com.databricks.util.LexicalThreadLocal$Handle.runWith(LexicalThreadLocal.scala:63)
	at org.apache.spark.sql.execution.QueryExecution.$anonfun$executePhase$4(QueryExecution.scala:1063)
	at com.databricks.util.LexicalThreadLocal$Handle.runWith(LexicalThreadLocal.scala:63)
	at org.apache.spark.sql.execution.QueryExecution.$anonfun$executePhase$3(QueryExecution.scala:1063)
	at com.databricks.util.LexicalThreadLocal$Handle.runWith(LexicalThreadLocal.scala:63)
	at org.apache.spark.sql.execution.QueryExecution.$anonfun$executePhase$2(QueryExecution.scala:1062)
	at com.databricks.util.LexicalThreadLocal$Handle.runWith(LexicalThreadLocal.scala:63)
	at org.apache.spark.sql.execution.QueryExecution.localBlock$1(QueryExecution.scala:1043)
	at org.apache.spark.sql.execution.QueryExecution.$anonfun$withQueryExecutionId$4(QueryExecution.scala:1053)
	at com.databricks.unity.UCSManager$.withTemporaryScope(UCSManager.scala:168)
	at org.apache.spark.sql.execution.QueryExecution.$anonfun$withQueryExecutionId$3(QueryExecution.scala:1052)
	at org.apache.spark.sql.execution.QueryExecution$.$anonfun$runWithWrappers$2(QueryExecution.scala:2075)
	at org.apache.spark.sql.execution.QueryExecution$.org$apache$spark$sql$execution$QueryExecution$$runWithWrappers(QueryExecution.scala:2074)
	at org.apache.spark.sql.execution.QueryExecution.withQueryExecutionId(QueryExecution.scala:1053)
	at org.apache.spark.sql.execution.QueryExecution.$anonfun$executePhase$1(QueryExecution.scala:1061)
	at org.apache.spark.sql.SparkSession.withActive(SparkSession.scala:866)
	at org.apache.spark.sql.execution.QueryExecution.executePhase(QueryExecution.scala:1060)
	at org.apache.spark.sql.execution.QueryExecution.$anonfun$lazyAnalyzed$2(QueryExecution.scala:598)
	at com.databricks.sql.util.MemoryTrackerHelper.withMemoryTracking(MemoryTrackerHelper.scala:111)
	at org.apache.spark.sql.execution.QueryExecution.$anonfun$lazyAnalyzed$1(QueryExecution.scala:597)
	at scala.util.Try$.apply(Try.scala:217)
	at org.apache.spark.util.Utils$.doTryWithCallerStacktrace(Utils.scala:1796)
	at org.apache.spark.util.Utils$.getTryWithCallerStacktrace(Utils.scala:1846)
	at org.apache.spark.util.LazyTry.get(LazyTry.scala:78)
	at org.apache.spark.sql.execution.QueryExecution.analyzed(QueryExecution.scala:661)
	at org.apache.spark.sql.execution.QueryExecution.assertAnalyzed(QueryExecution.scala:520)
	at org.apache.spark.sql.classic.Dataset$.$anonfun$ofRows$13(Dataset.scala:256)
	at org.apache.spark.sql.SparkSession.withActive(SparkSession.scala:866)
	at org.apache.spark.sql.classic.Dataset$.ofRows(Dataset.scala:253)
	at org.apache.spark.sql.connect.planner.SparkConnectPlanner.handleWriteOperation(SparkConnectPlanner.scala:4564)
	at org.apache.spark.sql.connect.planner.SparkConnectPlanner.process(SparkConnectPlanner.scala:3782)
	at org.apache.spark.sql.connect.execution.ExecuteThreadRunner.handleCommand(ExecuteThreadRunner.scala:530)
	at org.apache.spark.sql.connect.execution.ExecuteThreadRunner.$anonfun$executeInternal$1(ExecuteThreadRunner.scala:420)
	at org.apache.spark.sql.connect.execution.ExecuteThreadRunner.$anonfun$executeInternal$1$adapted(ExecuteThreadRunner.scala:340)
	at org.apache.spark.sql.connect.service.SessionHolder.$anonfun$withSession$2(SessionHolder.scala:844)
	at org.apache.spark.sql.SparkSession.withActive(SparkSession.scala:866)
	at org.apache.spark.sql.connect.service.SessionHolder.$anonfun$withSession$1(SessionHolder.scala:844)
	at org.apache.spark.JobArtifactSet$.withActiveJobArtifactState(JobArtifactSet.scala:97)
	at org.apache.spark.sql.artifact.ArtifactManager.$anonfun$withResources$1(ArtifactManager.scala:124)
	at org.apache.spark.sql.artifact.ArtifactManager.withClassLoaderIfNeeded(ArtifactManager.scala:118)
	at org.apache.spark.sql.artifact.ArtifactManager.withResources(ArtifactManager.scala:123)
	at org.apache.spark.sql.connect.service.SessionHolder.withSession(SessionHolder.scala:843)
	at org.apache.spark.sql.connect.execution.ExecuteThreadRunner.executeInternal(ExecuteThreadRunner.scala:340)
	at org.apache.spark.sql.connect.execution.ExecuteThreadRunner.$anonfun$execute$1(ExecuteThreadRunner.scala:200)
	at scala.runtime.java8.JFunction0$mcV$sp.apply(JFunction0$mcV$sp.scala:18)
	at com.databricks.spark.connect.service.UtilizationMetrics.recordActiveQueries(UtilizationMetrics.scala:92)
	at com.databricks.spark.connect.service.UtilizationMetrics.recordActiveQueries$(UtilizationMetrics.scala:89)
	at org.apache.spark.sql.connect.execution.ExecuteThreadRunner.recordActiveQueries(ExecuteThreadRunner.scala:61)
	at org.apache.spark.sql.connect.execution.ExecuteThreadRunner.org$apache$spark$sql$connect$execution$ExecuteThreadRunner$$execute(ExecuteThreadRunner.scala:192)
	at org.apache.spark.sql.connect.execution.ExecuteThreadRunner$ExecutionThread.$anonfun$run$3(ExecuteThreadRunner.scala:601)
	at scala.runtime.java8.JFunction0$mcV$sp.apply(JFunction0$mcV$sp.scala:18)
	at com.databricks.spark.util.DBRTracing$.withSpanFromParent(DBRTracing.scala:70)
	at org.apache.spark.sql.connect.execution.ExecuteThreadRunner$ExecutionThread.$anonfun$run$2(ExecuteThreadRunner.scala:601)
	at scala.runtime.java8.JFunction0$mcV$sp.apply(JFunction0$mcV$sp.scala:18)
	at com.databricks.unity.UCSEphemeralState$Handle.runWith(UCSEphemeralState.scala:51)
	at com.databricks.unity.HandleImpl.runWith(UCSHandle.scala:128)
	at com.databricks.unity.HandleImpl.$anonfun$runWithAndClose$1(UCSHandle.scala:133)
	at scala.util.Using$.resource(Using.scala:296)
	at com.databricks.unity.HandleImpl.runWithAndClose(UCSHandle.scala:132)
	at org.apache.spark.sql.connect.execution.ExecuteThreadRunner$ExecutionThread.run(ExecuteThreadRunner.scala:600)
Traceback (most recent call last):
  File "/home/spark-8f5b6315-bde7-4763-ab71-87/.ipykernel/96/command-6029136220637170-2799071480", line 95, in <module>
    dim_product.write.mode("append").format("delta").saveAsTable("catalog_project1.gold.dim_products")
  File "/databricks/python/lib/python3.12/site-packages/pyspark/sql/connect/readwriter.py", line 737, in saveAsTable
    _, _, ei = self._spark.client.execute_command(
               ^^^^^^^^^^^^^^^^^^^^^^^^^^^^^^^^^^^
  File "/databricks/python/lib/python3.12/site-packages/pyspark/sql/connect/client/core.py", line 1538, in execute_command
    data, _, metrics, observed_metrics, properties = self._execute_and_fetch(
                                                     ^^^^^^^^^^^^^^^^^^^^^^^^
  File "/databricks/python/lib/python3.12/site-packages/pyspark/sql/connect/client/core.py", line 2086, in _execute_and_fetch
    for response in self._execute_and_fetch_as_iterator(
  File "/databricks/python/lib/python3.12/site-packages/pyspark/sql/connect/client/core.py", line 2062, in _execute_and_fetch_as_iterator
    self._handle_error(error)
  File "/databricks/python/lib/python3.12/site-packages/pyspark/sql/connect/client/core.py", line 2380, in _handle_error
    self._handle_rpc_error(error)
  File "/databricks/python/lib/python3.12/site-packages/pyspark/sql/connect/client/core.py", line 2458, in _handle_rpc_error
    raise convert_exception(
pyspark.errors.exceptions.connect.AnalysisException: [NUM_COLUMNS_MISMATCH] UNION can only be performed on inputs with the same number of columns, but the first input has 16 columns and the second input has 28 columns. SQLSTATE: 42826;
'Union false, false
:- Filter (is_current#44241 = true)
:  +- SubqueryAlias catalog_project1.gold.dim_products
:     +- Relation catalog_project1.gold.dim_products[product_id#44226,product_name#44227,category#44228,brand#44229,price#44230,created_date#44231,modified_date#44232,_ingestion_job_id#44233,_source_table#44234,_ingestion_pipeline_id#44235,ingestion_timestamp#44236,updation_timestamp#44237,product_key#44238L,effective_from#44239,effective_to#44240,is_current#44241] parquet
+- Project [product_id#44156, product_name#44157, category#44158, brand#44159, price#44160, created_date#44161, modified_date#44162, _ingestion_job_id#44163, catalog_project1.silver.clean_products AS _source_table#44199, bca57e06-e6dd-4844-bcf4-09e60a5422da AS _ingestion_pipeline_id#44200, current_timestamp() AS ingestion_timestamp#44201, current_timestamp() AS updation_timestamp#44202, product_id#44168, product_name#44169, category#44170, brand#44171, price#44172, created_date#44173, modified_date#44174, _ingestion_job_id#44175, catalog_project1.silver.clean_products AS _source_table#44203, bca57e06-e6dd-4844-bcf4-09e60a5422da AS _ingestion_pipeline_id#44204, current_timestamp() AS ingestion_timestamp#44205, current_timestamp() AS updation_timestamp#44206, product_key#44189, ... 3 more fields]
   +- Window [product_id#44156, product_name#44157, category#44158, brand#44159, price#44160, created_date#44161, modified_date#44162, _ingestion_job_id#44163, _source_table#44164, _ingestion_pipeline_id#44165, ingestion_timestamp#44166, updation_timestamp#44167, product_id#44168, product_name#44169, category#44170, brand#44171, price#44172, created_date#44173, modified_date#44174, _ingestion_job_id#44175, _source_table#44176, _ingestion_pipeline_id#44177, ingestion_timestamp#44178, updation_timestamp#44179, (row_number() windowspecdefinition(_nondeterministic#44191L ASC NULLS FIRST, specifiedwindowframe(RowFrame, unboundedpreceding$(), currentrow$())) + 10) AS product_key#44189, ... 3 more fields], [_nondeterministic#44191L ASC NULLS FIRST]
      +- Project [product_id#44156, product_name#44157, category#44158, brand#44159, price#44160, created_date#44161, modified_date#44162, _ingestion_job_id#44163, _source_table#44164, _ingestion_pipeline_id#44165, ingestion_timestamp#44166, updation_timestamp#44167, product_id#44168, product_name#44169, category#44170, brand#44171, price#44172, created_date#44173, modified_date#44174, _ingestion_job_id#44175, _source_table#44176, _ingestion_pipeline_id#44177, ingestion_timestamp#44178, updation_timestamp#44179, effective_from#44181, ... 3 more fields]
         +- Project [product_id#44156, product_name#44157, category#44158, brand#44159, price#44160, created_date#44161, modified_date#44162, _ingestion_job_id#44163, _source_table#44164, _ingestion_pipeline_id#44165, ingestion_timestamp#44166, updation_timestamp#44167, product_id#44168, product_name#44169, category#44170, brand#44171, price#44172, created_date#44173, modified_date#44174, _ingestion_job_id#44175, _source_table#44176, _ingestion_pipeline_id#44177, ingestion_timestamp#44178, updation_timestamp#44179, effective_from#44181, ... 2 more fields]
            +- Filter isnull(product_id#44168)
               +- Join LeftOuter, (product_id#44156 = product_id#44168)
                  :- SubqueryAlias s
                  :  +- Filter (modified_date#44162 > 2024-11-30 00:00:00)
                  :     +- SubqueryAlias catalog_project1.silver.clean_products
                  :        +- Relation catalog_project1.silver.clean_products[product_id#44156,product_name#44157,category#44158,brand#44159,price#44160,created_date#44161,modified_date#44162,_ingestion_job_id#44163,_source_table#44164,_ingestion_pipeline_id#44165,ingestion_timestamp#44166,updation_timestamp#44167] parquet
                  +- SubqueryAlias d
                     +- Filter (is_current#44183 = true)
                        +- SubqueryAlias catalog_project1.gold.dim_products
                           +- Relation catalog_project1.gold.dim_products[product_id#44168,product_name#44169,category#44170,brand#44171,price#44172,created_date#44173,modified_date#44174,_ingestion_job_id#44175,_source_table#44176,_ingestion_pipeline_id#44177,ingestion_timestamp#44178,updation_timestamp#44179,product_key#44180L,effective_from#44181,effective_to#44182,is_current#44183] parquet


JVM stacktrace:
org.apache.spark.sql.catalyst.ExtendedAnalysisException
	at org.apache.spark.sql.errors.QueryCompilationErrors$.numColumnsMismatch(QueryCompilationErrors.scala:7352)
	at org.apache.spark.sql.catalyst.analysis.CheckAnalysis.$anonfun$checkAnalysis0$49(CheckAnalysis.scala:1049)
	at org.apache.spark.sql.catalyst.analysis.CheckAnalysis.$anonfun$checkAnalysis0$49$adapted(CheckAnalysis.scala:1041)
	at scala.collection.immutable.Vector.foreach(Vector.scala:2125)
	at org.apache.spark.sql.catalyst.analysis.CheckAnalysis.$anonfun$checkAnalysis0$2(CheckAnalysis.scala:1041)
	at org.apache.spark.sql.catalyst.analysis.CheckAnalysis.$anonfun$checkAnalysis0$2$adapted(CheckAnalysis.scala:410)
	at org.apache.spark.sql.catalyst.trees.TreeNode.foreachUp(TreeNode.scala:392)
	at org.apache.spark.sql.catalyst.analysis.CheckAnalysis.checkAnalysis0(CheckAnalysis.scala:410)
	at org.apache.spark.sql.catalyst.analysis.CheckAnalysis.checkAnalysis0$(CheckAnalysis.scala:377)
	at org.apache.spark.sql.catalyst.analysis.Analyzer.checkAnalysis0(Analyzer.scala:636)
	at org.apache.spark.sql.catalyst.analysis.CheckAnalysis.$anonfun$checkAnalysis$1(CheckAnalysis.scala:362)
	at scala.runtime.java8.JFunction0$mcV$sp.apply(JFunction0$mcV$sp.scala:18)
	at com.databricks.spark.util.FrameProfiler$.$anonfun$record$1(FrameProfiler.scala:114)
	at com.databricks.spark.util.FrameProfilerExporter$.maybeExportFrameProfiler(FrameProfilerExporter.scala:201)
	at com.databricks.spark.util.FrameProfiler$.record(FrameProfiler.scala:105)
	at org.apache.spark.sql.catalyst.analysis.CheckAnalysis.checkAnalysis(CheckAnalysis.scala:349)
	at org.apache.spark.sql.catalyst.analysis.CheckAnalysis.checkAnalysis$(CheckAnalysis.scala:345)
	at org.apache.spark.sql.catalyst.analysis.Analyzer.checkAnalysis(Analyzer.scala:636)
	at org.apache.spark.sql.catalyst.analysis.resolver.HybridAnalyzer.$anonfun$resolveInFixedPoint$1(HybridAnalyzer.scala:417)
	at scala.runtime.java8.JFunction0$mcV$sp.apply(JFunction0$mcV$sp.scala:18)
	at org.apache.spark.sql.catalyst.QueryPlanningTracker$.withTracker(QueryPlanningTracker.scala:275)
	at org.apache.spark.sql.catalyst.analysis.resolver.HybridAnalyzer.resolveInFixedPoint(HybridAnalyzer.scala:417)
	at org.apache.spark.sql.catalyst.analysis.resolver.HybridAnalyzer.$anonfun$apply$1(HybridAnalyzer.scala:98)
	at org.apache.spark.sql.catalyst.analysis.resolver.HybridAnalyzer.withTrackedAnalyzerBridgeState(HybridAnalyzer.scala:135)
	at org.apache.spark.sql.catalyst.analysis.resolver.HybridAnalyzer.apply(HybridAnalyzer.scala:91)
	at org.apache.spark.sql.catalyst.analysis.Analyzer.$anonfun$executeAndCheck$2(Analyzer.scala:703)
	at org.apache.spark.sql.catalyst.plans.logical.AnalysisHelper$.markInAnalyzer(AnalysisHelper.scala:425)
	at org.apache.spark.sql.catalyst.analysis.Analyzer.$anonfun$executeAndCheck$1(Analyzer.scala:703)
	at com.databricks.sql.unity.SAMSnapshotHelper$.visitPlansDuringAnalysis(SAMSnapshotHelper.scala:43)
	at org.apache.spark.sql.catalyst.analysis.Analyzer.executeAndCheck(Analyzer.scala:692)
	at org.apache.spark.sql.execution.QueryExecution.$anonfun$lazyAnalyzed$3(QueryExecution.scala:607)
	at com.databricks.spark.util.FrameProfiler$.$anonfun$record$1(FrameProfiler.scala:114)
	at com.databricks.spark.util.FrameProfilerExporter$.maybeExportFrameProfiler(FrameProfilerExporter.scala:201)
	at com.databricks.spark.util.FrameProfiler$.record(FrameProfiler.scala:105)
	at org.apache.spark.sql.catalyst.QueryPlanningTracker.measurePhase(QueryPlanningTracker.scala:1021)
	at org.apache.spark.sql.execution.QueryExecution.$anonfun$executePhase$8(QueryExecution.scala:1073)
	at org.apache.spark.sql.execution.SQLExecution$.$anonfun$withExecutionPhase$1(SQLExecution.scala:337)
	at com.databricks.util.TracingSpanUtils$.withTracing(TracingSpanUtils.scala:251)
	at com.databricks.spark.util.DatabricksTracingHelper.withSpan(DatabricksSparkTracingHelper.scala:154)
	at com.databricks.spark.util.DBRTracing$.withSpan(DBRTracing.scala:87)
	at org.apache.spark.sql.execution.SQLExecution$.withExecutionPhase(SQLExecution.scala:318)
	at org.apache.spark.sql.execution.QueryExecution.$anonfun$executePhase$7(QueryExecution.scala:1073)
	at org.apache.spark.sql.execution.QueryExecution$.withInternalError(QueryExecution.scala:1822)
	at org.apache.spark.sql.execution.QueryExecution.$anonfun$executePhase$5(QueryExecution.scala:1066)
	at com.databricks.util.LexicalThreadLocal$Handle.runWith(LexicalThreadLocal.scala:63)
	at org.apache.spark.sql.execution.QueryExecution.$anonfun$executePhase$4(QueryExecution.scala:1063)
	at com.databricks.util.LexicalThreadLocal$Handle.runWith(LexicalThreadLocal.scala:63)
	at org.apache.spark.sql.execution.QueryExecution.$anonfun$executePhase$3(QueryExecution.scala:1063)
	at com.databricks.util.LexicalThreadLocal$Handle.runWith(LexicalThreadLocal.scala:63)
	at org.apache.spark.sql.execution.QueryExecution.$anonfun$executePhase$2(QueryExecution.scala:1062)
	at com.databricks.util.LexicalThreadLocal$Handle.runWith(LexicalThreadLocal.scala:63)
	at org.apache.spark.sql.execution.QueryExecution.localBlock$1(QueryExecution.scala:1043)
	at org.apache.spark.sql.execution.QueryExecution.$anonfun$withQueryExecutionId$4(QueryExecution.scala:1053)
	at com.databricks.unity.UCSManager$.withTemporaryScope(UCSManager.scala:168)
	at org.apache.spark.sql.execution.QueryExecution.$anonfun$withQueryExecutionId$3(QueryExecution.scala:1052)
	at org.apache.spark.sql.execution.QueryExecution$.$anonfun$runWithWrappers$2(QueryExecution.scala:2075)
	at org.apache.spark.sql.execution.QueryExecution$.org$apache$spark$sql$execution$QueryExecution$$runWithWrappers(QueryExecution.scala:2074)
	at org.apache.spark.sql.execution.QueryExecution.withQueryExecutionId(QueryExecution.scala:1053)
	at org.apache.spark.sql.execution.QueryExecution.$anonfun$executePhase$1(QueryExecution.scala:1061)
	at org.apache.spark.sql.SparkSession.withActive(SparkSession.scala:866)
	at org.apache.spark.sql.execution.QueryExecution.executePhase(QueryExecution.scala:1060)
	at org.apache.spark.sql.execution.QueryExecution.$anonfun$lazyAnalyzed$2(QueryExecution.scala:598)
	at com.databricks.sql.util.MemoryTrackerHelper.withMemoryTracking(MemoryTrackerHelper.scala:111)
	at org.apache.spark.sql.execution.QueryExecution.$anonfun$lazyAnalyzed$1(QueryExecution.scala:597)
	at scala.util.Try$.apply(Try.scala:217)
	at org.apache.spark.util.Utils$.doTryWithCallerStacktrace(Utils.scala:1796)
	at org.apache.spark.util.Utils$.getTryWithCallerStacktrace(Utils.scala:1846)
	at org.apache.spark.util.LazyTry.get(LazyTry.scala:78)
	at org.apache.spark.sql.execution.QueryExecution.analyzed(QueryExecution.scala:661)
	at org.apache.spark.sql.execution.QueryExecution.assertAnalyzed(QueryExecution.scala:520)
	at org.apache.spark.sql.classic.Dataset$.$anonfun$ofRows$13(Dataset.scala:256)
	at org.apache.spark.sql.SparkSession.withActive(SparkSession.scala:866)
	at org.apache.spark.sql.classic.Dataset$.ofRows(Dataset.scala:253)
	at org.apache.spark.sql.connect.planner.SparkConnectPlanner.handleWriteOperation(SparkConnectPlanner.scala:4564)
	at org.apache.spark.sql.connect.planner.SparkConnectPlanner.process(SparkConnectPlanner.scala:3782)
	at org.apache.spark.sql.connect.execution.ExecuteThreadRunner.handleCommand(ExecuteThreadRunner.scala:530)
	at org.apache.spark.sql.connect.execution.ExecuteThreadRunner.$anonfun$executeInternal$1(ExecuteThreadRunner.scala:420)
	at org.apache.spark.sql.connect.execution.ExecuteThreadRunner.$anonfun$executeInternal$1$adapted(ExecuteThreadRunner.scala:340)
	at org.apache.spark.sql.connect.service.SessionHolder.$anonfun$withSession$2(SessionHolder.scala:844)
	at org.apache.spark.sql.SparkSession.withActive(SparkSession.scala:866)
	at org.apache.spark.sql.connect.service.SessionHolder.$anonfun$withSession$1(SessionHolder.scala:844)
	at org.apache.spark.JobArtifactSet$.withActiveJobArtifactState(JobArtifactSet.scala:97)
	at org.apache.spark.sql.artifact.ArtifactManager.$anonfun$withResources$1(ArtifactManager.scala:124)
	at org.apache.spark.sql.artifact.ArtifactManager.withClassLoaderIfNeeded(ArtifactManager.scala:118)
	at org.apache.spark.sql.artifact.ArtifactManager.withResources(ArtifactManager.scala:123)
	at org.apache.spark.sql.connect.service.SessionHolder.withSession(SessionHolder.scala:843)
	at org.apache.spark.sql.connect.execution.ExecuteThreadRunner.executeInternal(ExecuteThreadRunner.scala:340)
	at org.apache.spark.sql.connect.execution.ExecuteThreadRunner.$anonfun$execute$1(ExecuteThreadRunner.scala:200)
	at scala.runtime.java8.JFunction0$mcV$sp.apply(JFunction0$mcV$sp.scala:18)
	at com.databricks.spark.connect.service.UtilizationMetrics.recordActiveQueries(UtilizationMetrics.scala:92)
	at com.databricks.spark.connect.service.UtilizationMetrics.recordActiveQueries$(UtilizationMetrics.scala:89)
	at org.apache.spark.sql.connect.execution.ExecuteThreadRunner.recordActiveQueries(ExecuteThreadRunner.scala:61)
	at org.apache.spark.sql.connect.execution.ExecuteThreadRunner.org$apache$spark$sql$connect$execution$ExecuteThreadRunner$$execute(ExecuteThreadRunner.scala:192)
	at org.apache.spark.sql.connect.execution.ExecuteThreadRunner$ExecutionThread.$anonfun$run$3(ExecuteThreadRunner.scala:601)
	at scala.runtime.java8.JFunction0$mcV$sp.apply(JFunction0$mcV$sp.scala:18)
	at com.databricks.spark.util.DBRTracing$.withSpanFromParent(DBRTracing.scala:70)
	at org.apache.spark.sql.connect.execution.ExecuteThreadRunner$ExecutionThread.$anonfun$run$2(ExecuteThreadRunner.scala:601)
	at scala.runtime.java8.JFunction0$mcV$sp.apply(JFunction0$mcV$sp.scala:18)
	at com.databricks.unity.UCSEphemeralState$Handle.runWith(UCSEphemeralState.scala:51)
	at com.databricks.unity.HandleImpl.runWith(UCSHandle.scala:128)
	at com.databricks.unity.HandleImpl.$anonfun$runWithAndClose$1(UCSHandle.scala:133)
	at scala.util.Using$.resource(Using.scala:296)
	at com.databricks.unity.HandleImpl.runWithAndClose(UCSHandle.scala:132)
	at org.apache.spark.sql.connect.execution.ExecuteThreadRunner$ExecutionThread.run(ExecuteThreadRunner.scala:600)
2026-08-03 13:06:51,965 | INFO     | gold.dim_products | Audit for catalog_project1.gold.dim_products written successfully
2026-08-03 13:10:31,828 | INFO     | gold.dim_products | Logging to file: /Workspace/Users/krishnasumanbhaipatel@gmail.com/Practice Folder/lakehouse-practice-project/logs/gold_dim_products_20260803.log
2026-08-03 13:10:31,830 | INFO     | gold.dim_products | Starting Gold pipeline at 2026-08-03 13:10:31.228420
2026-08-03 13:10:32,337 | INFO     | gold.dim_products | Read 2 records from catalog_project1.silver.clean_products table
2026-08-03 13:10:32,699 | INFO     | gold.dim_products | Incremental load from catalog_project1.silver.clean_products table
2026-08-03 13:10:35,848 | INFO     | gold.dim_products | Inserted 20 new records to catalog_project1.gold.dim_products table
2026-08-03 13:10:38,859 | ERROR    | gold.dim_products | Gold pipeline failed: [DELTA_MULTIPLE_SOURCE_ROW_MATCHING_TARGET_ROW_IN_MERGE] Cannot perform Merge as multiple source rows matched and attempted to modify the same
target row in the Delta table in possibly conflicting ways. By SQL semantics of Merge,
when multiple source rows match on the same target row, the result may be ambiguous
as it is unclear which source row should be used to update or delete the matching
target row. You can preprocess the source table to eliminate the possibility of
multiple matches. Please refer to
https://docs.databricks.com/delta/merge.html#merge-error


JVM stacktrace:
com.databricks.sql.transaction.tahoe.DeltaUnsupportedOperationException
	at com.databricks.sql.transaction.tahoe.DeltaErrorsEdge.multipleSourceRowMatchingTargetRowInMergeException(DeltaErrorsEdge.scala:1396)
	at com.databricks.sql.transaction.tahoe.DeltaErrorsEdge.multipleSourceRowMatchingTargetRowInMergeException$(DeltaErrorsEdge.scala:1391)
	at com.databricks.sql.transaction.tahoe.DeltaErrors$.multipleSourceRowMatchingTargetRowInMergeException(DeltaErrors.scala:4492)
	at com.databricks.sql.transaction.tahoe.commands.MergeIntoCommandBase.throwErrorOnMultipleMatches(MergeIntoCommandBase.scala:318)
	at com.databricks.sql.transaction.tahoe.commands.MergeIntoCommandBase.throwErrorOnMultipleMatches$(MergeIntoCommandBase.scala:313)
	at com.databricks.sql.transaction.tahoe.commands.MergeIntoWithDeltaDMLCommandEdge.throwErrorOnMultipleMatches(MergeIntoCommandEdge.scala:72)
	at com.databricks.sql.transaction.tahoe.commands.merge.LowShuffleMergeExecutor.$anonfun$findTouchedFilesForLowShuffleMerge$1(LowShuffleMergeExecutor.scala:695)
	at com.databricks.sql.transaction.tahoe.commands.MergeIntoCommandBase.$anonfun$recordMergeOperation$6(MergeIntoCommandBase.scala:461)
	at com.databricks.sql.util.ThreadLocalTagger.withTag(QueryTagger.scala:63)
	at com.databricks.sql.util.ThreadLocalTagger.withTag$(QueryTagger.scala:60)
	at com.databricks.sql.util.QueryTagger$.withTag(QueryTagger.scala:292)
	at com.databricks.sql.transaction.tahoe.commands.MergeIntoCommandBase.executeThunk$1(MergeIntoCommandBase.scala:460)
	at com.databricks.sql.transaction.tahoe.commands.MergeIntoCommandBase.$anonfun$recordMergeOperation$8(MergeIntoCommandBase.scala:484)
	at com.databricks.backend.daemon.driver.ProgressReporter$.withStatusCode(ProgressReporter.scala:465)
	at com.databricks.backend.daemon.driver.ProgressReporter$.withStatusCode(ProgressReporter.scala:451)
	at com.databricks.spark.util.SparkDatabricksProgressReporter$.withStatusCode(ProgressReporter.scala:34)
	at com.databricks.sql.transaction.tahoe.util.DeltaProgressReporterEdge.withStatusCode(DeltaProgressReporterEdge.scala:30)
	at com.databricks.sql.transaction.tahoe.util.DeltaProgressReporterEdge.withStatusCode$(DeltaProgressReporterEdge.scala:25)
	at com.databricks.sql.transaction.tahoe.commands.DeltaDMLCommandEdge.withStatusCode(DeltaDMLCommandEdge.scala:64)
	at com.databricks.sql.transaction.tahoe.commands.MergeIntoCommandBase.$anonfun$recordMergeOperation$7(MergeIntoCommandBase.scala:484)
	at com.databricks.sql.transaction.tahoe.metering.DeltaLogging.withOperationTypeTag(DeltaLogging.scala:854)
	at com.databricks.sql.transaction.tahoe.metering.DeltaLogging.withOperationTypeTag$(DeltaLogging.scala:841)
	at com.databricks.sql.transaction.tahoe.commands.DeltaDMLCommandEdge.withOperationTypeTag(DeltaDMLCommandEdge.scala:64)
	at com.databricks.sql.transaction.tahoe.metering.DeltaLogging.$anonfun$recordDeltaOperationInternal$2(DeltaLogging.scala:527)
	at com.databricks.spark.util.FrameProfiler$.$anonfun$record$1(FrameProfiler.scala:114)
	at com.databricks.spark.util.FrameProfilerExporter$.maybeExportFrameProfiler(FrameProfilerExporter.scala:201)
	at com.databricks.spark.util.FrameProfiler$.record(FrameProfiler.scala:105)
	at com.databricks.sql.transaction.tahoe.metering.DeltaLogging.recordFrameProfileWithCallSite(DeltaLogging.scala:969)
	at com.databricks.sql.transaction.tahoe.metering.DeltaLogging.recordFrameProfileWithCallSite$(DeltaLogging.scala:966)
	at com.databricks.sql.transaction.tahoe.commands.DeltaDMLCommandEdge.recordFrameProfileWithCallSite(DeltaDMLCommandEdge.scala:64)
	at com.databricks.sql.transaction.tahoe.metering.DeltaLogging.$anonfun$recordDeltaOperationInternal$1(DeltaLogging.scala:526)
	at com.databricks.logging.UsageLogging.$anonfun$recordOperation$1(UsageLogging.scala:531)
	at com.databricks.logging.UsageLogging.executeThunkAndCaptureResultTags$1(UsageLogging.scala:669)
	at com.databricks.logging.UsageLogging.$anonfun$recordOperationWithResultTags$6(UsageLogging.scala:696)
	at com.databricks.logging.AttributionContextTracing.$anonfun$withAttributionContext$1(AttributionContextTracing.scala:146)
	at com.databricks.logging.AttributionContext$.$anonfun$withValue$1(AttributionContext.scala:349)
	at scala.util.DynamicVariable.withValue(DynamicVariable.scala:59)
	at com.databricks.logging.AttributionContext$.withValue(AttributionContext.scala:345)
	at com.databricks.logging.AttributionContextTracing.withAttributionContext(AttributionContextTracing.scala:144)
	at com.databricks.logging.AttributionContextTracing.withAttributionContext$(AttributionContextTracing.scala:141)
	at com.databricks.spark.util.PublicDBLogging.withAttributionContext(DatabricksSparkUsageLogger.scala:29)
	at com.databricks.logging.AttributionContextTracing.withAttributionTags(AttributionContextTracing.scala:201)
	at com.databricks.logging.AttributionContextTracing.withAttributionTags$(AttributionContextTracing.scala:182)
	at com.databricks.spark.util.PublicDBLogging.withAttributionTags(DatabricksSparkUsageLogger.scala:29)
	at com.databricks.logging.UsageLogging.$anonfun$recordOperationWithResultTags$5(UsageLogging.scala:664)
	at com.databricks.logging.UsageLogging.withOtelSpanInContext$1(UsageLogging.scala:656)
	at com.databricks.logging.UsageLogging.recordOperationWithResultTags(UsageLogging.scala:659)
	at com.databricks.logging.UsageLogging.recordOperationWithResultTags$(UsageLogging.scala:540)
	at com.databricks.spark.util.PublicDBLogging.recordOperationWithResultTags(DatabricksSparkUsageLogger.scala:29)
	at com.databricks.logging.UsageLogging.recordOperation(UsageLogging.scala:532)
	at com.databricks.logging.UsageLogging.recordOperation$(UsageLogging.scala:496)
	at com.databricks.spark.util.PublicDBLogging.recordOperation(DatabricksSparkUsageLogger.scala:29)
	at com.databricks.spark.util.PublicDBLogging.recordOperation0(DatabricksSparkUsageLogger.scala:104)
	at com.databricks.spark.util.DatabricksSparkUsageLogger.recordOperation(DatabricksSparkUsageLogger.scala:193)
	at com.databricks.spark.util.UsageLogger.recordOperation(UsageLogger.scala:78)
	at com.databricks.spark.util.UsageLogger.recordOperation$(UsageLogger.scala:65)
	at com.databricks.spark.util.DatabricksSparkUsageLogger.recordOperation(DatabricksSparkUsageLogger.scala:152)
	at com.databricks.spark.util.UsageLogging.recordOperation(UsageLogger.scala:537)
	at com.databricks.spark.util.UsageLogging.recordOperation$(UsageLogger.scala:516)
	at com.databricks.sql.transaction.tahoe.commands.DeltaDMLCommandEdge.recordOperation(DeltaDMLCommandEdge.scala:64)
	at com.databricks.sql.transaction.tahoe.metering.DeltaLogging.recordDeltaOperationInternal(DeltaLogging.scala:525)
	at com.databricks.sql.transaction.tahoe.metering.DeltaLogging.recordDeltaOperation(DeltaLogging.scala:515)
	at com.databricks.sql.transaction.tahoe.metering.DeltaLogging.recordDeltaOperation$(DeltaLogging.scala:504)
	at com.databricks.sql.transaction.tahoe.commands.DeltaDMLCommandEdge.recordDeltaOperation(DeltaDMLCommandEdge.scala:64)
	at com.databricks.sql.transaction.tahoe.commands.MergeIntoCommandBase.recordMergeOperation(MergeIntoCommandBase.scala:481)
	at com.databricks.sql.transaction.tahoe.commands.MergeIntoCommandBase.recordMergeOperation$(MergeIntoCommandBase.scala:437)
	at com.databricks.sql.transaction.tahoe.commands.MergeIntoWithDeltaDMLCommandEdge.recordMergeOperation(MergeIntoCommandEdge.scala:72)
	at com.databricks.sql.transaction.tahoe.commands.merge.LowShuffleMergeExecutor.findTouchedFilesForLowShuffleMerge(LowShuffleMergeExecutor.scala:502)
	at com.databricks.sql.transaction.tahoe.commands.merge.LowShuffleMergeExecutor.$anonfun$runLowShuffleMerge$1(LowShuffleMergeExecutor.scala:239)
	at com.databricks.sql.transaction.tahoe.NoOpLowShuffleMergeExecutionObserver$.findTouchedFiles(LowShuffleMergeExecutionObserver.scala:87)
	at com.databricks.sql.transaction.tahoe.commands.merge.LowShuffleMergeExecutor.liftedTree1$1(LowShuffleMergeExecutor.scala:236)
	at com.databricks.sql.transaction.tahoe.commands.merge.LowShuffleMergeExecutor.runLowShuffleMerge(LowShuffleMergeExecutor.scala:234)
	at com.databricks.sql.transaction.tahoe.commands.merge.LowShuffleMergeExecutor.runLowShuffleMerge$(LowShuffleMergeExecutor.scala:230)
	at com.databricks.sql.transaction.tahoe.commands.MergeIntoCommandEdge.super$runLowShuffleMerge(MergeIntoCommandEdge.scala:533)
	at com.databricks.sql.transaction.tahoe.commands.MergeIntoCommandEdge.$anonfun$runMergeInternal$1(MergeIntoCommandEdge.scala:533)
	at com.databricks.sql.acl.CheckPermissions$.$anonfun$trusted$2(CheckPermissions.scala:2840)
	at com.databricks.sql.util.ThreadLocalTagger.withTag(QueryTagger.scala:63)
	at com.databricks.sql.util.ThreadLocalTagger.withTag$(QueryTagger.scala:60)
	at com.databricks.sql.util.QueryTagger$.withTag(QueryTagger.scala:292)
	at com.databricks.sql.acl.CheckPermissions$.trusted(CheckPermissions.scala:2840)
	at com.databricks.sql.transaction.tahoe.commands.MergeIntoCommandEdge.runMergeInternal(MergeIntoCommandEdge.scala:520)
	at com.databricks.sql.transaction.tahoe.commands.MergeIntoCommandEdge.$anonfun$runMerge$5(MergeIntoCommandEdge.scala:446)
	at com.databricks.sql.transaction.tahoe.commands.MergeIntoCommandEdge.withAnalysisExceptionsLogged(MergeIntoCommandEdge.scala:1153)
	at com.databricks.sql.transaction.tahoe.commands.MergeIntoCommandEdge.$anonfun$runMerge$4(MergeIntoCommandEdge.scala:433)
	at com.databricks.sql.transaction.tahoe.DeltaLog.withNewTransaction(DeltaLog.scala:367)
	at com.databricks.sql.transaction.tahoe.DeltaLogEdge.withExistingOrNewTransaction(DeltaLogEdge.scala:161)
	at com.databricks.sql.transaction.tahoe.DeltaLogEdge.withExistingOrNewTransaction$(DeltaLogEdge.scala:142)
	at com.databricks.sql.transaction.tahoe.DeltaLog.withExistingOrNewTransaction(DeltaLog.scala:109)
	at com.databricks.sql.transaction.tahoe.commands.MergeIntoCommandEdge.$anonfun$runMerge$1(MergeIntoCommandEdge.scala:396)
	at com.databricks.sql.transaction.tahoe.commands.MergeIntoCommandBase.$anonfun$recordMergeOperation$6(MergeIntoCommandBase.scala:461)
	at com.databricks.sql.util.ThreadLocalTagger.withTag(QueryTagger.scala:63)
	at com.databricks.sql.util.ThreadLocalTagger.withTag$(QueryTagger.scala:60)
	at com.databricks.sql.util.QueryTagger$.withTag(QueryTagger.scala:292)
	at com.databricks.sql.transaction.tahoe.commands.MergeIntoCommandBase.executeThunk$1(MergeIntoCommandBase.scala:460)
	at com.databricks.sql.transaction.tahoe.commands.MergeIntoCommandBase.$anonfun$recordMergeOperation$8(MergeIntoCommandBase.scala:484)
	at com.databricks.backend.daemon.driver.ProgressReporter$.withStatusCode(ProgressReporter.scala:465)
	at com.databricks.backend.daemon.driver.ProgressReporter$.withStatusCode(ProgressReporter.scala:451)
	at com.databricks.spark.util.SparkDatabricksProgressReporter$.withStatusCode(ProgressReporter.scala:34)
	at com.databricks.sql.transaction.tahoe.util.DeltaProgressReporterEdge.withStatusCode(DeltaProgressReporterEdge.scala:30)
	at com.databricks.sql.transaction.tahoe.util.DeltaProgressReporterEdge.withStatusCode$(DeltaProgressReporterEdge.scala:25)
	at com.databricks.sql.transaction.tahoe.commands.DeltaDMLCommandEdge.withStatusCode(DeltaDMLCommandEdge.scala:64)
	at com.databricks.sql.transaction.tahoe.commands.MergeIntoCommandBase.$anonfun$recordMergeOperation$7(MergeIntoCommandBase.scala:484)
	at com.databricks.sql.transaction.tahoe.metering.DeltaLogging.withOperationTypeTag(DeltaLogging.scala:854)
	at com.databricks.sql.transaction.tahoe.metering.DeltaLogging.withOperationTypeTag$(DeltaLogging.scala:841)
	at com.databricks.sql.transaction.tahoe.commands.DeltaDMLCommandEdge.withOperationTypeTag(DeltaDMLCommandEdge.scala:64)
	at com.databricks.sql.transaction.tahoe.metering.DeltaLogging.$anonfun$recordDeltaOperationInternal$2(DeltaLogging.scala:527)
	at com.databricks.spark.util.FrameProfiler$.$anonfun$record$1(FrameProfiler.scala:114)
	at com.databricks.spark.util.FrameProfilerExporter$.maybeExportFrameProfiler(FrameProfilerExporter.scala:201)
	at com.databricks.spark.util.FrameProfiler$.record(FrameProfiler.scala:105)
	at com.databricks.sql.transaction.tahoe.metering.DeltaLogging.recordFrameProfileWithCallSite(DeltaLogging.scala:969)
	at com.databricks.sql.transaction.tahoe.metering.DeltaLogging.recordFrameProfileWithCallSite$(DeltaLogging.scala:966)
	at com.databricks.sql.transaction.tahoe.commands.DeltaDMLCommandEdge.recordFrameProfileWithCallSite(DeltaDMLCommandEdge.scala:64)
	at com.databricks.sql.transaction.tahoe.metering.DeltaLogging.$anonfun$recordDeltaOperationInternal$1(DeltaLogging.scala:526)
	at com.databricks.logging.UsageLogging.$anonfun$recordOperation$1(UsageLogging.scala:531)
	at com.databricks.logging.UsageLogging.executeThunkAndCaptureResultTags$1(UsageLogging.scala:669)
	at com.databricks.logging.UsageLogging.$anonfun$recordOperationWithResultTags$6(UsageLogging.scala:696)
	at com.databricks.logging.AttributionContextTracing.$anonfun$withAttributionContext$1(AttributionContextTracing.scala:146)
	at com.databricks.logging.AttributionContext$.$anonfun$withValue$1(AttributionContext.scala:349)
	at scala.util.DynamicVariable.withValue(DynamicVariable.scala:59)
	at com.databricks.logging.AttributionContext$.withValue(AttributionContext.scala:345)
	at com.databricks.logging.AttributionContextTracing.withAttributionContext(AttributionContextTracing.scala:144)
	at com.databricks.logging.AttributionContextTracing.withAttributionContext$(AttributionContextTracing.scala:141)
	at com.databricks.spark.util.PublicDBLogging.withAttributionContext(DatabricksSparkUsageLogger.scala:29)
	at com.databricks.logging.AttributionContextTracing.withAttributionTags(AttributionContextTracing.scala:201)
	at com.databricks.logging.AttributionContextTracing.withAttributionTags$(AttributionContextTracing.scala:182)
	at com.databricks.spark.util.PublicDBLogging.withAttributionTags(DatabricksSparkUsageLogger.scala:29)
	at com.databricks.logging.UsageLogging.$anonfun$recordOperationWithResultTags$5(UsageLogging.scala:664)
	at com.databricks.logging.UsageLogging.withOtelSpanInContext$1(UsageLogging.scala:656)
	at com.databricks.logging.UsageLogging.recordOperationWithResultTags(UsageLogging.scala:659)
	at com.databricks.logging.UsageLogging.recordOperationWithResultTags$(UsageLogging.scala:540)
	at com.databricks.spark.util.PublicDBLogging.recordOperationWithResultTags(DatabricksSparkUsageLogger.scala:29)
	at com.databricks.logging.UsageLogging.recordOperation(UsageLogging.scala:532)
	at com.databricks.logging.UsageLogging.recordOperation$(UsageLogging.scala:496)
	at com.databricks.spark.util.PublicDBLogging.recordOperation(DatabricksSparkUsageLogger.scala:29)
	at com.databricks.spark.util.PublicDBLogging.recordOperation0(DatabricksSparkUsageLogger.scala:104)
	at com.databricks.spark.util.DatabricksSparkUsageLogger.recordOperation(DatabricksSparkUsageLogger.scala:193)
	at com.databricks.spark.util.UsageLogger.recordOperation(UsageLogger.scala:78)
	at com.databricks.spark.util.UsageLogger.recordOperation$(UsageLogger.scala:65)
	at com.databricks.spark.util.DatabricksSparkUsageLogger.recordOperation(DatabricksSparkUsageLogger.scala:152)
	at com.databricks.spark.util.UsageLogging.recordOperation(UsageLogger.scala:537)
	at com.databricks.spark.util.UsageLogging.recordOperation$(UsageLogger.scala:516)
	at com.databricks.sql.transaction.tahoe.commands.DeltaDMLCommandEdge.recordOperation(DeltaDMLCommandEdge.scala:64)
	at com.databricks.sql.transaction.tahoe.metering.DeltaLogging.recordDeltaOperationInternal(DeltaLogging.scala:525)
	at com.databricks.sql.transaction.tahoe.metering.DeltaLogging.recordDeltaOperation(DeltaLogging.scala:515)
	at com.databricks.sql.transaction.tahoe.metering.DeltaLogging.recordDeltaOperation$(DeltaLogging.scala:504)
	at com.databricks.sql.transaction.tahoe.commands.DeltaDMLCommandEdge.recordDeltaOperation(DeltaDMLCommandEdge.scala:64)
	at com.databricks.sql.transaction.tahoe.commands.MergeIntoCommandBase.recordMergeOperation(MergeIntoCommandBase.scala:481)
	at com.databricks.sql.transaction.tahoe.commands.MergeIntoCommandBase.recordMergeOperation$(MergeIntoCommandBase.scala:437)
	at com.databricks.sql.transaction.tahoe.commands.MergeIntoWithDeltaDMLCommandEdge.recordMergeOperation(MergeIntoCommandEdge.scala:72)
	at com.databricks.sql.transaction.tahoe.commands.MergeIntoCommandEdge.runMerge(MergeIntoCommandEdge.scala:389)
	at com.databricks.sql.transaction.tahoe.commands.MergeIntoCommandBase.$anonfun$run$1(MergeIntoCommandBase.scala:213)
	at com.databricks.sql.transaction.tahoe.commands.merge.MergeIntoMaterializeSource.runWithMaterializedSourceLostRetries(MergeIntoMaterializeSource.scala:203)
	at com.databricks.sql.transaction.tahoe.commands.merge.MergeIntoMaterializeSource.runWithMaterializedSourceLostRetries$(MergeIntoMaterializeSource.scala:185)
	at com.databricks.sql.transaction.tahoe.commands.MergeIntoWithDeltaDMLCommandEdge.runWithMaterializedSourceLostRetries(MergeIntoCommandEdge.scala:72)
	at com.databricks.sql.transaction.tahoe.commands.MergeIntoCommandBase.run(MergeIntoCommandBase.scala:213)
	at com.databricks.sql.transaction.tahoe.commands.MergeIntoCommandBase.run$(MergeIntoCommandBase.scala:178)
	at com.databricks.sql.transaction.tahoe.commands.MergeIntoWithDeltaDMLCommandEdge.runCommand(MergeIntoCommandEdge.scala:80)
	at com.databricks.sql.transaction.tahoe.commands.DeltaDMLCommandEdge.runFunc$1(DeltaDMLCommandEdge.scala:82)
	at com.databricks.sql.transaction.tahoe.commands.DeltaDMLCommandEdge.$anonfun$run$1(DeltaDMLCommandEdge.scala:101)
	at com.databricks.sql.transaction.tahoe.commands.RunWithClonedSparkSession.runWithClonedSparkSession(DMLUtils.scala:193)
	at com.databricks.sql.transaction.tahoe.commands.RunWithClonedSparkSession.runWithClonedSparkSession$(DMLUtils.scala:174)
	at com.databricks.sql.transaction.tahoe.commands.DeltaDMLCommandEdge.runWithClonedSparkSession(DeltaDMLCommandEdge.scala:64)
	at com.databricks.sql.transaction.tahoe.commands.DeltaDMLCommandEdge.run(DeltaDMLCommandEdge.scala:101)
	at com.databricks.sql.transaction.tahoe.commands.MergeIntoWithDeltaDMLCommandEdge.run(MergeIntoCommandEdge.scala:77)
	at org.apache.spark.sql.execution.command.ExecutedCommandExec.$anonfun$sideEffectResult$2(commands.scala:87)
	at org.apache.spark.sql.execution.SparkPlan.runCommandInAetherOrSpark(SparkPlan.scala:202)
	at org.apache.spark.sql.execution.command.ExecutedCommandExec.$anonfun$sideEffectResult$1(commands.scala:87)
	at com.databricks.spark.util.FrameProfiler$.$anonfun$record$1(FrameProfiler.scala:114)
	at com.databricks.spark.util.FrameProfilerExporter$.maybeExportFrameProfiler(FrameProfilerExporter.scala:201)
	at com.databricks.spark.util.FrameProfiler$.record(FrameProfiler.scala:105)
	at org.apache.spark.sql.execution.command.ExecutedCommandExec.sideEffectResult$lzycompute(commands.scala:84)
	at org.apache.spark.sql.execution.command.ExecutedCommandExec.sideEffectResult(commands.scala:83)
	at org.apache.spark.sql.execution.command.ExecutedCommandExec.executeCollect(commands.scala:97)
	at org.apache.spark.sql.execution.QueryExecution$.$anonfun$runCommand$12(QueryExecution.scala:1968)
	at com.databricks.util.LexicalThreadLocal$Handle.runWith(LexicalThreadLocal.scala:63)
	at org.apache.spark.sql.execution.QueryExecution$.$anonfun$runCommand$11(QueryExecution.scala:1962)
	at com.databricks.util.LexicalThreadLocal$Handle.runWith(LexicalThreadLocal.scala:63)
	at org.apache.spark.sql.execution.QueryExecution$.executeWithCaches$1(QueryExecution.scala:1962)
	at org.apache.spark.sql.execution.QueryExecution$.$anonfun$runCommand$10(QueryExecution.scala:1968)
	at org.apache.spark.sql.catalyst.QueryPlanningTracker$.withTracker(QueryPlanningTracker.scala:275)
	at org.apache.spark.sql.execution.QueryExecution$.$anonfun$runCommand$9(QueryExecution.scala:1955)
	at org.apache.spark.sql.execution.SQLExecution$.$anonfun$withNewExecutionId0$24(SQLExecution.scala:1114)
	at com.databricks.sql.util.MemoryTrackerHelper.withMemoryTracking(MemoryTrackerHelper.scala:111)
	at org.apache.spark.sql.execution.SQLExecution$.$anonfun$withNewExecutionId0$21(SQLExecution.scala:1034)
	at com.databricks.unity.UCSManager$.withTemporaryScope(UCSManager.scala:168)
	at org.apache.spark.sql.execution.SQLExecution$.$anonfun$withNewExecutionId0$20(SQLExecution.scala:930)
	at org.apache.spark.sql.execution.SQLExecution$.withSessionTagsApplied(SQLExecution.scala:1612)
	at org.apache.spark.sql.execution.SQLExecution$.$anonfun$withNewExecutionId0$19(SQLExecution.scala:919)
	at org.apache.spark.JobArtifactSet$.withActiveJobArtifactState(JobArtifactSet.scala:97)
	at org.apache.spark.sql.artifact.ArtifactManager.$anonfun$withResources$1(ArtifactManager.scala:124)
	at org.apache.spark.sql.artifact.ArtifactManager.withClassLoaderIfNeeded(ArtifactManager.scala:118)
	at org.apache.spark.sql.artifact.ArtifactManager.withResources(ArtifactManager.scala:123)
	at org.apache.spark.sql.execution.SQLExecution$.$anonfun$withNewExecutionId0$18(SQLExecution.scala:919)
	at org.apache.spark.sql.execution.SQLExecution$.withSQLConfPropagated(SQLExecution.scala:1647)
	at org.apache.spark.sql.execution.SQLExecution$.$anonfun$withNewExecutionId0$1(SQLExecution.scala:918)
	at org.apache.spark.sql.SparkSession.withActive(SparkSession.scala:866)
	at org.apache.spark.sql.execution.SQLExecution$.withNewExecutionId0(SQLExecution.scala:659)
	at org.apache.spark.sql.execution.SQLExecution$.withNewExecutionId(SQLExecution.scala:1565)
	at org.apache.spark.sql.execution.QueryExecution$.$anonfun$runCommand$8(QueryExecution.scala:1955)
	at org.apache.spark.sql.execution.QueryExecution$.withInternalError(QueryExecution.scala:1822)
	at org.apache.spark.sql.execution.QueryExecution$.$anonfun$runCommand$7(QueryExecution.scala:1951)
	at org.apache.spark.sql.execution.QueryExecution.withMVTagsIfNecessary(QueryExecution.scala:710)
	at org.apache.spark.sql.execution.QueryExecution$.$anonfun$runCommand$4(QueryExecution.scala:1936)
	at scala.Option.map(Option.scala:242)
	at org.apache.spark.sql.execution.QueryExecution$.executeWithMVTags$1(QueryExecution.scala:1936)
	at org.apache.spark.sql.execution.QueryExecution$.runCommand(QueryExecution.scala:1949)
	at org.apache.spark.sql.execution.QueryExecution.org$apache$spark$sql$execution$QueryExecution$$eagerlyExecute$1(QueryExecution.scala:747)
	at org.apache.spark.sql.execution.QueryExecution$$anonfun$$nestedInanonfun$eagerlyExecuteCommands$1$1.applyOrElse(QueryExecution.scala:764)
	at org.apache.spark.sql.execution.QueryExecution$$anonfun$$nestedInanonfun$eagerlyExecuteCommands$1$1.applyOrElse(QueryExecution.scala:756)
	at org.apache.spark.sql.catalyst.trees.TreeNode.$anonfun$transformDownWithPruning$1(TreeNode.scala:610)
	at org.apache.spark.sql.catalyst.trees.CurrentOrigin$.withOrigin(origin.scala:142)
	at org.apache.spark.sql.catalyst.trees.TreeNode.transformDownWithPruning(TreeNode.scala:610)
	at org.apache.spark.sql.catalyst.plans.logical.LogicalPlan.org$apache$spark$sql$catalyst$plans$logical$AnalysisHelper$$super$transformDownWithPruning(LogicalPlan.scala:48)
	at org.apache.spark.sql.catalyst.plans.logical.AnalysisHelper.transformDownWithPruning(AnalysisHelper.scala:361)
	at org.apache.spark.sql.catalyst.plans.logical.AnalysisHelper.transformDownWithPruning$(AnalysisHelper.scala:357)
	at org.apache.spark.sql.catalyst.plans.logical.LogicalPlan.transformDownWithPruning(LogicalPlan.scala:48)
	at org.apache.spark.sql.catalyst.plans.logical.LogicalPlan.transformDownWithPruning(LogicalPlan.scala:48)
	at org.apache.spark.sql.catalyst.trees.TreeNode.transformDown(TreeNode.scala:586)
	at org.apache.spark.sql.execution.QueryExecution.$anonfun$eagerlyExecuteCommands$1(QueryExecution.scala:756)
	at org.apache.spark.sql.catalyst.plans.logical.AnalysisHelper$.allowInvokingTransformsInAnalyzer(AnalysisHelper.scala:418)
	at org.apache.spark.sql.execution.QueryExecution.eagerlyExecuteCommands(QueryExecution.scala:756)
	at org.apache.spark.sql.execution.QueryExecution.$anonfun$lazyCommandExecuted$1(QueryExecution.scala:666)
	at scala.util.Try$.apply(Try.scala:217)
	at org.apache.spark.util.Utils$.doTryWithCallerStacktrace(Utils.scala:1796)
	at org.apache.spark.util.Utils$.getTryWithCallerStacktrace(Utils.scala:1846)
	at org.apache.spark.util.LazyTry.get(LazyTry.scala:78)
	at org.apache.spark.sql.execution.QueryExecution.commandExecuted(QueryExecution.scala:671)
	at org.apache.spark.sql.classic.Dataset.<init>(Dataset.scala:405)
	at org.apache.spark.sql.classic.Dataset$.$anonfun$ofRows$13(Dataset.scala:257)
	at org.apache.spark.sql.SparkSession.withActive(SparkSession.scala:866)
	at org.apache.spark.sql.classic.Dataset$.ofRows(Dataset.scala:253)
	at org.apache.spark.sql.connect.execution.SparkConnectPlanExecution.$anonfun$handlePlan$11(SparkConnectPlanExecution.scala:149)
	at org.apache.spark.sql.connect.utils.TimingUtils$.withTiming(TimingUtils.scala:35)
	at org.apache.spark.sql.connect.execution.SparkConnectPlanExecution.handlePlan(SparkConnectPlanExecution.scala:144)
	at org.apache.spark.sql.connect.execution.ExecuteThreadRunner.handlePlan(ExecuteThreadRunner.scala:522)
	at org.apache.spark.sql.connect.execution.ExecuteThreadRunner.$anonfun$executeInternal$1(ExecuteThreadRunner.scala:421)
	at org.apache.spark.sql.connect.execution.ExecuteThreadRunner.$anonfun$executeInternal$1$adapted(ExecuteThreadRunner.scala:340)
	at org.apache.spark.sql.connect.service.SessionHolder.$anonfun$withSession$2(SessionHolder.scala:844)
	at org.apache.spark.sql.SparkSession.withActive(SparkSession.scala:866)
	at org.apache.spark.sql.connect.service.SessionHolder.$anonfun$withSession$1(SessionHolder.scala:844)
	at org.apache.spark.JobArtifactSet$.withActiveJobArtifactState(JobArtifactSet.scala:97)
	at org.apache.spark.sql.artifact.ArtifactManager.$anonfun$withResources$1(ArtifactManager.scala:124)
	at org.apache.spark.sql.artifact.ArtifactManager.withClassLoaderIfNeeded(ArtifactManager.scala:118)
	at org.apache.spark.sql.artifact.ArtifactManager.withResources(ArtifactManager.scala:123)
	at org.apache.spark.sql.connect.service.SessionHolder.withSession(SessionHolder.scala:843)
	at org.apache.spark.sql.connect.execution.ExecuteThreadRunner.executeInternal(ExecuteThreadRunner.scala:340)
	at org.apache.spark.sql.connect.execution.ExecuteThreadRunner.$anonfun$execute$1(ExecuteThreadRunner.scala:200)
	at scala.runtime.java8.JFunction0$mcV$sp.apply(JFunction0$mcV$sp.scala:18)
	at com.databricks.spark.connect.service.UtilizationMetrics.recordActiveQueries(UtilizationMetrics.scala:92)
	at com.databricks.spark.connect.service.UtilizationMetrics.recordActiveQueries$(UtilizationMetrics.scala:89)
	at org.apache.spark.sql.connect.execution.ExecuteThreadRunner.recordActiveQueries(ExecuteThreadRunner.scala:61)
	at org.apache.spark.sql.connect.execution.ExecuteThreadRunner.org$apache$spark$sql$connect$execution$ExecuteThreadRunner$$execute(ExecuteThreadRunner.scala:192)
	at org.apache.spark.sql.connect.execution.ExecuteThreadRunner$ExecutionThread.$anonfun$run$3(ExecuteThreadRunner.scala:601)
	at scala.runtime.java8.JFunction0$mcV$sp.apply(JFunction0$mcV$sp.scala:18)
	at com.databricks.spark.util.DBRTracing$.withSpanFromParent(DBRTracing.scala:70)
	at org.apache.spark.sql.connect.execution.ExecuteThreadRunner$ExecutionThread.$anonfun$run$2(ExecuteThreadRunner.scala:601)
	at scala.runtime.java8.JFunction0$mcV$sp.apply(JFunction0$mcV$sp.scala:18)
	at com.databricks.unity.UCSEphemeralState$Handle.runWith(UCSEphemeralState.scala:51)
	at com.databricks.unity.HandleImpl.runWith(UCSHandle.scala:128)
	at com.databricks.unity.HandleImpl.$anonfun$runWithAndClose$1(UCSHandle.scala:133)
	at scala.util.Using$.resource(Using.scala:296)
	at com.databricks.unity.HandleImpl.runWithAndClose(UCSHandle.scala:132)
	at org.apache.spark.sql.connect.execution.ExecuteThreadRunner$ExecutionThread.run(ExecuteThreadRunner.scala:600)
Traceback (most recent call last):
  File "/home/spark-8f5b6315-bde7-4763-ab71-87/.ipykernel/96/command-6029136220637170-3840433308", line 124, in <module>
    .execute()
     ^^^^^^^^^
  File "/databricks/python/lib/python3.12/site-packages/delta/connect/tables.py", line 609, in execute
    return self._spark.createDataFrame(df.toPandas())
                                       ^^^^^^^^^^^^^
  File "/databricks/python/lib/python3.12/site-packages/pyspark/sql/connect/dataframe.py", line 1943, in toPandas
    pdf, ei = self._session.client.to_pandas(query, self._plan.observations)
              ^^^^^^^^^^^^^^^^^^^^^^^^^^^^^^^^^^^^^^^^^^^^^^^^^^^^^^^^^^^^^^
  File "/databricks/python/lib/python3.12/site-packages/pyspark/sql/connect/client/core.py", line 1386, in to_pandas
    table, schema, metrics, observed_metrics, _ = self._execute_and_fetch(
                                                  ^^^^^^^^^^^^^^^^^^^^^^^^
  File "/databricks/python/lib/python3.12/site-packages/pyspark/sql/connect/client/core.py", line 2086, in _execute_and_fetch
    for response in self._execute_and_fetch_as_iterator(
  File "/databricks/python/lib/python3.12/site-packages/pyspark/sql/connect/client/core.py", line 2062, in _execute_and_fetch_as_iterator
    self._handle_error(error)
  File "/databricks/python/lib/python3.12/site-packages/pyspark/sql/connect/client/core.py", line 2380, in _handle_error
    self._handle_rpc_error(error)
  File "/databricks/python/lib/python3.12/site-packages/pyspark/sql/connect/client/core.py", line 2458, in _handle_rpc_error
    raise convert_exception(
pyspark.errors.exceptions.connect.UnsupportedOperationException: [DELTA_MULTIPLE_SOURCE_ROW_MATCHING_TARGET_ROW_IN_MERGE] Cannot perform Merge as multiple source rows matched and attempted to modify the same
target row in the Delta table in possibly conflicting ways. By SQL semantics of Merge,
when multiple source rows match on the same target row, the result may be ambiguous
as it is unclear which source row should be used to update or delete the matching
target row. You can preprocess the source table to eliminate the possibility of
multiple matches. Please refer to
https://docs.databricks.com/delta/merge.html#merge-error


JVM stacktrace:
com.databricks.sql.transaction.tahoe.DeltaUnsupportedOperationException
	at com.databricks.sql.transaction.tahoe.DeltaErrorsEdge.multipleSourceRowMatchingTargetRowInMergeException(DeltaErrorsEdge.scala:1396)
	at com.databricks.sql.transaction.tahoe.DeltaErrorsEdge.multipleSourceRowMatchingTargetRowInMergeException$(DeltaErrorsEdge.scala:1391)
	at com.databricks.sql.transaction.tahoe.DeltaErrors$.multipleSourceRowMatchingTargetRowInMergeException(DeltaErrors.scala:4492)
	at com.databricks.sql.transaction.tahoe.commands.MergeIntoCommandBase.throwErrorOnMultipleMatches(MergeIntoCommandBase.scala:318)
	at com.databricks.sql.transaction.tahoe.commands.MergeIntoCommandBase.throwErrorOnMultipleMatches$(MergeIntoCommandBase.scala:313)
	at com.databricks.sql.transaction.tahoe.commands.MergeIntoWithDeltaDMLCommandEdge.throwErrorOnMultipleMatches(MergeIntoCommandEdge.scala:72)
	at com.databricks.sql.transaction.tahoe.commands.merge.LowShuffleMergeExecutor.$anonfun$findTouchedFilesForLowShuffleMerge$1(LowShuffleMergeExecutor.scala:695)
	at com.databricks.sql.transaction.tahoe.commands.MergeIntoCommandBase.$anonfun$recordMergeOperation$6(MergeIntoCommandBase.scala:461)
	at com.databricks.sql.util.ThreadLocalTagger.withTag(QueryTagger.scala:63)
	at com.databricks.sql.util.ThreadLocalTagger.withTag$(QueryTagger.scala:60)
	at com.databricks.sql.util.QueryTagger$.withTag(QueryTagger.scala:292)
	at com.databricks.sql.transaction.tahoe.commands.MergeIntoCommandBase.executeThunk$1(MergeIntoCommandBase.scala:460)
	at com.databricks.sql.transaction.tahoe.commands.MergeIntoCommandBase.$anonfun$recordMergeOperation$8(MergeIntoCommandBase.scala:484)
	at com.databricks.backend.daemon.driver.ProgressReporter$.withStatusCode(ProgressReporter.scala:465)
	at com.databricks.backend.daemon.driver.ProgressReporter$.withStatusCode(ProgressReporter.scala:451)
	at com.databricks.spark.util.SparkDatabricksProgressReporter$.withStatusCode(ProgressReporter.scala:34)
	at com.databricks.sql.transaction.tahoe.util.DeltaProgressReporterEdge.withStatusCode(DeltaProgressReporterEdge.scala:30)
	at com.databricks.sql.transaction.tahoe.util.DeltaProgressReporterEdge.withStatusCode$(DeltaProgressReporterEdge.scala:25)
	at com.databricks.sql.transaction.tahoe.commands.DeltaDMLCommandEdge.withStatusCode(DeltaDMLCommandEdge.scala:64)
	at com.databricks.sql.transaction.tahoe.commands.MergeIntoCommandBase.$anonfun$recordMergeOperation$7(MergeIntoCommandBase.scala:484)
	at com.databricks.sql.transaction.tahoe.metering.DeltaLogging.withOperationTypeTag(DeltaLogging.scala:854)
	at com.databricks.sql.transaction.tahoe.metering.DeltaLogging.withOperationTypeTag$(DeltaLogging.scala:841)
	at com.databricks.sql.transaction.tahoe.commands.DeltaDMLCommandEdge.withOperationTypeTag(DeltaDMLCommandEdge.scala:64)
	at com.databricks.sql.transaction.tahoe.metering.DeltaLogging.$anonfun$recordDeltaOperationInternal$2(DeltaLogging.scala:527)
	at com.databricks.spark.util.FrameProfiler$.$anonfun$record$1(FrameProfiler.scala:114)
	at com.databricks.spark.util.FrameProfilerExporter$.maybeExportFrameProfiler(FrameProfilerExporter.scala:201)
	at com.databricks.spark.util.FrameProfiler$.record(FrameProfiler.scala:105)
	at com.databricks.sql.transaction.tahoe.metering.DeltaLogging.recordFrameProfileWithCallSite(DeltaLogging.scala:969)
	at com.databricks.sql.transaction.tahoe.metering.DeltaLogging.recordFrameProfileWithCallSite$(DeltaLogging.scala:966)
	at com.databricks.sql.transaction.tahoe.commands.DeltaDMLCommandEdge.recordFrameProfileWithCallSite(DeltaDMLCommandEdge.scala:64)
	at com.databricks.sql.transaction.tahoe.metering.DeltaLogging.$anonfun$recordDeltaOperationInternal$1(DeltaLogging.scala:526)
	at com.databricks.logging.UsageLogging.$anonfun$recordOperation$1(UsageLogging.scala:531)
	at com.databricks.logging.UsageLogging.executeThunkAndCaptureResultTags$1(UsageLogging.scala:669)
	at com.databricks.logging.UsageLogging.$anonfun$recordOperationWithResultTags$6(UsageLogging.scala:696)
	at com.databricks.logging.AttributionContextTracing.$anonfun$withAttributionContext$1(AttributionContextTracing.scala:146)
	at com.databricks.logging.AttributionContext$.$anonfun$withValue$1(AttributionContext.scala:349)
	at scala.util.DynamicVariable.withValue(DynamicVariable.scala:59)
	at com.databricks.logging.AttributionContext$.withValue(AttributionContext.scala:345)
	at com.databricks.logging.AttributionContextTracing.withAttributionContext(AttributionContextTracing.scala:144)
	at com.databricks.logging.AttributionContextTracing.withAttributionContext$(AttributionContextTracing.scala:141)
	at com.databricks.spark.util.PublicDBLogging.withAttributionContext(DatabricksSparkUsageLogger.scala:29)
	at com.databricks.logging.AttributionContextTracing.withAttributionTags(AttributionContextTracing.scala:201)
	at com.databricks.logging.AttributionContextTracing.withAttributionTags$(AttributionContextTracing.scala:182)
	at com.databricks.spark.util.PublicDBLogging.withAttributionTags(DatabricksSparkUsageLogger.scala:29)
	at com.databricks.logging.UsageLogging.$anonfun$recordOperationWithResultTags$5(UsageLogging.scala:664)
	at com.databricks.logging.UsageLogging.withOtelSpanInContext$1(UsageLogging.scala:656)
	at com.databricks.logging.UsageLogging.recordOperationWithResultTags(UsageLogging.scala:659)
	at com.databricks.logging.UsageLogging.recordOperationWithResultTags$(UsageLogging.scala:540)
	at com.databricks.spark.util.PublicDBLogging.recordOperationWithResultTags(DatabricksSparkUsageLogger.scala:29)
	at com.databricks.logging.UsageLogging.recordOperation(UsageLogging.scala:532)
	at com.databricks.logging.UsageLogging.recordOperation$(UsageLogging.scala:496)
	at com.databricks.spark.util.PublicDBLogging.recordOperation(DatabricksSparkUsageLogger.scala:29)
	at com.databricks.spark.util.PublicDBLogging.recordOperation0(DatabricksSparkUsageLogger.scala:104)
	at com.databricks.spark.util.DatabricksSparkUsageLogger.recordOperation(DatabricksSparkUsageLogger.scala:193)
	at com.databricks.spark.util.UsageLogger.recordOperation(UsageLogger.scala:78)
	at com.databricks.spark.util.UsageLogger.recordOperation$(UsageLogger.scala:65)
	at com.databricks.spark.util.DatabricksSparkUsageLogger.recordOperation(DatabricksSparkUsageLogger.scala:152)
	at com.databricks.spark.util.UsageLogging.recordOperation(UsageLogger.scala:537)
	at com.databricks.spark.util.UsageLogging.recordOperation$(UsageLogger.scala:516)
	at com.databricks.sql.transaction.tahoe.commands.DeltaDMLCommandEdge.recordOperation(DeltaDMLCommandEdge.scala:64)
	at com.databricks.sql.transaction.tahoe.metering.DeltaLogging.recordDeltaOperationInternal(DeltaLogging.scala:525)
	at com.databricks.sql.transaction.tahoe.metering.DeltaLogging.recordDeltaOperation(DeltaLogging.scala:515)
	at com.databricks.sql.transaction.tahoe.metering.DeltaLogging.recordDeltaOperation$(DeltaLogging.scala:504)
	at com.databricks.sql.transaction.tahoe.commands.DeltaDMLCommandEdge.recordDeltaOperation(DeltaDMLCommandEdge.scala:64)
	at com.databricks.sql.transaction.tahoe.commands.MergeIntoCommandBase.recordMergeOperation(MergeIntoCommandBase.scala:481)
	at com.databricks.sql.transaction.tahoe.commands.MergeIntoCommandBase.recordMergeOperation$(MergeIntoCommandBase.scala:437)
	at com.databricks.sql.transaction.tahoe.commands.MergeIntoWithDeltaDMLCommandEdge.recordMergeOperation(MergeIntoCommandEdge.scala:72)
	at com.databricks.sql.transaction.tahoe.commands.merge.LowShuffleMergeExecutor.findTouchedFilesForLowShuffleMerge(LowShuffleMergeExecutor.scala:502)
	at com.databricks.sql.transaction.tahoe.commands.merge.LowShuffleMergeExecutor.$anonfun$runLowShuffleMerge$1(LowShuffleMergeExecutor.scala:239)
	at com.databricks.sql.transaction.tahoe.NoOpLowShuffleMergeExecutionObserver$.findTouchedFiles(LowShuffleMergeExecutionObserver.scala:87)
	at com.databricks.sql.transaction.tahoe.commands.merge.LowShuffleMergeExecutor.liftedTree1$1(LowShuffleMergeExecutor.scala:236)
	at com.databricks.sql.transaction.tahoe.commands.merge.LowShuffleMergeExecutor.runLowShuffleMerge(LowShuffleMergeExecutor.scala:234)
	at com.databricks.sql.transaction.tahoe.commands.merge.LowShuffleMergeExecutor.runLowShuffleMerge$(LowShuffleMergeExecutor.scala:230)
	at com.databricks.sql.transaction.tahoe.commands.MergeIntoCommandEdge.super$runLowShuffleMerge(MergeIntoCommandEdge.scala:533)
	at com.databricks.sql.transaction.tahoe.commands.MergeIntoCommandEdge.$anonfun$runMergeInternal$1(MergeIntoCommandEdge.scala:533)
	at com.databricks.sql.acl.CheckPermissions$.$anonfun$trusted$2(CheckPermissions.scala:2840)
	at com.databricks.sql.util.ThreadLocalTagger.withTag(QueryTagger.scala:63)
	at com.databricks.sql.util.ThreadLocalTagger.withTag$(QueryTagger.scala:60)
	at com.databricks.sql.util.QueryTagger$.withTag(QueryTagger.scala:292)
	at com.databricks.sql.acl.CheckPermissions$.trusted(CheckPermissions.scala:2840)
	at com.databricks.sql.transaction.tahoe.commands.MergeIntoCommandEdge.runMergeInternal(MergeIntoCommandEdge.scala:520)
	at com.databricks.sql.transaction.tahoe.commands.MergeIntoCommandEdge.$anonfun$runMerge$5(MergeIntoCommandEdge.scala:446)
	at com.databricks.sql.transaction.tahoe.commands.MergeIntoCommandEdge.withAnalysisExceptionsLogged(MergeIntoCommandEdge.scala:1153)
	at com.databricks.sql.transaction.tahoe.commands.MergeIntoCommandEdge.$anonfun$runMerge$4(MergeIntoCommandEdge.scala:433)
	at com.databricks.sql.transaction.tahoe.DeltaLog.withNewTransaction(DeltaLog.scala:367)
	at com.databricks.sql.transaction.tahoe.DeltaLogEdge.withExistingOrNewTransaction(DeltaLogEdge.scala:161)
	at com.databricks.sql.transaction.tahoe.DeltaLogEdge.withExistingOrNewTransaction$(DeltaLogEdge.scala:142)
	at com.databricks.sql.transaction.tahoe.DeltaLog.withExistingOrNewTransaction(DeltaLog.scala:109)
	at com.databricks.sql.transaction.tahoe.commands.MergeIntoCommandEdge.$anonfun$runMerge$1(MergeIntoCommandEdge.scala:396)
	at com.databricks.sql.transaction.tahoe.commands.MergeIntoCommandBase.$anonfun$recordMergeOperation$6(MergeIntoCommandBase.scala:461)
	at com.databricks.sql.util.ThreadLocalTagger.withTag(QueryTagger.scala:63)
	at com.databricks.sql.util.ThreadLocalTagger.withTag$(QueryTagger.scala:60)
	at com.databricks.sql.util.QueryTagger$.withTag(QueryTagger.scala:292)
	at com.databricks.sql.transaction.tahoe.commands.MergeIntoCommandBase.executeThunk$1(MergeIntoCommandBase.scala:460)
	at com.databricks.sql.transaction.tahoe.commands.MergeIntoCommandBase.$anonfun$recordMergeOperation$8(MergeIntoCommandBase.scala:484)
	at com.databricks.backend.daemon.driver.ProgressReporter$.withStatusCode(ProgressReporter.scala:465)
	at com.databricks.backend.daemon.driver.ProgressReporter$.withStatusCode(ProgressReporter.scala:451)
	at com.databricks.spark.util.SparkDatabricksProgressReporter$.withStatusCode(ProgressReporter.scala:34)
	at com.databricks.sql.transaction.tahoe.util.DeltaProgressReporterEdge.withStatusCode(DeltaProgressReporterEdge.scala:30)
	at com.databricks.sql.transaction.tahoe.util.DeltaProgressReporterEdge.withStatusCode$(DeltaProgressReporterEdge.scala:25)
	at com.databricks.sql.transaction.tahoe.commands.DeltaDMLCommandEdge.withStatusCode(DeltaDMLCommandEdge.scala:64)
	at com.databricks.sql.transaction.tahoe.commands.MergeIntoCommandBase.$anonfun$recordMergeOperation$7(MergeIntoCommandBase.scala:484)
	at com.databricks.sql.transaction.tahoe.metering.DeltaLogging.withOperationTypeTag(DeltaLogging.scala:854)
	at com.databricks.sql.transaction.tahoe.metering.DeltaLogging.withOperationTypeTag$(DeltaLogging.scala:841)
	at com.databricks.sql.transaction.tahoe.commands.DeltaDMLCommandEdge.withOperationTypeTag(DeltaDMLCommandEdge.scala:64)
	at com.databricks.sql.transaction.tahoe.metering.DeltaLogging.$anonfun$recordDeltaOperationInternal$2(DeltaLogging.scala:527)
	at com.databricks.spark.util.FrameProfiler$.$anonfun$record$1(FrameProfiler.scala:114)
	at com.databricks.spark.util.FrameProfilerExporter$.maybeExportFrameProfiler(FrameProfilerExporter.scala:201)
	at com.databricks.spark.util.FrameProfiler$.record(FrameProfiler.scala:105)
	at com.databricks.sql.transaction.tahoe.metering.DeltaLogging.recordFrameProfileWithCallSite(DeltaLogging.scala:969)
	at com.databricks.sql.transaction.tahoe.metering.DeltaLogging.recordFrameProfileWithCallSite$(DeltaLogging.scala:966)
	at com.databricks.sql.transaction.tahoe.commands.DeltaDMLCommandEdge.recordFrameProfileWithCallSite(DeltaDMLCommandEdge.scala:64)
	at com.databricks.sql.transaction.tahoe.metering.DeltaLogging.$anonfun$recordDeltaOperationInternal$1(DeltaLogging.scala:526)
	at com.databricks.logging.UsageLogging.$anonfun$recordOperation$1(UsageLogging.scala:531)
	at com.databricks.logging.UsageLogging.executeThunkAndCaptureResultTags$1(UsageLogging.scala:669)
	at com.databricks.logging.UsageLogging.$anonfun$recordOperationWithResultTags$6(UsageLogging.scala:696)
	at com.databricks.logging.AttributionContextTracing.$anonfun$withAttributionContext$1(AttributionContextTracing.scala:146)
	at com.databricks.logging.AttributionContext$.$anonfun$withValue$1(AttributionContext.scala:349)
	at scala.util.DynamicVariable.withValue(DynamicVariable.scala:59)
	at com.databricks.logging.AttributionContext$.withValue(AttributionContext.scala:345)
	at com.databricks.logging.AttributionContextTracing.withAttributionContext(AttributionContextTracing.scala:144)
	at com.databricks.logging.AttributionContextTracing.withAttributionContext$(AttributionContextTracing.scala:141)
	at com.databricks.spark.util.PublicDBLogging.withAttributionContext(DatabricksSparkUsageLogger.scala:29)
	at com.databricks.logging.AttributionContextTracing.withAttributionTags(AttributionContextTracing.scala:201)
	at com.databricks.logging.AttributionContextTracing.withAttributionTags$(AttributionContextTracing.scala:182)
	at com.databricks.spark.util.PublicDBLogging.withAttributionTags(DatabricksSparkUsageLogger.scala:29)
	at com.databricks.logging.UsageLogging.$anonfun$recordOperationWithResultTags$5(UsageLogging.scala:664)
	at com.databricks.logging.UsageLogging.withOtelSpanInContext$1(UsageLogging.scala:656)
	at com.databricks.logging.UsageLogging.recordOperationWithResultTags(UsageLogging.scala:659)
	at com.databricks.logging.UsageLogging.recordOperationWithResultTags$(UsageLogging.scala:540)
	at com.databricks.spark.util.PublicDBLogging.recordOperationWithResultTags(DatabricksSparkUsageLogger.scala:29)
	at com.databricks.logging.UsageLogging.recordOperation(UsageLogging.scala:532)
	at com.databricks.logging.UsageLogging.recordOperation$(UsageLogging.scala:496)
	at com.databricks.spark.util.PublicDBLogging.recordOperation(DatabricksSparkUsageLogger.scala:29)
	at com.databricks.spark.util.PublicDBLogging.recordOperation0(DatabricksSparkUsageLogger.scala:104)
	at com.databricks.spark.util.DatabricksSparkUsageLogger.recordOperation(DatabricksSparkUsageLogger.scala:193)
	at com.databricks.spark.util.UsageLogger.recordOperation(UsageLogger.scala:78)
	at com.databricks.spark.util.UsageLogger.recordOperation$(UsageLogger.scala:65)
	at com.databricks.spark.util.DatabricksSparkUsageLogger.recordOperation(DatabricksSparkUsageLogger.scala:152)
	at com.databricks.spark.util.UsageLogging.recordOperation(UsageLogger.scala:537)
	at com.databricks.spark.util.UsageLogging.recordOperation$(UsageLogger.scala:516)
	at com.databricks.sql.transaction.tahoe.commands.DeltaDMLCommandEdge.recordOperation(DeltaDMLCommandEdge.scala:64)
	at com.databricks.sql.transaction.tahoe.metering.DeltaLogging.recordDeltaOperationInternal(DeltaLogging.scala:525)
	at com.databricks.sql.transaction.tahoe.metering.DeltaLogging.recordDeltaOperation(DeltaLogging.scala:515)
	at com.databricks.sql.transaction.tahoe.metering.DeltaLogging.recordDeltaOperation$(DeltaLogging.scala:504)
	at com.databricks.sql.transaction.tahoe.commands.DeltaDMLCommandEdge.recordDeltaOperation(DeltaDMLCommandEdge.scala:64)
	at com.databricks.sql.transaction.tahoe.commands.MergeIntoCommandBase.recordMergeOperation(MergeIntoCommandBase.scala:481)
	at com.databricks.sql.transaction.tahoe.commands.MergeIntoCommandBase.recordMergeOperation$(MergeIntoCommandBase.scala:437)
	at com.databricks.sql.transaction.tahoe.commands.MergeIntoWithDeltaDMLCommandEdge.recordMergeOperation(MergeIntoCommandEdge.scala:72)
	at com.databricks.sql.transaction.tahoe.commands.MergeIntoCommandEdge.runMerge(MergeIntoCommandEdge.scala:389)
	at com.databricks.sql.transaction.tahoe.commands.MergeIntoCommandBase.$anonfun$run$1(MergeIntoCommandBase.scala:213)
	at com.databricks.sql.transaction.tahoe.commands.merge.MergeIntoMaterializeSource.runWithMaterializedSourceLostRetries(MergeIntoMaterializeSource.scala:203)
	at com.databricks.sql.transaction.tahoe.commands.merge.MergeIntoMaterializeSource.runWithMaterializedSourceLostRetries$(MergeIntoMaterializeSource.scala:185)
	at com.databricks.sql.transaction.tahoe.commands.MergeIntoWithDeltaDMLCommandEdge.runWithMaterializedSourceLostRetries(MergeIntoCommandEdge.scala:72)
	at com.databricks.sql.transaction.tahoe.commands.MergeIntoCommandBase.run(MergeIntoCommandBase.scala:213)
	at com.databricks.sql.transaction.tahoe.commands.MergeIntoCommandBase.run$(MergeIntoCommandBase.scala:178)
	at com.databricks.sql.transaction.tahoe.commands.MergeIntoWithDeltaDMLCommandEdge.runCommand(MergeIntoCommandEdge.scala:80)
	at com.databricks.sql.transaction.tahoe.commands.DeltaDMLCommandEdge.runFunc$1(DeltaDMLCommandEdge.scala:82)
	at com.databricks.sql.transaction.tahoe.commands.DeltaDMLCommandEdge.$anonfun$run$1(DeltaDMLCommandEdge.scala:101)
	at com.databricks.sql.transaction.tahoe.commands.RunWithClonedSparkSession.runWithClonedSparkSession(DMLUtils.scala:193)
	at com.databricks.sql.transaction.tahoe.commands.RunWithClonedSparkSession.runWithClonedSparkSession$(DMLUtils.scala:174)
	at com.databricks.sql.transaction.tahoe.commands.DeltaDMLCommandEdge.runWithClonedSparkSession(DeltaDMLCommandEdge.scala:64)
	at com.databricks.sql.transaction.tahoe.commands.DeltaDMLCommandEdge.run(DeltaDMLCommandEdge.scala:101)
	at com.databricks.sql.transaction.tahoe.commands.MergeIntoWithDeltaDMLCommandEdge.run(MergeIntoCommandEdge.scala:77)
	at org.apache.spark.sql.execution.command.ExecutedCommandExec.$anonfun$sideEffectResult$2(commands.scala:87)
	at org.apache.spark.sql.execution.SparkPlan.runCommandInAetherOrSpark(SparkPlan.scala:202)
	at org.apache.spark.sql.execution.command.ExecutedCommandExec.$anonfun$sideEffectResult$1(commands.scala:87)
	at com.databricks.spark.util.FrameProfiler$.$anonfun$record$1(FrameProfiler.scala:114)
	at com.databricks.spark.util.FrameProfilerExporter$.maybeExportFrameProfiler(FrameProfilerExporter.scala:201)
	at com.databricks.spark.util.FrameProfiler$.record(FrameProfiler.scala:105)
	at org.apache.spark.sql.execution.command.ExecutedCommandExec.sideEffectResult$lzycompute(commands.scala:84)
	at org.apache.spark.sql.execution.command.ExecutedCommandExec.sideEffectResult(commands.scala:83)
	at org.apache.spark.sql.execution.command.ExecutedCommandExec.executeCollect(commands.scala:97)
	at org.apache.spark.sql.execution.QueryExecution$.$anonfun$runCommand$12(QueryExecution.scala:1968)
	at com.databricks.util.LexicalThreadLocal$Handle.runWith(LexicalThreadLocal.scala:63)
	at org.apache.spark.sql.execution.QueryExecution$.$anonfun$runCommand$11(QueryExecution.scala:1962)
	at com.databricks.util.LexicalThreadLocal$Handle.runWith(LexicalThreadLocal.scala:63)
	at org.apache.spark.sql.execution.QueryExecution$.executeWithCaches$1(QueryExecution.scala:1962)
	at org.apache.spark.sql.execution.QueryExecution$.$anonfun$runCommand$10(QueryExecution.scala:1968)
	at org.apache.spark.sql.catalyst.QueryPlanningTracker$.withTracker(QueryPlanningTracker.scala:275)
	at org.apache.spark.sql.execution.QueryExecution$.$anonfun$runCommand$9(QueryExecution.scala:1955)
	at org.apache.spark.sql.execution.SQLExecution$.$anonfun$withNewExecutionId0$24(SQLExecution.scala:1114)
	at com.databricks.sql.util.MemoryTrackerHelper.withMemoryTracking(MemoryTrackerHelper.scala:111)
	at org.apache.spark.sql.execution.SQLExecution$.$anonfun$withNewExecutionId0$21(SQLExecution.scala:1034)
	at com.databricks.unity.UCSManager$.withTemporaryScope(UCSManager.scala:168)
	at org.apache.spark.sql.execution.SQLExecution$.$anonfun$withNewExecutionId0$20(SQLExecution.scala:930)
	at org.apache.spark.sql.execution.SQLExecution$.withSessionTagsApplied(SQLExecution.scala:1612)
	at org.apache.spark.sql.execution.SQLExecution$.$anonfun$withNewExecutionId0$19(SQLExecution.scala:919)
	at org.apache.spark.JobArtifactSet$.withActiveJobArtifactState(JobArtifactSet.scala:97)
	at org.apache.spark.sql.artifact.ArtifactManager.$anonfun$withResources$1(ArtifactManager.scala:124)
	at org.apache.spark.sql.artifact.ArtifactManager.withClassLoaderIfNeeded(ArtifactManager.scala:118)
	at org.apache.spark.sql.artifact.ArtifactManager.withResources(ArtifactManager.scala:123)
	at org.apache.spark.sql.execution.SQLExecution$.$anonfun$withNewExecutionId0$18(SQLExecution.scala:919)
	at org.apache.spark.sql.execution.SQLExecution$.withSQLConfPropagated(SQLExecution.scala:1647)
	at org.apache.spark.sql.execution.SQLExecution$.$anonfun$withNewExecutionId0$1(SQLExecution.scala:918)
	at org.apache.spark.sql.SparkSession.withActive(SparkSession.scala:866)
	at org.apache.spark.sql.execution.SQLExecution$.withNewExecutionId0(SQLExecution.scala:659)
	at org.apache.spark.sql.execution.SQLExecution$.withNewExecutionId(SQLExecution.scala:1565)
	at org.apache.spark.sql.execution.QueryExecution$.$anonfun$runCommand$8(QueryExecution.scala:1955)
	at org.apache.spark.sql.execution.QueryExecution$.withInternalError(QueryExecution.scala:1822)
	at org.apache.spark.sql.execution.QueryExecution$.$anonfun$runCommand$7(QueryExecution.scala:1951)
	at org.apache.spark.sql.execution.QueryExecution.withMVTagsIfNecessary(QueryExecution.scala:710)
	at org.apache.spark.sql.execution.QueryExecution$.$anonfun$runCommand$4(QueryExecution.scala:1936)
	at scala.Option.map(Option.scala:242)
	at org.apache.spark.sql.execution.QueryExecution$.executeWithMVTags$1(QueryExecution.scala:1936)
	at org.apache.spark.sql.execution.QueryExecution$.runCommand(QueryExecution.scala:1949)
	at org.apache.spark.sql.execution.QueryExecution.org$apache$spark$sql$execution$QueryExecution$$eagerlyExecute$1(QueryExecution.scala:747)
	at org.apache.spark.sql.execution.QueryExecution$$anonfun$$nestedInanonfun$eagerlyExecuteCommands$1$1.applyOrElse(QueryExecution.scala:764)
	at org.apache.spark.sql.execution.QueryExecution$$anonfun$$nestedInanonfun$eagerlyExecuteCommands$1$1.applyOrElse(QueryExecution.scala:756)
	at org.apache.spark.sql.catalyst.trees.TreeNode.$anonfun$transformDownWithPruning$1(TreeNode.scala:610)
	at org.apache.spark.sql.catalyst.trees.CurrentOrigin$.withOrigin(origin.scala:142)
	at org.apache.spark.sql.catalyst.trees.TreeNode.transformDownWithPruning(TreeNode.scala:610)
	at org.apache.spark.sql.catalyst.plans.logical.LogicalPlan.org$apache$spark$sql$catalyst$plans$logical$AnalysisHelper$$super$transformDownWithPruning(LogicalPlan.scala:48)
	at org.apache.spark.sql.catalyst.plans.logical.AnalysisHelper.transformDownWithPruning(AnalysisHelper.scala:361)
	at org.apache.spark.sql.catalyst.plans.logical.AnalysisHelper.transformDownWithPruning$(AnalysisHelper.scala:357)
	at org.apache.spark.sql.catalyst.plans.logical.LogicalPlan.transformDownWithPruning(LogicalPlan.scala:48)
	at org.apache.spark.sql.catalyst.plans.logical.LogicalPlan.transformDownWithPruning(LogicalPlan.scala:48)
	at org.apache.spark.sql.catalyst.trees.TreeNode.transformDown(TreeNode.scala:586)
	at org.apache.spark.sql.execution.QueryExecution.$anonfun$eagerlyExecuteCommands$1(QueryExecution.scala:756)
	at org.apache.spark.sql.catalyst.plans.logical.AnalysisHelper$.allowInvokingTransformsInAnalyzer(AnalysisHelper.scala:418)
	at org.apache.spark.sql.execution.QueryExecution.eagerlyExecuteCommands(QueryExecution.scala:756)
	at org.apache.spark.sql.execution.QueryExecution.$anonfun$lazyCommandExecuted$1(QueryExecution.scala:666)
	at scala.util.Try$.apply(Try.scala:217)
	at org.apache.spark.util.Utils$.doTryWithCallerStacktrace(Utils.scala:1796)
	at org.apache.spark.util.Utils$.getTryWithCallerStacktrace(Utils.scala:1846)
	at org.apache.spark.util.LazyTry.get(LazyTry.scala:78)
	at org.apache.spark.sql.execution.QueryExecution.commandExecuted(QueryExecution.scala:671)
	at org.apache.spark.sql.classic.Dataset.<init>(Dataset.scala:405)
	at org.apache.spark.sql.classic.Dataset$.$anonfun$ofRows$13(Dataset.scala:257)
	at org.apache.spark.sql.SparkSession.withActive(SparkSession.scala:866)
	at org.apache.spark.sql.classic.Dataset$.ofRows(Dataset.scala:253)
	at org.apache.spark.sql.connect.execution.SparkConnectPlanExecution.$anonfun$handlePlan$11(SparkConnectPlanExecution.scala:149)
	at org.apache.spark.sql.connect.utils.TimingUtils$.withTiming(TimingUtils.scala:35)
	at org.apache.spark.sql.connect.execution.SparkConnectPlanExecution.handlePlan(SparkConnectPlanExecution.scala:144)
	at org.apache.spark.sql.connect.execution.ExecuteThreadRunner.handlePlan(ExecuteThreadRunner.scala:522)
	at org.apache.spark.sql.connect.execution.ExecuteThreadRunner.$anonfun$executeInternal$1(ExecuteThreadRunner.scala:421)
	at org.apache.spark.sql.connect.execution.ExecuteThreadRunner.$anonfun$executeInternal$1$adapted(ExecuteThreadRunner.scala:340)
	at org.apache.spark.sql.connect.service.SessionHolder.$anonfun$withSession$2(SessionHolder.scala:844)
	at org.apache.spark.sql.SparkSession.withActive(SparkSession.scala:866)
	at org.apache.spark.sql.connect.service.SessionHolder.$anonfun$withSession$1(SessionHolder.scala:844)
	at org.apache.spark.JobArtifactSet$.withActiveJobArtifactState(JobArtifactSet.scala:97)
	at org.apache.spark.sql.artifact.ArtifactManager.$anonfun$withResources$1(ArtifactManager.scala:124)
	at org.apache.spark.sql.artifact.ArtifactManager.withClassLoaderIfNeeded(ArtifactManager.scala:118)
	at org.apache.spark.sql.artifact.ArtifactManager.withResources(ArtifactManager.scala:123)
	at org.apache.spark.sql.connect.service.SessionHolder.withSession(SessionHolder.scala:843)
	at org.apache.spark.sql.connect.execution.ExecuteThreadRunner.executeInternal(ExecuteThreadRunner.scala:340)
	at org.apache.spark.sql.connect.execution.ExecuteThreadRunner.$anonfun$execute$1(ExecuteThreadRunner.scala:200)
	at scala.runtime.java8.JFunction0$mcV$sp.apply(JFunction0$mcV$sp.scala:18)
	at com.databricks.spark.connect.service.UtilizationMetrics.recordActiveQueries(UtilizationMetrics.scala:92)
	at com.databricks.spark.connect.service.UtilizationMetrics.recordActiveQueries$(UtilizationMetrics.scala:89)
	at org.apache.spark.sql.connect.execution.ExecuteThreadRunner.recordActiveQueries(ExecuteThreadRunner.scala:61)
	at org.apache.spark.sql.connect.execution.ExecuteThreadRunner.org$apache$spark$sql$connect$execution$ExecuteThreadRunner$$execute(ExecuteThreadRunner.scala:192)
	at org.apache.spark.sql.connect.execution.ExecuteThreadRunner$ExecutionThread.$anonfun$run$3(ExecuteThreadRunner.scala:601)
	at scala.runtime.java8.JFunction0$mcV$sp.apply(JFunction0$mcV$sp.scala:18)
	at com.databricks.spark.util.DBRTracing$.withSpanFromParent(DBRTracing.scala:70)
	at org.apache.spark.sql.connect.execution.ExecuteThreadRunner$ExecutionThread.$anonfun$run$2(ExecuteThreadRunner.scala:601)
	at scala.runtime.java8.JFunction0$mcV$sp.apply(JFunction0$mcV$sp.scala:18)
	at com.databricks.unity.UCSEphemeralState$Handle.runWith(UCSEphemeralState.scala:51)
	at com.databricks.unity.HandleImpl.runWith(UCSHandle.scala:128)
	at com.databricks.unity.HandleImpl.$anonfun$runWithAndClose$1(UCSHandle.scala:133)
	at scala.util.Using$.resource(Using.scala:296)
	at com.databricks.unity.HandleImpl.runWithAndClose(UCSHandle.scala:132)
	at org.apache.spark.sql.connect.execution.ExecuteThreadRunner$ExecutionThread.run(ExecuteThreadRunner.scala:600)
2026-08-03 13:10:40,344 | INFO     | gold.dim_products | Audit for catalog_project1.gold.dim_products written successfully
2026-08-03 13:14:37,896 | INFO     | gold.dim_products | Logging to file: /Workspace/Users/krishnasumanbhaipatel@gmail.com/Practice Folder/lakehouse-practice-project/logs/gold_dim_products_20260803.log
2026-08-03 13:14:37,898 | INFO     | gold.dim_products | Starting Gold pipeline at 2026-08-03 13:14:37.284203
2026-08-03 13:14:38,310 | INFO     | gold.dim_products | Read 2 records from catalog_project1.silver.clean_products table
2026-08-03 13:14:38,509 | INFO     | gold.dim_products | Incremental load from catalog_project1.silver.clean_products table
2026-08-03 13:14:41,956 | INFO     | gold.dim_products | Inserted 40 new records to catalog_project1.gold.dim_products table
2026-08-03 13:14:48,072 | INFO     | gold.dim_products | Updated 1 records in catalog_project1.gold.dim_products
2026-08-03 13:14:53,478 | ERROR    | gold.dim_products | Gold pipeline failed: module 'pyspark.sql.functions' has no attribute 'monotonically_increasing_i'
Traceback (most recent call last):
  File "/home/spark-8f5b6315-bde7-4763-ab71-87/.ipykernel/96/command-6029136220637170-1766829842", line 141, in <module>
    new_versions = new_versions.withColumn("product_key", F.row_number().over(Window.orderBy(F.monotonically_increasing_i()))  + max_key)\
                                                                                             ^^^^^^^^^^^^^^^^^^^^^^^^^^^^
AttributeError: module 'pyspark.sql.functions' has no attribute 'monotonically_increasing_i'. Did you mean: 'monotonically_increasing_id'?
2026-08-03 13:14:54,985 | INFO     | gold.dim_products | Audit for catalog_project1.gold.dim_products written successfully
2026-08-03 13:17:45,034 | INFO     | gold.dim_products | Logging to file: /Workspace/Users/krishnasumanbhaipatel@gmail.com/Practice Folder/lakehouse-practice-project/logs/gold_dim_products_20260803.log
2026-08-03 13:17:45,035 | INFO     | gold.dim_products | Starting Gold pipeline at 2026-08-03 13:17:44.441265
2026-08-03 13:17:45,476 | INFO     | gold.dim_products | Read 2 records from catalog_project1.silver.clean_products table
2026-08-03 13:17:45,685 | INFO     | gold.dim_products | Incremental load from catalog_project1.silver.clean_products table
2026-08-03 13:17:48,600 | INFO     | gold.dim_products | Inserted 72 new records to catalog_project1.gold.dim_products table
2026-08-03 13:17:50,338 | INFO     | gold.dim_products | Incremental load completed for catalog_project1.gold.dim_products
2026-08-03 13:17:50,339 | INFO     | gold.dim_products | Gold pipeline for catalog_project1.gold.dim_products completed successfully
2026-08-03 13:17:51,865 | INFO     | gold.dim_products | Audit for catalog_project1.gold.dim_products written successfully
2026-08-03 13:27:03,959 | INFO     | gold.dim_products | Logging to file: /Workspace/Users/krishnasumanbhaipatel@gmail.com/Practice Folder/lakehouse-practice-project/logs/gold_dim_products_20260803.log
2026-08-03 13:27:03,961 | INFO     | gold.dim_products | Starting Gold pipeline at 2026-08-03 13:27:03.334639
2026-08-03 13:27:04,490 | INFO     | gold.dim_products | Read 0 records from catalog_project1.silver.clean_products table
2026-08-03 13:27:04,841 | INFO     | gold.dim_products | Incremental load from catalog_project1.silver.clean_products table
2026-08-03 13:27:07,641 | INFO     | gold.dim_products | Incremental load completed for catalog_project1.gold.dim_products
2026-08-03 13:27:07,642 | INFO     | gold.dim_products | Gold pipeline for catalog_project1.gold.dim_products completed successfully
2026-08-03 13:27:09,147 | INFO     | gold.dim_products | Audit for catalog_project1.gold.dim_products written successfully
2026-08-03 13:27:42,977 | INFO     | gold.dim_products | Logging to file: /Workspace/Users/krishnasumanbhaipatel@gmail.com/Practice Folder/lakehouse-practice-project/logs/gold_dim_products_20260803.log
2026-08-03 13:27:42,981 | INFO     | gold.dim_products | Starting Gold pipeline at 2026-08-03 13:27:42.183997
2026-08-03 13:27:43,329 | INFO     | gold.dim_products | Read 0 records from catalog_project1.silver.clean_products table
2026-08-03 13:27:43,510 | INFO     | gold.dim_products | Initial load from catalog_project1.silver.clean_products table
2026-08-03 13:27:47,059 | INFO     | gold.dim_products | No new data, watermark value unchanged: 2024-12-01 00:00:00
2026-08-03 13:27:47,060 | INFO     | gold.dim_products | Initial load completed for catalog_project1.gold.dim_products
2026-08-03 13:27:47,061 | INFO     | gold.dim_products | Gold pipeline for catalog_project1.gold.dim_products completed successfully
2026-08-03 13:27:48,619 | INFO     | gold.dim_products | Audit for catalog_project1.gold.dim_products written successfully
2026-08-03 13:28:29,651 | INFO     | gold.dim_products | Logging to file: /Workspace/Users/krishnasumanbhaipatel@gmail.com/Practice Folder/lakehouse-practice-project/logs/gold_dim_products_20260803.log
2026-08-03 13:28:29,652 | INFO     | gold.dim_products | Starting Gold pipeline at 2026-08-03 13:28:29.191142
2026-08-03 13:28:29,987 | INFO     | gold.dim_products | Read 0 records from catalog_project1.silver.clean_products table
2026-08-03 13:28:30,355 | INFO     | gold.dim_products | Initial load from catalog_project1.silver.clean_products table
2026-08-03 13:28:32,929 | INFO     | gold.dim_products | No new data, watermark value unchanged: 2024-12-01 00:00:00
2026-08-03 13:28:32,930 | INFO     | gold.dim_products | Initial load completed for catalog_project1.gold.dim_products
2026-08-03 13:28:32,931 | INFO     | gold.dim_products | Gold pipeline for catalog_project1.gold.dim_products completed successfully
2026-08-03 13:28:34,417 | INFO     | gold.dim_products | Audit for catalog_project1.gold.dim_products written successfully
2026-08-03 13:30:49,883 | INFO     | gold.dim_products | Logging to file: /Workspace/Users/krishnasumanbhaipatel@gmail.com/Practice Folder/lakehouse-practice-project/logs/gold_dim_products_20260803.log
2026-08-03 13:30:49,885 | INFO     | gold.dim_products | Starting Gold pipeline at 2026-08-03 13:30:49.849276
2026-08-03 13:30:50,349 | INFO     | gold.dim_products | Read 11 records from catalog_project1.silver.clean_products table
2026-08-03 13:30:51,154 | INFO     | gold.dim_products | Incremental load from catalog_project1.silver.clean_products table
2026-08-03 13:30:52,454 | ERROR    | gold.dim_products | Gold pipeline failed: [DELTA_DUPLICATE_COLUMNS_FOUND.READ_SCHEMA] Found duplicate column(s): updation_timestamp, updation_timestamp, created_date, created_date, ingestion_timestamp, ingestion_timestamp, product_name, product_name, product_id, product_id, category, category, _ingestion_job_id, _ingestion_job_id, modified_date, modified_date, _ingestion_pipeline_id, _ingestion_pipeline_id, _source_table, _source_table, price, price, brand, brand. The duplicate was found in the schema of the data being read.

JVM stacktrace:
com.databricks.sql.transaction.tahoe.DeltaAnalysisException
	at com.databricks.sql.transaction.tahoe.DeltaErrorsBase.foundDuplicateColumnsException(DeltaErrors.scala:682)
	at com.databricks.sql.transaction.tahoe.DeltaErrorsBase.foundDuplicateColumnsException$(DeltaErrors.scala:681)
	at com.databricks.sql.transaction.tahoe.DeltaErrors$.foundDuplicateColumnsException(DeltaErrors.scala:4492)
	at com.databricks.sql.transaction.tahoe.schema.SchemaUtils$.checkNoDuplicateColumns$1(SchemaUtils.scala:805)
	at com.databricks.sql.transaction.tahoe.schema.SchemaUtils$.isStructReadCompatible$1(SchemaUtils.scala:812)
	at com.databricks.sql.transaction.tahoe.schema.SchemaUtils$.isReadCompatible(SchemaUtils.scala:835)
	at com.databricks.sql.transaction.tahoe.DeltaAnalysis.needsSchemaAdjustmentByName(DeltaAnalysis.scala:2958)
	at com.databricks.sql.transaction.tahoe.DeltaImplicitCast.com$databricks$sql$transaction$tahoe$DeltaImplicitCast$$shouldApplyImplicitCast(DeltaImplicitCast.scala:102)
	at com.databricks.sql.transaction.tahoe.DeltaImplicitCast$$anonfun$apply$1.applyOrElse(DeltaImplicitCast.scala:40)
	at com.databricks.sql.transaction.tahoe.DeltaImplicitCast$$anonfun$apply$1.applyOrElse(DeltaImplicitCast.scala:38)
	at org.apache.spark.sql.catalyst.plans.logical.AnalysisHelper.$anonfun$resolveOperatorsDownWithPruning$2(AnalysisHelper.scala:201)
	at org.apache.spark.sql.catalyst.trees.CurrentOrigin$.withOrigin(origin.scala:142)
	at org.apache.spark.sql.catalyst.plans.logical.AnalysisHelper.$anonfun$resolveOperatorsDownWithPruning$1(AnalysisHelper.scala:201)
	at org.apache.spark.sql.catalyst.plans.logical.AnalysisHelper$.allowInvokingTransformsInAnalyzer(AnalysisHelper.scala:418)
	at org.apache.spark.sql.catalyst.plans.logical.AnalysisHelper.resolveOperatorsDownWithPruning(AnalysisHelper.scala:199)
	at org.apache.spark.sql.catalyst.plans.logical.AnalysisHelper.resolveOperatorsDownWithPruning$(AnalysisHelper.scala:195)
	at org.apache.spark.sql.catalyst.plans.logical.LogicalPlan.resolveOperatorsDownWithPruning(LogicalPlan.scala:48)
	at org.apache.spark.sql.catalyst.plans.logical.AnalysisHelper.resolveOperatorsDown(AnalysisHelper.scala:191)
	at org.apache.spark.sql.catalyst.plans.logical.AnalysisHelper.resolveOperatorsDown$(AnalysisHelper.scala:190)
	at org.apache.spark.sql.catalyst.plans.logical.LogicalPlan.resolveOperatorsDown(LogicalPlan.scala:48)
	at com.databricks.sql.transaction.tahoe.DeltaImplicitCast.apply(DeltaImplicitCast.scala:38)
	at com.databricks.sql.transaction.tahoe.DeltaImplicitCast.apply(DeltaImplicitCast.scala:34)
	at org.apache.spark.sql.catalyst.rules.RuleExecutor.$anonfun$execute$17(RuleExecutor.scala:521)
	at org.apache.spark.sql.catalyst.rules.RecoverableRuleExecutionHelper.processRule(RuleExecutor.scala:675)
	at org.apache.spark.sql.catalyst.rules.RecoverableRuleExecutionHelper.processRule$(RuleExecutor.scala:659)
	at org.apache.spark.sql.catalyst.rules.RuleExecutor.processRule(RuleExecutor.scala:155)
	at org.apache.spark.sql.catalyst.rules.RuleExecutor.$anonfun$execute$16(RuleExecutor.scala:521)
	at com.databricks.spark.util.MemoryTracker$.withThreadAllocatedBytes(MemoryTracker.scala:51)
	at org.apache.spark.sql.catalyst.QueryPlanningTracker$.measureRule(QueryPlanningTracker.scala:450)
	at org.apache.spark.sql.catalyst.rules.RuleExecutor.$anonfun$execute$15(RuleExecutor.scala:519)
	at com.databricks.spark.util.FrameProfiler$.$anonfun$record$1(FrameProfiler.scala:114)
	at com.databricks.spark.util.FrameProfilerExporter$.maybeExportFrameProfiler(FrameProfilerExporter.scala:201)
	at com.databricks.spark.util.FrameProfiler$.record(FrameProfiler.scala:105)
	at org.apache.spark.sql.catalyst.rules.RuleExecutor.$anonfun$execute$14(RuleExecutor.scala:518)
	at scala.collection.LinearSeqOps.foldLeft(LinearSeq.scala:183)
	at scala.collection.LinearSeqOps.foldLeft$(LinearSeq.scala:179)
	at scala.collection.immutable.List.foldLeft(List.scala:79)
	at org.apache.spark.sql.catalyst.rules.RuleExecutor.$anonfun$execute$13(RuleExecutor.scala:510)
	at scala.runtime.java8.JFunction0$mcV$sp.apply(JFunction0$mcV$sp.scala:18)
	at com.databricks.spark.util.FrameProfiler$.$anonfun$record$1(FrameProfiler.scala:114)
	at com.databricks.spark.util.FrameProfilerExporter$.maybeExportFrameProfiler(FrameProfilerExporter.scala:201)
	at com.databricks.spark.util.FrameProfiler$.record(FrameProfiler.scala:105)
	at org.apache.spark.sql.catalyst.rules.RuleExecutor.executeBatch$1(RuleExecutor.scala:484)
	at org.apache.spark.sql.catalyst.rules.RuleExecutor.$anonfun$execute$23(RuleExecutor.scala:631)
	at org.apache.spark.sql.catalyst.rules.RuleExecutor.$anonfun$execute$23$adapted(RuleExecutor.scala:631)
	at scala.collection.immutable.List.foreach(List.scala:334)
	at org.apache.spark.sql.catalyst.rules.RuleExecutor.$anonfun$execute$1(RuleExecutor.scala:631)
	at com.databricks.spark.util.FrameProfiler$.$anonfun$record$1(FrameProfiler.scala:114)
	at com.databricks.spark.util.FrameProfilerExporter$.maybeExportFrameProfiler(FrameProfilerExporter.scala:201)
	at com.databricks.spark.util.FrameProfiler$.record(FrameProfiler.scala:105)
	at org.apache.spark.sql.catalyst.rules.RuleExecutor.execute(RuleExecutor.scala:377)
	at org.apache.spark.sql.catalyst.analysis.Analyzer.super$execute(Analyzer.scala:754)
	at org.apache.spark.sql.catalyst.analysis.Analyzer.$anonfun$executeSameContext$1(Analyzer.scala:754)
	at com.databricks.sql.unity.SAMSnapshotHelper$.visitPlansDuringAnalysis(SAMSnapshotHelper.scala:43)
	at org.apache.spark.sql.catalyst.analysis.Analyzer.executeSameContext(Analyzer.scala:753)
	at org.apache.spark.sql.catalyst.analysis.Analyzer.$anonfun$execute$1(Analyzer.scala:726)
	at org.apache.spark.sql.catalyst.analysis.AnalysisContext$.withNewAnalysisContext(Analyzer.scala:546)
	at org.apache.spark.sql.catalyst.analysis.Analyzer.execute(Analyzer.scala:726)
	at org.apache.spark.sql.catalyst.analysis.Analyzer.execute(Analyzer.scala:636)
	at org.apache.spark.sql.catalyst.rules.RuleExecutor.$anonfun$executeAndTrack$1(RuleExecutor.scala:365)
	at org.apache.spark.sql.catalyst.QueryPlanningTracker$.withTracker(QueryPlanningTracker.scala:275)
	at org.apache.spark.sql.catalyst.rules.RuleExecutor.executeAndTrack(RuleExecutor.scala:365)
	at org.apache.spark.sql.catalyst.analysis.resolver.HybridAnalyzer.resolveInFixedPoint(HybridAnalyzer.scala:415)
	at org.apache.spark.sql.catalyst.analysis.resolver.HybridAnalyzer.$anonfun$apply$1(HybridAnalyzer.scala:98)
	at org.apache.spark.sql.catalyst.analysis.resolver.HybridAnalyzer.withTrackedAnalyzerBridgeState(HybridAnalyzer.scala:135)
	at org.apache.spark.sql.catalyst.analysis.resolver.HybridAnalyzer.apply(HybridAnalyzer.scala:91)
	at org.apache.spark.sql.catalyst.analysis.Analyzer.$anonfun$executeAndCheck$2(Analyzer.scala:703)
	at org.apache.spark.sql.catalyst.plans.logical.AnalysisHelper$.markInAnalyzer(AnalysisHelper.scala:425)
	at org.apache.spark.sql.catalyst.analysis.Analyzer.$anonfun$executeAndCheck$1(Analyzer.scala:703)
	at com.databricks.sql.unity.SAMSnapshotHelper$.visitPlansDuringAnalysis(SAMSnapshotHelper.scala:43)
	at org.apache.spark.sql.catalyst.analysis.Analyzer.executeAndCheck(Analyzer.scala:692)
	at org.apache.spark.sql.execution.QueryExecution.$anonfun$lazyAnalyzed$3(QueryExecution.scala:607)
	at com.databricks.spark.util.FrameProfiler$.$anonfun$record$1(FrameProfiler.scala:114)
	at com.databricks.spark.util.FrameProfilerExporter$.maybeExportFrameProfiler(FrameProfilerExporter.scala:201)
	at com.databricks.spark.util.FrameProfiler$.record(FrameProfiler.scala:105)
	at org.apache.spark.sql.catalyst.QueryPlanningTracker.measurePhase(QueryPlanningTracker.scala:1021)
	at org.apache.spark.sql.execution.QueryExecution.$anonfun$executePhase$8(QueryExecution.scala:1073)
	at org.apache.spark.sql.execution.SQLExecution$.$anonfun$withExecutionPhase$1(SQLExecution.scala:337)
	at com.databricks.util.TracingSpanUtils$.withTracing(TracingSpanUtils.scala:251)
	at com.databricks.spark.util.DatabricksTracingHelper.withSpan(DatabricksSparkTracingHelper.scala:154)
	at com.databricks.spark.util.DBRTracing$.withSpan(DBRTracing.scala:87)
	at org.apache.spark.sql.execution.SQLExecution$.withExecutionPhase(SQLExecution.scala:318)
	at org.apache.spark.sql.execution.QueryExecution.$anonfun$executePhase$7(QueryExecution.scala:1073)
	at org.apache.spark.sql.execution.QueryExecution$.withInternalError(QueryExecution.scala:1822)
	at org.apache.spark.sql.execution.QueryExecution.$anonfun$executePhase$5(QueryExecution.scala:1066)
	at com.databricks.util.LexicalThreadLocal$Handle.runWith(LexicalThreadLocal.scala:63)
	at org.apache.spark.sql.execution.QueryExecution.$anonfun$executePhase$4(QueryExecution.scala:1063)
	at com.databricks.util.LexicalThreadLocal$Handle.runWith(LexicalThreadLocal.scala:63)
	at org.apache.spark.sql.execution.QueryExecution.$anonfun$executePhase$3(QueryExecution.scala:1063)
	at com.databricks.util.LexicalThreadLocal$Handle.runWith(LexicalThreadLocal.scala:63)
	at org.apache.spark.sql.execution.QueryExecution.$anonfun$executePhase$2(QueryExecution.scala:1062)
	at com.databricks.util.LexicalThreadLocal$Handle.runWith(LexicalThreadLocal.scala:63)
	at org.apache.spark.sql.execution.QueryExecution.localBlock$1(QueryExecution.scala:1043)
	at org.apache.spark.sql.execution.QueryExecution.$anonfun$withQueryExecutionId$4(QueryExecution.scala:1053)
	at com.databricks.unity.UCSManager$.withTemporaryScope(UCSManager.scala:168)
	at org.apache.spark.sql.execution.QueryExecution.$anonfun$withQueryExecutionId$3(QueryExecution.scala:1052)
	at org.apache.spark.sql.execution.QueryExecution$.$anonfun$runWithWrappers$2(QueryExecution.scala:2075)
	at org.apache.spark.sql.execution.QueryExecution$.org$apache$spark$sql$execution$QueryExecution$$runWithWrappers(QueryExecution.scala:2074)
	at org.apache.spark.sql.execution.QueryExecution.withQueryExecutionId(QueryExecution.scala:1053)
	at org.apache.spark.sql.execution.QueryExecution.$anonfun$executePhase$1(QueryExecution.scala:1061)
	at org.apache.spark.sql.SparkSession.withActive(SparkSession.scala:866)
	at org.apache.spark.sql.execution.QueryExecution.executePhase(QueryExecution.scala:1060)
	at org.apache.spark.sql.execution.QueryExecution.$anonfun$lazyAnalyzed$2(QueryExecution.scala:598)
	at com.databricks.sql.util.MemoryTrackerHelper.withMemoryTracking(MemoryTrackerHelper.scala:111)
	at org.apache.spark.sql.execution.QueryExecution.$anonfun$lazyAnalyzed$1(QueryExecution.scala:597)
	at scala.util.Try$.apply(Try.scala:217)
	at org.apache.spark.util.Utils$.doTryWithCallerStacktrace(Utils.scala:1796)
	at org.apache.spark.util.Utils$.getTryWithCallerStacktrace(Utils.scala:1846)
	at org.apache.spark.util.LazyTry.get(LazyTry.scala:78)
	at org.apache.spark.sql.execution.QueryExecution.analyzed(QueryExecution.scala:661)
	at org.apache.spark.sql.execution.QueryExecution.$anonfun$lazyCommandExecuted$1(QueryExecution.scala:666)
	at scala.util.Try$.apply(Try.scala:217)
	at org.apache.spark.util.Utils$.doTryWithCallerStacktrace(Utils.scala:1796)
	at org.apache.spark.util.Utils$.getTryWithCallerStacktrace(Utils.scala:1846)
	at org.apache.spark.util.LazyTry.get(LazyTry.scala:78)
	at org.apache.spark.sql.execution.QueryExecution.commandExecuted(QueryExecution.scala:671)
	at org.apache.spark.sql.execution.QueryExecution.assertCommandExecuted(QueryExecution.scala:804)
	at org.apache.spark.sql.classic.DataFrameWriter.runCommand(DataFrameWriter.scala:887)
	at org.apache.spark.sql.classic.DataFrameWriter.saveAsTable(DataFrameWriter.scala:732)
	at org.apache.spark.sql.classic.DataFrameWriter.saveAsTable(DataFrameWriter.scala:630)
	at org.apache.spark.sql.connect.planner.SparkConnectPlanner.handleWriteOperation(SparkConnectPlanner.scala:4607)
	at org.apache.spark.sql.connect.planner.SparkConnectPlanner.process(SparkConnectPlanner.scala:3782)
	at org.apache.spark.sql.connect.execution.ExecuteThreadRunner.handleCommand(ExecuteThreadRunner.scala:530)
	at org.apache.spark.sql.connect.execution.ExecuteThreadRunner.$anonfun$executeInternal$1(ExecuteThreadRunner.scala:420)
	at org.apache.spark.sql.connect.execution.ExecuteThreadRunner.$anonfun$executeInternal$1$adapted(ExecuteThreadRunner.scala:340)
	at org.apache.spark.sql.connect.service.SessionHolder.$anonfun$withSession$2(SessionHolder.scala:844)
	at org.apache.spark.sql.SparkSession.withActive(SparkSession.scala:866)
	at org.apache.spark.sql.connect.service.SessionHolder.$anonfun$withSession$1(SessionHolder.scala:844)
	at org.apache.spark.JobArtifactSet$.withActiveJobArtifactState(JobArtifactSet.scala:97)
	at org.apache.spark.sql.artifact.ArtifactManager.$anonfun$withResources$1(ArtifactManager.scala:124)
	at org.apache.spark.sql.artifact.ArtifactManager.withClassLoaderIfNeeded(ArtifactManager.scala:118)
	at org.apache.spark.sql.artifact.ArtifactManager.withResources(ArtifactManager.scala:123)
	at org.apache.spark.sql.connect.service.SessionHolder.withSession(SessionHolder.scala:843)
	at org.apache.spark.sql.connect.execution.ExecuteThreadRunner.executeInternal(ExecuteThreadRunner.scala:340)
	at org.apache.spark.sql.connect.execution.ExecuteThreadRunner.$anonfun$execute$1(ExecuteThreadRunner.scala:200)
	at scala.runtime.java8.JFunction0$mcV$sp.apply(JFunction0$mcV$sp.scala:18)
	at com.databricks.spark.connect.service.UtilizationMetrics.recordActiveQueries(UtilizationMetrics.scala:92)
	at com.databricks.spark.connect.service.UtilizationMetrics.recordActiveQueries$(UtilizationMetrics.scala:89)
	at org.apache.spark.sql.connect.execution.ExecuteThreadRunner.recordActiveQueries(ExecuteThreadRunner.scala:61)
	at org.apache.spark.sql.connect.execution.ExecuteThreadRunner.org$apache$spark$sql$connect$execution$ExecuteThreadRunner$$execute(ExecuteThreadRunner.scala:192)
	at org.apache.spark.sql.connect.execution.ExecuteThreadRunner$ExecutionThread.$anonfun$run$3(ExecuteThreadRunner.scala:601)
	at scala.runtime.java8.JFunction0$mcV$sp.apply(JFunction0$mcV$sp.scala:18)
	at com.databricks.spark.util.DBRTracing$.withSpanFromParent(DBRTracing.scala:70)
	at org.apache.spark.sql.connect.execution.ExecuteThreadRunner$ExecutionThread.$anonfun$run$2(ExecuteThreadRunner.scala:601)
	at scala.runtime.java8.JFunction0$mcV$sp.apply(JFunction0$mcV$sp.scala:18)
	at com.databricks.unity.UCSEphemeralState$Handle.runWith(UCSEphemeralState.scala:51)
	at com.databricks.unity.HandleImpl.runWith(UCSHandle.scala:128)
	at com.databricks.unity.HandleImpl.$anonfun$runWithAndClose$1(UCSHandle.scala:133)
	at scala.util.Using$.resource(Using.scala:296)
	at com.databricks.unity.HandleImpl.runWithAndClose(UCSHandle.scala:132)
	at org.apache.spark.sql.connect.execution.ExecuteThreadRunner$ExecutionThread.run(ExecuteThreadRunner.scala:600)
Traceback (most recent call last):
  File "/home/spark-8f5b6315-bde7-4763-ab71-87/.ipykernel/96/command-6029136220637170-2747864084", line 107, in <module>
    new_products_df.write.mode("append").format("delta").saveAsTable("catalog_project1.gold.dim_products")
  File "/databricks/python/lib/python3.12/site-packages/pyspark/sql/connect/readwriter.py", line 737, in saveAsTable
    _, _, ei = self._spark.client.execute_command(
               ^^^^^^^^^^^^^^^^^^^^^^^^^^^^^^^^^^^
  File "/databricks/python/lib/python3.12/site-packages/pyspark/sql/connect/client/core.py", line 1538, in execute_command
    data, _, metrics, observed_metrics, properties = self._execute_and_fetch(
                                                     ^^^^^^^^^^^^^^^^^^^^^^^^
  File "/databricks/python/lib/python3.12/site-packages/pyspark/sql/connect/client/core.py", line 2086, in _execute_and_fetch
    for response in self._execute_and_fetch_as_iterator(
  File "/databricks/python/lib/python3.12/site-packages/pyspark/sql/connect/client/core.py", line 2062, in _execute_and_fetch_as_iterator
    self._handle_error(error)
  File "/databricks/python/lib/python3.12/site-packages/pyspark/sql/connect/client/core.py", line 2380, in _handle_error
    self._handle_rpc_error(error)
  File "/databricks/python/lib/python3.12/site-packages/pyspark/sql/connect/client/core.py", line 2458, in _handle_rpc_error
    raise convert_exception(
pyspark.errors.exceptions.connect.AnalysisException: [DELTA_DUPLICATE_COLUMNS_FOUND.READ_SCHEMA] Found duplicate column(s): updation_timestamp, updation_timestamp, created_date, created_date, ingestion_timestamp, ingestion_timestamp, product_name, product_name, product_id, product_id, category, category, _ingestion_job_id, _ingestion_job_id, modified_date, modified_date, _ingestion_pipeline_id, _ingestion_pipeline_id, _source_table, _source_table, price, price, brand, brand. The duplicate was found in the schema of the data being read.

JVM stacktrace:
com.databricks.sql.transaction.tahoe.DeltaAnalysisException
	at com.databricks.sql.transaction.tahoe.DeltaErrorsBase.foundDuplicateColumnsException(DeltaErrors.scala:682)
	at com.databricks.sql.transaction.tahoe.DeltaErrorsBase.foundDuplicateColumnsException$(DeltaErrors.scala:681)
	at com.databricks.sql.transaction.tahoe.DeltaErrors$.foundDuplicateColumnsException(DeltaErrors.scala:4492)
	at com.databricks.sql.transaction.tahoe.schema.SchemaUtils$.checkNoDuplicateColumns$1(SchemaUtils.scala:805)
	at com.databricks.sql.transaction.tahoe.schema.SchemaUtils$.isStructReadCompatible$1(SchemaUtils.scala:812)
	at com.databricks.sql.transaction.tahoe.schema.SchemaUtils$.isReadCompatible(SchemaUtils.scala:835)
	at com.databricks.sql.transaction.tahoe.DeltaAnalysis.needsSchemaAdjustmentByName(DeltaAnalysis.scala:2958)
	at com.databricks.sql.transaction.tahoe.DeltaImplicitCast.com$databricks$sql$transaction$tahoe$DeltaImplicitCast$$shouldApplyImplicitCast(DeltaImplicitCast.scala:102)
	at com.databricks.sql.transaction.tahoe.DeltaImplicitCast$$anonfun$apply$1.applyOrElse(DeltaImplicitCast.scala:40)
	at com.databricks.sql.transaction.tahoe.DeltaImplicitCast$$anonfun$apply$1.applyOrElse(DeltaImplicitCast.scala:38)
	at org.apache.spark.sql.catalyst.plans.logical.AnalysisHelper.$anonfun$resolveOperatorsDownWithPruning$2(AnalysisHelper.scala:201)
	at org.apache.spark.sql.catalyst.trees.CurrentOrigin$.withOrigin(origin.scala:142)
	at org.apache.spark.sql.catalyst.plans.logical.AnalysisHelper.$anonfun$resolveOperatorsDownWithPruning$1(AnalysisHelper.scala:201)
	at org.apache.spark.sql.catalyst.plans.logical.AnalysisHelper$.allowInvokingTransformsInAnalyzer(AnalysisHelper.scala:418)
	at org.apache.spark.sql.catalyst.plans.logical.AnalysisHelper.resolveOperatorsDownWithPruning(AnalysisHelper.scala:199)
	at org.apache.spark.sql.catalyst.plans.logical.AnalysisHelper.resolveOperatorsDownWithPruning$(AnalysisHelper.scala:195)
	at org.apache.spark.sql.catalyst.plans.logical.LogicalPlan.resolveOperatorsDownWithPruning(LogicalPlan.scala:48)
	at org.apache.spark.sql.catalyst.plans.logical.AnalysisHelper.resolveOperatorsDown(AnalysisHelper.scala:191)
	at org.apache.spark.sql.catalyst.plans.logical.AnalysisHelper.resolveOperatorsDown$(AnalysisHelper.scala:190)
	at org.apache.spark.sql.catalyst.plans.logical.LogicalPlan.resolveOperatorsDown(LogicalPlan.scala:48)
	at com.databricks.sql.transaction.tahoe.DeltaImplicitCast.apply(DeltaImplicitCast.scala:38)
	at com.databricks.sql.transaction.tahoe.DeltaImplicitCast.apply(DeltaImplicitCast.scala:34)
	at org.apache.spark.sql.catalyst.rules.RuleExecutor.$anonfun$execute$17(RuleExecutor.scala:521)
	at org.apache.spark.sql.catalyst.rules.RecoverableRuleExecutionHelper.processRule(RuleExecutor.scala:675)
	at org.apache.spark.sql.catalyst.rules.RecoverableRuleExecutionHelper.processRule$(RuleExecutor.scala:659)
	at org.apache.spark.sql.catalyst.rules.RuleExecutor.processRule(RuleExecutor.scala:155)
	at org.apache.spark.sql.catalyst.rules.RuleExecutor.$anonfun$execute$16(RuleExecutor.scala:521)
	at com.databricks.spark.util.MemoryTracker$.withThreadAllocatedBytes(MemoryTracker.scala:51)
	at org.apache.spark.sql.catalyst.QueryPlanningTracker$.measureRule(QueryPlanningTracker.scala:450)
	at org.apache.spark.sql.catalyst.rules.RuleExecutor.$anonfun$execute$15(RuleExecutor.scala:519)
	at com.databricks.spark.util.FrameProfiler$.$anonfun$record$1(FrameProfiler.scala:114)
	at com.databricks.spark.util.FrameProfilerExporter$.maybeExportFrameProfiler(FrameProfilerExporter.scala:201)
	at com.databricks.spark.util.FrameProfiler$.record(FrameProfiler.scala:105)
	at org.apache.spark.sql.catalyst.rules.RuleExecutor.$anonfun$execute$14(RuleExecutor.scala:518)
	at scala.collection.LinearSeqOps.foldLeft(LinearSeq.scala:183)
	at scala.collection.LinearSeqOps.foldLeft$(LinearSeq.scala:179)
	at scala.collection.immutable.List.foldLeft(List.scala:79)
	at org.apache.spark.sql.catalyst.rules.RuleExecutor.$anonfun$execute$13(RuleExecutor.scala:510)
	at scala.runtime.java8.JFunction0$mcV$sp.apply(JFunction0$mcV$sp.scala:18)
	at com.databricks.spark.util.FrameProfiler$.$anonfun$record$1(FrameProfiler.scala:114)
	at com.databricks.spark.util.FrameProfilerExporter$.maybeExportFrameProfiler(FrameProfilerExporter.scala:201)
	at com.databricks.spark.util.FrameProfiler$.record(FrameProfiler.scala:105)
	at org.apache.spark.sql.catalyst.rules.RuleExecutor.executeBatch$1(RuleExecutor.scala:484)
	at org.apache.spark.sql.catalyst.rules.RuleExecutor.$anonfun$execute$23(RuleExecutor.scala:631)
	at org.apache.spark.sql.catalyst.rules.RuleExecutor.$anonfun$execute$23$adapted(RuleExecutor.scala:631)
	at scala.collection.immutable.List.foreach(List.scala:334)
	at org.apache.spark.sql.catalyst.rules.RuleExecutor.$anonfun$execute$1(RuleExecutor.scala:631)
	at com.databricks.spark.util.FrameProfiler$.$anonfun$record$1(FrameProfiler.scala:114)
	at com.databricks.spark.util.FrameProfilerExporter$.maybeExportFrameProfiler(FrameProfilerExporter.scala:201)
	at com.databricks.spark.util.FrameProfiler$.record(FrameProfiler.scala:105)
	at org.apache.spark.sql.catalyst.rules.RuleExecutor.execute(RuleExecutor.scala:377)
	at org.apache.spark.sql.catalyst.analysis.Analyzer.super$execute(Analyzer.scala:754)
	at org.apache.spark.sql.catalyst.analysis.Analyzer.$anonfun$executeSameContext$1(Analyzer.scala:754)
	at com.databricks.sql.unity.SAMSnapshotHelper$.visitPlansDuringAnalysis(SAMSnapshotHelper.scala:43)
	at org.apache.spark.sql.catalyst.analysis.Analyzer.executeSameContext(Analyzer.scala:753)
	at org.apache.spark.sql.catalyst.analysis.Analyzer.$anonfun$execute$1(Analyzer.scala:726)
	at org.apache.spark.sql.catalyst.analysis.AnalysisContext$.withNewAnalysisContext(Analyzer.scala:546)
	at org.apache.spark.sql.catalyst.analysis.Analyzer.execute(Analyzer.scala:726)
	at org.apache.spark.sql.catalyst.analysis.Analyzer.execute(Analyzer.scala:636)
	at org.apache.spark.sql.catalyst.rules.RuleExecutor.$anonfun$executeAndTrack$1(RuleExecutor.scala:365)
	at org.apache.spark.sql.catalyst.QueryPlanningTracker$.withTracker(QueryPlanningTracker.scala:275)
	at org.apache.spark.sql.catalyst.rules.RuleExecutor.executeAndTrack(RuleExecutor.scala:365)
	at org.apache.spark.sql.catalyst.analysis.resolver.HybridAnalyzer.resolveInFixedPoint(HybridAnalyzer.scala:415)
	at org.apache.spark.sql.catalyst.analysis.resolver.HybridAnalyzer.$anonfun$apply$1(HybridAnalyzer.scala:98)
	at org.apache.spark.sql.catalyst.analysis.resolver.HybridAnalyzer.withTrackedAnalyzerBridgeState(HybridAnalyzer.scala:135)
	at org.apache.spark.sql.catalyst.analysis.resolver.HybridAnalyzer.apply(HybridAnalyzer.scala:91)
	at org.apache.spark.sql.catalyst.analysis.Analyzer.$anonfun$executeAndCheck$2(Analyzer.scala:703)
	at org.apache.spark.sql.catalyst.plans.logical.AnalysisHelper$.markInAnalyzer(AnalysisHelper.scala:425)
	at org.apache.spark.sql.catalyst.analysis.Analyzer.$anonfun$executeAndCheck$1(Analyzer.scala:703)
	at com.databricks.sql.unity.SAMSnapshotHelper$.visitPlansDuringAnalysis(SAMSnapshotHelper.scala:43)
	at org.apache.spark.sql.catalyst.analysis.Analyzer.executeAndCheck(Analyzer.scala:692)
	at org.apache.spark.sql.execution.QueryExecution.$anonfun$lazyAnalyzed$3(QueryExecution.scala:607)
	at com.databricks.spark.util.FrameProfiler$.$anonfun$record$1(FrameProfiler.scala:114)
	at com.databricks.spark.util.FrameProfilerExporter$.maybeExportFrameProfiler(FrameProfilerExporter.scala:201)
	at com.databricks.spark.util.FrameProfiler$.record(FrameProfiler.scala:105)
	at org.apache.spark.sql.catalyst.QueryPlanningTracker.measurePhase(QueryPlanningTracker.scala:1021)
	at org.apache.spark.sql.execution.QueryExecution.$anonfun$executePhase$8(QueryExecution.scala:1073)
	at org.apache.spark.sql.execution.SQLExecution$.$anonfun$withExecutionPhase$1(SQLExecution.scala:337)
	at com.databricks.util.TracingSpanUtils$.withTracing(TracingSpanUtils.scala:251)
	at com.databricks.spark.util.DatabricksTracingHelper.withSpan(DatabricksSparkTracingHelper.scala:154)
	at com.databricks.spark.util.DBRTracing$.withSpan(DBRTracing.scala:87)
	at org.apache.spark.sql.execution.SQLExecution$.withExecutionPhase(SQLExecution.scala:318)
	at org.apache.spark.sql.execution.QueryExecution.$anonfun$executePhase$7(QueryExecution.scala:1073)
	at org.apache.spark.sql.execution.QueryExecution$.withInternalError(QueryExecution.scala:1822)
	at org.apache.spark.sql.execution.QueryExecution.$anonfun$executePhase$5(QueryExecution.scala:1066)
	at com.databricks.util.LexicalThreadLocal$Handle.runWith(LexicalThreadLocal.scala:63)
	at org.apache.spark.sql.execution.QueryExecution.$anonfun$executePhase$4(QueryExecution.scala:1063)
	at com.databricks.util.LexicalThreadLocal$Handle.runWith(LexicalThreadLocal.scala:63)
	at org.apache.spark.sql.execution.QueryExecution.$anonfun$executePhase$3(QueryExecution.scala:1063)
	at com.databricks.util.LexicalThreadLocal$Handle.runWith(LexicalThreadLocal.scala:63)
	at org.apache.spark.sql.execution.QueryExecution.$anonfun$executePhase$2(QueryExecution.scala:1062)
	at com.databricks.util.LexicalThreadLocal$Handle.runWith(LexicalThreadLocal.scala:63)
	at org.apache.spark.sql.execution.QueryExecution.localBlock$1(QueryExecution.scala:1043)
	at org.apache.spark.sql.execution.QueryExecution.$anonfun$withQueryExecutionId$4(QueryExecution.scala:1053)
	at com.databricks.unity.UCSManager$.withTemporaryScope(UCSManager.scala:168)
	at org.apache.spark.sql.execution.QueryExecution.$anonfun$withQueryExecutionId$3(QueryExecution.scala:1052)
	at org.apache.spark.sql.execution.QueryExecution$.$anonfun$runWithWrappers$2(QueryExecution.scala:2075)
	at org.apache.spark.sql.execution.QueryExecution$.org$apache$spark$sql$execution$QueryExecution$$runWithWrappers(QueryExecution.scala:2074)
	at org.apache.spark.sql.execution.QueryExecution.withQueryExecutionId(QueryExecution.scala:1053)
	at org.apache.spark.sql.execution.QueryExecution.$anonfun$executePhase$1(QueryExecution.scala:1061)
	at org.apache.spark.sql.SparkSession.withActive(SparkSession.scala:866)
	at org.apache.spark.sql.execution.QueryExecution.executePhase(QueryExecution.scala:1060)
	at org.apache.spark.sql.execution.QueryExecution.$anonfun$lazyAnalyzed$2(QueryExecution.scala:598)
	at com.databricks.sql.util.MemoryTrackerHelper.withMemoryTracking(MemoryTrackerHelper.scala:111)
	at org.apache.spark.sql.execution.QueryExecution.$anonfun$lazyAnalyzed$1(QueryExecution.scala:597)
	at scala.util.Try$.apply(Try.scala:217)
	at org.apache.spark.util.Utils$.doTryWithCallerStacktrace(Utils.scala:1796)
	at org.apache.spark.util.Utils$.getTryWithCallerStacktrace(Utils.scala:1846)
	at org.apache.spark.util.LazyTry.get(LazyTry.scala:78)
	at org.apache.spark.sql.execution.QueryExecution.analyzed(QueryExecution.scala:661)
	at org.apache.spark.sql.execution.QueryExecution.$anonfun$lazyCommandExecuted$1(QueryExecution.scala:666)
	at scala.util.Try$.apply(Try.scala:217)
	at org.apache.spark.util.Utils$.doTryWithCallerStacktrace(Utils.scala:1796)
	at org.apache.spark.util.Utils$.getTryWithCallerStacktrace(Utils.scala:1846)
	at org.apache.spark.util.LazyTry.get(LazyTry.scala:78)
	at org.apache.spark.sql.execution.QueryExecution.commandExecuted(QueryExecution.scala:671)
	at org.apache.spark.sql.execution.QueryExecution.assertCommandExecuted(QueryExecution.scala:804)
	at org.apache.spark.sql.classic.DataFrameWriter.runCommand(DataFrameWriter.scala:887)
	at org.apache.spark.sql.classic.DataFrameWriter.saveAsTable(DataFrameWriter.scala:732)
	at org.apache.spark.sql.classic.DataFrameWriter.saveAsTable(DataFrameWriter.scala:630)
	at org.apache.spark.sql.connect.planner.SparkConnectPlanner.handleWriteOperation(SparkConnectPlanner.scala:4607)
	at org.apache.spark.sql.connect.planner.SparkConnectPlanner.process(SparkConnectPlanner.scala:3782)
	at org.apache.spark.sql.connect.execution.ExecuteThreadRunner.handleCommand(ExecuteThreadRunner.scala:530)
	at org.apache.spark.sql.connect.execution.ExecuteThreadRunner.$anonfun$executeInternal$1(ExecuteThreadRunner.scala:420)
	at org.apache.spark.sql.connect.execution.ExecuteThreadRunner.$anonfun$executeInternal$1$adapted(ExecuteThreadRunner.scala:340)
	at org.apache.spark.sql.connect.service.SessionHolder.$anonfun$withSession$2(SessionHolder.scala:844)
	at org.apache.spark.sql.SparkSession.withActive(SparkSession.scala:866)
	at org.apache.spark.sql.connect.service.SessionHolder.$anonfun$withSession$1(SessionHolder.scala:844)
	at org.apache.spark.JobArtifactSet$.withActiveJobArtifactState(JobArtifactSet.scala:97)
	at org.apache.spark.sql.artifact.ArtifactManager.$anonfun$withResources$1(ArtifactManager.scala:124)
	at org.apache.spark.sql.artifact.ArtifactManager.withClassLoaderIfNeeded(ArtifactManager.scala:118)
	at org.apache.spark.sql.artifact.ArtifactManager.withResources(ArtifactManager.scala:123)
	at org.apache.spark.sql.connect.service.SessionHolder.withSession(SessionHolder.scala:843)
	at org.apache.spark.sql.connect.execution.ExecuteThreadRunner.executeInternal(ExecuteThreadRunner.scala:340)
	at org.apache.spark.sql.connect.execution.ExecuteThreadRunner.$anonfun$execute$1(ExecuteThreadRunner.scala:200)
	at scala.runtime.java8.JFunction0$mcV$sp.apply(JFunction0$mcV$sp.scala:18)
	at com.databricks.spark.connect.service.UtilizationMetrics.recordActiveQueries(UtilizationMetrics.scala:92)
	at com.databricks.spark.connect.service.UtilizationMetrics.recordActiveQueries$(UtilizationMetrics.scala:89)
	at org.apache.spark.sql.connect.execution.ExecuteThreadRunner.recordActiveQueries(ExecuteThreadRunner.scala:61)
	at org.apache.spark.sql.connect.execution.ExecuteThreadRunner.org$apache$spark$sql$connect$execution$ExecuteThreadRunner$$execute(ExecuteThreadRunner.scala:192)
	at org.apache.spark.sql.connect.execution.ExecuteThreadRunner$ExecutionThread.$anonfun$run$3(ExecuteThreadRunner.scala:601)
	at scala.runtime.java8.JFunction0$mcV$sp.apply(JFunction0$mcV$sp.scala:18)
	at com.databricks.spark.util.DBRTracing$.withSpanFromParent(DBRTracing.scala:70)
	at org.apache.spark.sql.connect.execution.ExecuteThreadRunner$ExecutionThread.$anonfun$run$2(ExecuteThreadRunner.scala:601)
	at scala.runtime.java8.JFunction0$mcV$sp.apply(JFunction0$mcV$sp.scala:18)
	at com.databricks.unity.UCSEphemeralState$Handle.runWith(UCSEphemeralState.scala:51)
	at com.databricks.unity.HandleImpl.runWith(UCSHandle.scala:128)
	at com.databricks.unity.HandleImpl.$anonfun$runWithAndClose$1(UCSHandle.scala:133)
	at scala.util.Using$.resource(Using.scala:296)
	at com.databricks.unity.HandleImpl.runWithAndClose(UCSHandle.scala:132)
	at org.apache.spark.sql.connect.execution.ExecuteThreadRunner$ExecutionThread.run(ExecuteThreadRunner.scala:600)
2026-08-03 13:30:53,897 | INFO     | gold.dim_products | Audit for catalog_project1.gold.dim_products written successfully
2026-08-03 13:33:16,890 | INFO     | gold.dim_products | Logging to file: /Workspace/Users/krishnasumanbhaipatel@gmail.com/Practice Folder/lakehouse-practice-project/logs/gold_dim_products_20260803.log
2026-08-03 13:33:16,892 | INFO     | gold.dim_products | Starting Gold pipeline at 2026-08-03 13:33:16.485654
2026-08-03 13:33:17,161 | INFO     | gold.dim_products | Read 11 records from catalog_project1.silver.clean_products table
2026-08-03 13:33:17,369 | INFO     | gold.dim_products | Incremental load from catalog_project1.silver.clean_products table
2026-08-03 13:33:19,293 | INFO     | gold.dim_products | Inserted 0 new records to catalog_project1.gold.dim_products table
2026-08-03 13:33:20,748 | INFO     | gold.dim_products | Incremental load completed for catalog_project1.gold.dim_products
2026-08-03 13:33:20,749 | INFO     | gold.dim_products | Gold pipeline for catalog_project1.gold.dim_products completed successfully
2026-08-03 13:33:22,385 | INFO     | gold.dim_products | Audit for catalog_project1.gold.dim_products written successfully
2026-08-03 13:39:40,861 | INFO     | gold.dim_products | Logging to file: /Workspace/Users/krishnasumanbhaipatel@gmail.com/Practice Folder/lakehouse-practice-project/logs/gold_dim_products_20260803.log
2026-08-03 13:39:40,862 | INFO     | gold.dim_products | Starting Gold pipeline at 2026-08-03 13:39:40.031582
2026-08-03 13:39:41,140 | INFO     | gold.dim_products | Read 11 records from catalog_project1.silver.clean_products table
2026-08-03 13:39:41,329 | INFO     | gold.dim_products | Incremental load from catalog_project1.silver.clean_products table
2026-08-03 13:39:42,637 | ERROR    | gold.dim_products | Gold pipeline failed: [DELTA_DUPLICATE_COLUMNS_FOUND.READ_SCHEMA] Found duplicate column(s): updation_timestamp, updation_timestamp, created_date, created_date, ingestion_timestamp, ingestion_timestamp, product_name, product_name, product_id, product_id, category, category, _ingestion_job_id, _ingestion_job_id, modified_date, modified_date, _ingestion_pipeline_id, _ingestion_pipeline_id, _source_table, _source_table, price, price, brand, brand. The duplicate was found in the schema of the data being read.

JVM stacktrace:
com.databricks.sql.transaction.tahoe.DeltaAnalysisException
	at com.databricks.sql.transaction.tahoe.DeltaErrorsBase.foundDuplicateColumnsException(DeltaErrors.scala:682)
	at com.databricks.sql.transaction.tahoe.DeltaErrorsBase.foundDuplicateColumnsException$(DeltaErrors.scala:681)
	at com.databricks.sql.transaction.tahoe.DeltaErrors$.foundDuplicateColumnsException(DeltaErrors.scala:4492)
	at com.databricks.sql.transaction.tahoe.schema.SchemaUtils$.checkNoDuplicateColumns$1(SchemaUtils.scala:805)
	at com.databricks.sql.transaction.tahoe.schema.SchemaUtils$.isStructReadCompatible$1(SchemaUtils.scala:812)
	at com.databricks.sql.transaction.tahoe.schema.SchemaUtils$.isReadCompatible(SchemaUtils.scala:835)
	at com.databricks.sql.transaction.tahoe.DeltaAnalysis.needsSchemaAdjustmentByName(DeltaAnalysis.scala:2958)
	at com.databricks.sql.transaction.tahoe.DeltaImplicitCast.com$databricks$sql$transaction$tahoe$DeltaImplicitCast$$shouldApplyImplicitCast(DeltaImplicitCast.scala:102)
	at com.databricks.sql.transaction.tahoe.DeltaImplicitCast$$anonfun$apply$1.applyOrElse(DeltaImplicitCast.scala:40)
	at com.databricks.sql.transaction.tahoe.DeltaImplicitCast$$anonfun$apply$1.applyOrElse(DeltaImplicitCast.scala:38)
	at org.apache.spark.sql.catalyst.plans.logical.AnalysisHelper.$anonfun$resolveOperatorsDownWithPruning$2(AnalysisHelper.scala:201)
	at org.apache.spark.sql.catalyst.trees.CurrentOrigin$.withOrigin(origin.scala:142)
	at org.apache.spark.sql.catalyst.plans.logical.AnalysisHelper.$anonfun$resolveOperatorsDownWithPruning$1(AnalysisHelper.scala:201)
	at org.apache.spark.sql.catalyst.plans.logical.AnalysisHelper$.allowInvokingTransformsInAnalyzer(AnalysisHelper.scala:418)
	at org.apache.spark.sql.catalyst.plans.logical.AnalysisHelper.resolveOperatorsDownWithPruning(AnalysisHelper.scala:199)
	at org.apache.spark.sql.catalyst.plans.logical.AnalysisHelper.resolveOperatorsDownWithPruning$(AnalysisHelper.scala:195)
	at org.apache.spark.sql.catalyst.plans.logical.LogicalPlan.resolveOperatorsDownWithPruning(LogicalPlan.scala:48)
	at org.apache.spark.sql.catalyst.plans.logical.AnalysisHelper.resolveOperatorsDown(AnalysisHelper.scala:191)
	at org.apache.spark.sql.catalyst.plans.logical.AnalysisHelper.resolveOperatorsDown$(AnalysisHelper.scala:190)
	at org.apache.spark.sql.catalyst.plans.logical.LogicalPlan.resolveOperatorsDown(LogicalPlan.scala:48)
	at com.databricks.sql.transaction.tahoe.DeltaImplicitCast.apply(DeltaImplicitCast.scala:38)
	at com.databricks.sql.transaction.tahoe.DeltaImplicitCast.apply(DeltaImplicitCast.scala:34)
	at org.apache.spark.sql.catalyst.rules.RuleExecutor.$anonfun$execute$17(RuleExecutor.scala:521)
	at org.apache.spark.sql.catalyst.rules.RecoverableRuleExecutionHelper.processRule(RuleExecutor.scala:675)
	at org.apache.spark.sql.catalyst.rules.RecoverableRuleExecutionHelper.processRule$(RuleExecutor.scala:659)
	at org.apache.spark.sql.catalyst.rules.RuleExecutor.processRule(RuleExecutor.scala:155)
	at org.apache.spark.sql.catalyst.rules.RuleExecutor.$anonfun$execute$16(RuleExecutor.scala:521)
	at com.databricks.spark.util.MemoryTracker$.withThreadAllocatedBytes(MemoryTracker.scala:51)
	at org.apache.spark.sql.catalyst.QueryPlanningTracker$.measureRule(QueryPlanningTracker.scala:450)
	at org.apache.spark.sql.catalyst.rules.RuleExecutor.$anonfun$execute$15(RuleExecutor.scala:519)
	at com.databricks.spark.util.FrameProfiler$.$anonfun$record$1(FrameProfiler.scala:114)
	at com.databricks.spark.util.FrameProfilerExporter$.maybeExportFrameProfiler(FrameProfilerExporter.scala:201)
	at com.databricks.spark.util.FrameProfiler$.record(FrameProfiler.scala:105)
	at org.apache.spark.sql.catalyst.rules.RuleExecutor.$anonfun$execute$14(RuleExecutor.scala:518)
	at scala.collection.LinearSeqOps.foldLeft(LinearSeq.scala:183)
	at scala.collection.LinearSeqOps.foldLeft$(LinearSeq.scala:179)
	at scala.collection.immutable.List.foldLeft(List.scala:79)
	at org.apache.spark.sql.catalyst.rules.RuleExecutor.$anonfun$execute$13(RuleExecutor.scala:510)
	at scala.runtime.java8.JFunction0$mcV$sp.apply(JFunction0$mcV$sp.scala:18)
	at com.databricks.spark.util.FrameProfiler$.$anonfun$record$1(FrameProfiler.scala:114)
	at com.databricks.spark.util.FrameProfilerExporter$.maybeExportFrameProfiler(FrameProfilerExporter.scala:201)
	at com.databricks.spark.util.FrameProfiler$.record(FrameProfiler.scala:105)
	at org.apache.spark.sql.catalyst.rules.RuleExecutor.executeBatch$1(RuleExecutor.scala:484)
	at org.apache.spark.sql.catalyst.rules.RuleExecutor.$anonfun$execute$23(RuleExecutor.scala:631)
	at org.apache.spark.sql.catalyst.rules.RuleExecutor.$anonfun$execute$23$adapted(RuleExecutor.scala:631)
	at scala.collection.immutable.List.foreach(List.scala:334)
	at org.apache.spark.sql.catalyst.rules.RuleExecutor.$anonfun$execute$1(RuleExecutor.scala:631)
	at com.databricks.spark.util.FrameProfiler$.$anonfun$record$1(FrameProfiler.scala:114)
	at com.databricks.spark.util.FrameProfilerExporter$.maybeExportFrameProfiler(FrameProfilerExporter.scala:201)
	at com.databricks.spark.util.FrameProfiler$.record(FrameProfiler.scala:105)
	at org.apache.spark.sql.catalyst.rules.RuleExecutor.execute(RuleExecutor.scala:377)
	at org.apache.spark.sql.catalyst.analysis.Analyzer.super$execute(Analyzer.scala:754)
	at org.apache.spark.sql.catalyst.analysis.Analyzer.$anonfun$executeSameContext$1(Analyzer.scala:754)
	at com.databricks.sql.unity.SAMSnapshotHelper$.visitPlansDuringAnalysis(SAMSnapshotHelper.scala:43)
	at org.apache.spark.sql.catalyst.analysis.Analyzer.executeSameContext(Analyzer.scala:753)
	at org.apache.spark.sql.catalyst.analysis.Analyzer.$anonfun$execute$1(Analyzer.scala:726)
	at org.apache.spark.sql.catalyst.analysis.AnalysisContext$.withNewAnalysisContext(Analyzer.scala:546)
	at org.apache.spark.sql.catalyst.analysis.Analyzer.execute(Analyzer.scala:726)
	at org.apache.spark.sql.catalyst.analysis.Analyzer.execute(Analyzer.scala:636)
	at org.apache.spark.sql.catalyst.rules.RuleExecutor.$anonfun$executeAndTrack$1(RuleExecutor.scala:365)
	at org.apache.spark.sql.catalyst.QueryPlanningTracker$.withTracker(QueryPlanningTracker.scala:275)
	at org.apache.spark.sql.catalyst.rules.RuleExecutor.executeAndTrack(RuleExecutor.scala:365)
	at org.apache.spark.sql.catalyst.analysis.resolver.HybridAnalyzer.resolveInFixedPoint(HybridAnalyzer.scala:415)
	at org.apache.spark.sql.catalyst.analysis.resolver.HybridAnalyzer.$anonfun$apply$1(HybridAnalyzer.scala:98)
	at org.apache.spark.sql.catalyst.analysis.resolver.HybridAnalyzer.withTrackedAnalyzerBridgeState(HybridAnalyzer.scala:135)
	at org.apache.spark.sql.catalyst.analysis.resolver.HybridAnalyzer.apply(HybridAnalyzer.scala:91)
	at org.apache.spark.sql.catalyst.analysis.Analyzer.$anonfun$executeAndCheck$2(Analyzer.scala:703)
	at org.apache.spark.sql.catalyst.plans.logical.AnalysisHelper$.markInAnalyzer(AnalysisHelper.scala:425)
	at org.apache.spark.sql.catalyst.analysis.Analyzer.$anonfun$executeAndCheck$1(Analyzer.scala:703)
	at com.databricks.sql.unity.SAMSnapshotHelper$.visitPlansDuringAnalysis(SAMSnapshotHelper.scala:43)
	at org.apache.spark.sql.catalyst.analysis.Analyzer.executeAndCheck(Analyzer.scala:692)
	at org.apache.spark.sql.execution.QueryExecution.$anonfun$lazyAnalyzed$3(QueryExecution.scala:607)
	at com.databricks.spark.util.FrameProfiler$.$anonfun$record$1(FrameProfiler.scala:114)
	at com.databricks.spark.util.FrameProfilerExporter$.maybeExportFrameProfiler(FrameProfilerExporter.scala:201)
	at com.databricks.spark.util.FrameProfiler$.record(FrameProfiler.scala:105)
	at org.apache.spark.sql.catalyst.QueryPlanningTracker.measurePhase(QueryPlanningTracker.scala:1021)
	at org.apache.spark.sql.execution.QueryExecution.$anonfun$executePhase$8(QueryExecution.scala:1073)
	at org.apache.spark.sql.execution.SQLExecution$.$anonfun$withExecutionPhase$1(SQLExecution.scala:337)
	at com.databricks.util.TracingSpanUtils$.withTracing(TracingSpanUtils.scala:251)
	at com.databricks.spark.util.DatabricksTracingHelper.withSpan(DatabricksSparkTracingHelper.scala:154)
	at com.databricks.spark.util.DBRTracing$.withSpan(DBRTracing.scala:87)
	at org.apache.spark.sql.execution.SQLExecution$.withExecutionPhase(SQLExecution.scala:318)
	at org.apache.spark.sql.execution.QueryExecution.$anonfun$executePhase$7(QueryExecution.scala:1073)
	at org.apache.spark.sql.execution.QueryExecution$.withInternalError(QueryExecution.scala:1822)
	at org.apache.spark.sql.execution.QueryExecution.$anonfun$executePhase$5(QueryExecution.scala:1066)
	at com.databricks.util.LexicalThreadLocal$Handle.runWith(LexicalThreadLocal.scala:63)
	at org.apache.spark.sql.execution.QueryExecution.$anonfun$executePhase$4(QueryExecution.scala:1063)
	at com.databricks.util.LexicalThreadLocal$Handle.runWith(LexicalThreadLocal.scala:63)
	at org.apache.spark.sql.execution.QueryExecution.$anonfun$executePhase$3(QueryExecution.scala:1063)
	at com.databricks.util.LexicalThreadLocal$Handle.runWith(LexicalThreadLocal.scala:63)
	at org.apache.spark.sql.execution.QueryExecution.$anonfun$executePhase$2(QueryExecution.scala:1062)
	at com.databricks.util.LexicalThreadLocal$Handle.runWith(LexicalThreadLocal.scala:63)
	at org.apache.spark.sql.execution.QueryExecution.localBlock$1(QueryExecution.scala:1043)
	at org.apache.spark.sql.execution.QueryExecution.$anonfun$withQueryExecutionId$4(QueryExecution.scala:1053)
	at com.databricks.unity.UCSManager$.withTemporaryScope(UCSManager.scala:168)
	at org.apache.spark.sql.execution.QueryExecution.$anonfun$withQueryExecutionId$3(QueryExecution.scala:1052)
	at org.apache.spark.sql.execution.QueryExecution$.$anonfun$runWithWrappers$2(QueryExecution.scala:2075)
	at org.apache.spark.sql.execution.QueryExecution$.org$apache$spark$sql$execution$QueryExecution$$runWithWrappers(QueryExecution.scala:2074)
	at org.apache.spark.sql.execution.QueryExecution.withQueryExecutionId(QueryExecution.scala:1053)
	at org.apache.spark.sql.execution.QueryExecution.$anonfun$executePhase$1(QueryExecution.scala:1061)
	at org.apache.spark.sql.SparkSession.withActive(SparkSession.scala:866)
	at org.apache.spark.sql.execution.QueryExecution.executePhase(QueryExecution.scala:1060)
	at org.apache.spark.sql.execution.QueryExecution.$anonfun$lazyAnalyzed$2(QueryExecution.scala:598)
	at com.databricks.sql.util.MemoryTrackerHelper.withMemoryTracking(MemoryTrackerHelper.scala:111)
	at org.apache.spark.sql.execution.QueryExecution.$anonfun$lazyAnalyzed$1(QueryExecution.scala:597)
	at scala.util.Try$.apply(Try.scala:217)
	at org.apache.spark.util.Utils$.doTryWithCallerStacktrace(Utils.scala:1796)
	at org.apache.spark.util.Utils$.getTryWithCallerStacktrace(Utils.scala:1846)
	at org.apache.spark.util.LazyTry.get(LazyTry.scala:78)
	at org.apache.spark.sql.execution.QueryExecution.analyzed(QueryExecution.scala:661)
	at org.apache.spark.sql.execution.QueryExecution.$anonfun$lazyCommandExecuted$1(QueryExecution.scala:666)
	at scala.util.Try$.apply(Try.scala:217)
	at org.apache.spark.util.Utils$.doTryWithCallerStacktrace(Utils.scala:1796)
	at org.apache.spark.util.Utils$.getTryWithCallerStacktrace(Utils.scala:1846)
	at org.apache.spark.util.LazyTry.get(LazyTry.scala:78)
	at org.apache.spark.sql.execution.QueryExecution.commandExecuted(QueryExecution.scala:671)
	at org.apache.spark.sql.execution.QueryExecution.assertCommandExecuted(QueryExecution.scala:804)
	at org.apache.spark.sql.classic.DataFrameWriter.runCommand(DataFrameWriter.scala:887)
	at org.apache.spark.sql.classic.DataFrameWriter.saveAsTable(DataFrameWriter.scala:732)
	at org.apache.spark.sql.classic.DataFrameWriter.saveAsTable(DataFrameWriter.scala:630)
	at org.apache.spark.sql.connect.planner.SparkConnectPlanner.handleWriteOperation(SparkConnectPlanner.scala:4607)
	at org.apache.spark.sql.connect.planner.SparkConnectPlanner.process(SparkConnectPlanner.scala:3782)
	at org.apache.spark.sql.connect.execution.ExecuteThreadRunner.handleCommand(ExecuteThreadRunner.scala:530)
	at org.apache.spark.sql.connect.execution.ExecuteThreadRunner.$anonfun$executeInternal$1(ExecuteThreadRunner.scala:420)
	at org.apache.spark.sql.connect.execution.ExecuteThreadRunner.$anonfun$executeInternal$1$adapted(ExecuteThreadRunner.scala:340)
	at org.apache.spark.sql.connect.service.SessionHolder.$anonfun$withSession$2(SessionHolder.scala:844)
	at org.apache.spark.sql.SparkSession.withActive(SparkSession.scala:866)
	at org.apache.spark.sql.connect.service.SessionHolder.$anonfun$withSession$1(SessionHolder.scala:844)
	at org.apache.spark.JobArtifactSet$.withActiveJobArtifactState(JobArtifactSet.scala:97)
	at org.apache.spark.sql.artifact.ArtifactManager.$anonfun$withResources$1(ArtifactManager.scala:124)
	at org.apache.spark.sql.artifact.ArtifactManager.withClassLoaderIfNeeded(ArtifactManager.scala:118)
	at org.apache.spark.sql.artifact.ArtifactManager.withResources(ArtifactManager.scala:123)
	at org.apache.spark.sql.connect.service.SessionHolder.withSession(SessionHolder.scala:843)
	at org.apache.spark.sql.connect.execution.ExecuteThreadRunner.executeInternal(ExecuteThreadRunner.scala:340)
	at org.apache.spark.sql.connect.execution.ExecuteThreadRunner.$anonfun$execute$1(ExecuteThreadRunner.scala:200)
	at scala.runtime.java8.JFunction0$mcV$sp.apply(JFunction0$mcV$sp.scala:18)
	at com.databricks.spark.connect.service.UtilizationMetrics.recordActiveQueries(UtilizationMetrics.scala:92)
	at com.databricks.spark.connect.service.UtilizationMetrics.recordActiveQueries$(UtilizationMetrics.scala:89)
	at org.apache.spark.sql.connect.execution.ExecuteThreadRunner.recordActiveQueries(ExecuteThreadRunner.scala:61)
	at org.apache.spark.sql.connect.execution.ExecuteThreadRunner.org$apache$spark$sql$connect$execution$ExecuteThreadRunner$$execute(ExecuteThreadRunner.scala:192)
	at org.apache.spark.sql.connect.execution.ExecuteThreadRunner$ExecutionThread.$anonfun$run$3(ExecuteThreadRunner.scala:601)
	at scala.runtime.java8.JFunction0$mcV$sp.apply(JFunction0$mcV$sp.scala:18)
	at com.databricks.spark.util.DBRTracing$.withSpanFromParent(DBRTracing.scala:70)
	at org.apache.spark.sql.connect.execution.ExecuteThreadRunner$ExecutionThread.$anonfun$run$2(ExecuteThreadRunner.scala:601)
	at scala.runtime.java8.JFunction0$mcV$sp.apply(JFunction0$mcV$sp.scala:18)
	at com.databricks.unity.UCSEphemeralState$Handle.runWith(UCSEphemeralState.scala:51)
	at com.databricks.unity.HandleImpl.runWith(UCSHandle.scala:128)
	at com.databricks.unity.HandleImpl.$anonfun$runWithAndClose$1(UCSHandle.scala:133)
	at scala.util.Using$.resource(Using.scala:296)
	at com.databricks.unity.HandleImpl.runWithAndClose(UCSHandle.scala:132)
	at org.apache.spark.sql.connect.execution.ExecuteThreadRunner$ExecutionThread.run(ExecuteThreadRunner.scala:600)
Traceback (most recent call last):
  File "/home/spark-8f5b6315-bde7-4763-ab71-87/.ipykernel/96/command-6029136220637170-3018494671", line 94, in <module>
    new_products_df.write.mode("append").format("delta").saveAsTable("catalog_project1.gold.dim_products")
  File "/databricks/python/lib/python3.12/site-packages/pyspark/sql/connect/readwriter.py", line 737, in saveAsTable
    _, _, ei = self._spark.client.execute_command(
               ^^^^^^^^^^^^^^^^^^^^^^^^^^^^^^^^^^^
  File "/databricks/python/lib/python3.12/site-packages/pyspark/sql/connect/client/core.py", line 1538, in execute_command
    data, _, metrics, observed_metrics, properties = self._execute_and_fetch(
                                                     ^^^^^^^^^^^^^^^^^^^^^^^^
  File "/databricks/python/lib/python3.12/site-packages/pyspark/sql/connect/client/core.py", line 2086, in _execute_and_fetch
    for response in self._execute_and_fetch_as_iterator(
  File "/databricks/python/lib/python3.12/site-packages/pyspark/sql/connect/client/core.py", line 2062, in _execute_and_fetch_as_iterator
    self._handle_error(error)
  File "/databricks/python/lib/python3.12/site-packages/pyspark/sql/connect/client/core.py", line 2380, in _handle_error
    self._handle_rpc_error(error)
  File "/databricks/python/lib/python3.12/site-packages/pyspark/sql/connect/client/core.py", line 2458, in _handle_rpc_error
    raise convert_exception(
pyspark.errors.exceptions.connect.AnalysisException: [DELTA_DUPLICATE_COLUMNS_FOUND.READ_SCHEMA] Found duplicate column(s): updation_timestamp, updation_timestamp, created_date, created_date, ingestion_timestamp, ingestion_timestamp, product_name, product_name, product_id, product_id, category, category, _ingestion_job_id, _ingestion_job_id, modified_date, modified_date, _ingestion_pipeline_id, _ingestion_pipeline_id, _source_table, _source_table, price, price, brand, brand. The duplicate was found in the schema of the data being read.

JVM stacktrace:
com.databricks.sql.transaction.tahoe.DeltaAnalysisException
	at com.databricks.sql.transaction.tahoe.DeltaErrorsBase.foundDuplicateColumnsException(DeltaErrors.scala:682)
	at com.databricks.sql.transaction.tahoe.DeltaErrorsBase.foundDuplicateColumnsException$(DeltaErrors.scala:681)
	at com.databricks.sql.transaction.tahoe.DeltaErrors$.foundDuplicateColumnsException(DeltaErrors.scala:4492)
	at com.databricks.sql.transaction.tahoe.schema.SchemaUtils$.checkNoDuplicateColumns$1(SchemaUtils.scala:805)
	at com.databricks.sql.transaction.tahoe.schema.SchemaUtils$.isStructReadCompatible$1(SchemaUtils.scala:812)
	at com.databricks.sql.transaction.tahoe.schema.SchemaUtils$.isReadCompatible(SchemaUtils.scala:835)
	at com.databricks.sql.transaction.tahoe.DeltaAnalysis.needsSchemaAdjustmentByName(DeltaAnalysis.scala:2958)
	at com.databricks.sql.transaction.tahoe.DeltaImplicitCast.com$databricks$sql$transaction$tahoe$DeltaImplicitCast$$shouldApplyImplicitCast(DeltaImplicitCast.scala:102)
	at com.databricks.sql.transaction.tahoe.DeltaImplicitCast$$anonfun$apply$1.applyOrElse(DeltaImplicitCast.scala:40)
	at com.databricks.sql.transaction.tahoe.DeltaImplicitCast$$anonfun$apply$1.applyOrElse(DeltaImplicitCast.scala:38)
	at org.apache.spark.sql.catalyst.plans.logical.AnalysisHelper.$anonfun$resolveOperatorsDownWithPruning$2(AnalysisHelper.scala:201)
	at org.apache.spark.sql.catalyst.trees.CurrentOrigin$.withOrigin(origin.scala:142)
	at org.apache.spark.sql.catalyst.plans.logical.AnalysisHelper.$anonfun$resolveOperatorsDownWithPruning$1(AnalysisHelper.scala:201)
	at org.apache.spark.sql.catalyst.plans.logical.AnalysisHelper$.allowInvokingTransformsInAnalyzer(AnalysisHelper.scala:418)
	at org.apache.spark.sql.catalyst.plans.logical.AnalysisHelper.resolveOperatorsDownWithPruning(AnalysisHelper.scala:199)
	at org.apache.spark.sql.catalyst.plans.logical.AnalysisHelper.resolveOperatorsDownWithPruning$(AnalysisHelper.scala:195)
	at org.apache.spark.sql.catalyst.plans.logical.LogicalPlan.resolveOperatorsDownWithPruning(LogicalPlan.scala:48)
	at org.apache.spark.sql.catalyst.plans.logical.AnalysisHelper.resolveOperatorsDown(AnalysisHelper.scala:191)
	at org.apache.spark.sql.catalyst.plans.logical.AnalysisHelper.resolveOperatorsDown$(AnalysisHelper.scala:190)
	at org.apache.spark.sql.catalyst.plans.logical.LogicalPlan.resolveOperatorsDown(LogicalPlan.scala:48)
	at com.databricks.sql.transaction.tahoe.DeltaImplicitCast.apply(DeltaImplicitCast.scala:38)
	at com.databricks.sql.transaction.tahoe.DeltaImplicitCast.apply(DeltaImplicitCast.scala:34)
	at org.apache.spark.sql.catalyst.rules.RuleExecutor.$anonfun$execute$17(RuleExecutor.scala:521)
	at org.apache.spark.sql.catalyst.rules.RecoverableRuleExecutionHelper.processRule(RuleExecutor.scala:675)
	at org.apache.spark.sql.catalyst.rules.RecoverableRuleExecutionHelper.processRule$(RuleExecutor.scala:659)
	at org.apache.spark.sql.catalyst.rules.RuleExecutor.processRule(RuleExecutor.scala:155)
	at org.apache.spark.sql.catalyst.rules.RuleExecutor.$anonfun$execute$16(RuleExecutor.scala:521)
	at com.databricks.spark.util.MemoryTracker$.withThreadAllocatedBytes(MemoryTracker.scala:51)
	at org.apache.spark.sql.catalyst.QueryPlanningTracker$.measureRule(QueryPlanningTracker.scala:450)
	at org.apache.spark.sql.catalyst.rules.RuleExecutor.$anonfun$execute$15(RuleExecutor.scala:519)
	at com.databricks.spark.util.FrameProfiler$.$anonfun$record$1(FrameProfiler.scala:114)
	at com.databricks.spark.util.FrameProfilerExporter$.maybeExportFrameProfiler(FrameProfilerExporter.scala:201)
	at com.databricks.spark.util.FrameProfiler$.record(FrameProfiler.scala:105)
	at org.apache.spark.sql.catalyst.rules.RuleExecutor.$anonfun$execute$14(RuleExecutor.scala:518)
	at scala.collection.LinearSeqOps.foldLeft(LinearSeq.scala:183)
	at scala.collection.LinearSeqOps.foldLeft$(LinearSeq.scala:179)
	at scala.collection.immutable.List.foldLeft(List.scala:79)
	at org.apache.spark.sql.catalyst.rules.RuleExecutor.$anonfun$execute$13(RuleExecutor.scala:510)
	at scala.runtime.java8.JFunction0$mcV$sp.apply(JFunction0$mcV$sp.scala:18)
	at com.databricks.spark.util.FrameProfiler$.$anonfun$record$1(FrameProfiler.scala:114)
	at com.databricks.spark.util.FrameProfilerExporter$.maybeExportFrameProfiler(FrameProfilerExporter.scala:201)
	at com.databricks.spark.util.FrameProfiler$.record(FrameProfiler.scala:105)
	at org.apache.spark.sql.catalyst.rules.RuleExecutor.executeBatch$1(RuleExecutor.scala:484)
	at org.apache.spark.sql.catalyst.rules.RuleExecutor.$anonfun$execute$23(RuleExecutor.scala:631)
	at org.apache.spark.sql.catalyst.rules.RuleExecutor.$anonfun$execute$23$adapted(RuleExecutor.scala:631)
	at scala.collection.immutable.List.foreach(List.scala:334)
	at org.apache.spark.sql.catalyst.rules.RuleExecutor.$anonfun$execute$1(RuleExecutor.scala:631)
	at com.databricks.spark.util.FrameProfiler$.$anonfun$record$1(FrameProfiler.scala:114)
	at com.databricks.spark.util.FrameProfilerExporter$.maybeExportFrameProfiler(FrameProfilerExporter.scala:201)
	at com.databricks.spark.util.FrameProfiler$.record(FrameProfiler.scala:105)
	at org.apache.spark.sql.catalyst.rules.RuleExecutor.execute(RuleExecutor.scala:377)
	at org.apache.spark.sql.catalyst.analysis.Analyzer.super$execute(Analyzer.scala:754)
	at org.apache.spark.sql.catalyst.analysis.Analyzer.$anonfun$executeSameContext$1(Analyzer.scala:754)
	at com.databricks.sql.unity.SAMSnapshotHelper$.visitPlansDuringAnalysis(SAMSnapshotHelper.scala:43)
	at org.apache.spark.sql.catalyst.analysis.Analyzer.executeSameContext(Analyzer.scala:753)
	at org.apache.spark.sql.catalyst.analysis.Analyzer.$anonfun$execute$1(Analyzer.scala:726)
	at org.apache.spark.sql.catalyst.analysis.AnalysisContext$.withNewAnalysisContext(Analyzer.scala:546)
	at org.apache.spark.sql.catalyst.analysis.Analyzer.execute(Analyzer.scala:726)
	at org.apache.spark.sql.catalyst.analysis.Analyzer.execute(Analyzer.scala:636)
	at org.apache.spark.sql.catalyst.rules.RuleExecutor.$anonfun$executeAndTrack$1(RuleExecutor.scala:365)
	at org.apache.spark.sql.catalyst.QueryPlanningTracker$.withTracker(QueryPlanningTracker.scala:275)
	at org.apache.spark.sql.catalyst.rules.RuleExecutor.executeAndTrack(RuleExecutor.scala:365)
	at org.apache.spark.sql.catalyst.analysis.resolver.HybridAnalyzer.resolveInFixedPoint(HybridAnalyzer.scala:415)
	at org.apache.spark.sql.catalyst.analysis.resolver.HybridAnalyzer.$anonfun$apply$1(HybridAnalyzer.scala:98)
	at org.apache.spark.sql.catalyst.analysis.resolver.HybridAnalyzer.withTrackedAnalyzerBridgeState(HybridAnalyzer.scala:135)
	at org.apache.spark.sql.catalyst.analysis.resolver.HybridAnalyzer.apply(HybridAnalyzer.scala:91)
	at org.apache.spark.sql.catalyst.analysis.Analyzer.$anonfun$executeAndCheck$2(Analyzer.scala:703)
	at org.apache.spark.sql.catalyst.plans.logical.AnalysisHelper$.markInAnalyzer(AnalysisHelper.scala:425)
	at org.apache.spark.sql.catalyst.analysis.Analyzer.$anonfun$executeAndCheck$1(Analyzer.scala:703)
	at com.databricks.sql.unity.SAMSnapshotHelper$.visitPlansDuringAnalysis(SAMSnapshotHelper.scala:43)
	at org.apache.spark.sql.catalyst.analysis.Analyzer.executeAndCheck(Analyzer.scala:692)
	at org.apache.spark.sql.execution.QueryExecution.$anonfun$lazyAnalyzed$3(QueryExecution.scala:607)
	at com.databricks.spark.util.FrameProfiler$.$anonfun$record$1(FrameProfiler.scala:114)
	at com.databricks.spark.util.FrameProfilerExporter$.maybeExportFrameProfiler(FrameProfilerExporter.scala:201)
	at com.databricks.spark.util.FrameProfiler$.record(FrameProfiler.scala:105)
	at org.apache.spark.sql.catalyst.QueryPlanningTracker.measurePhase(QueryPlanningTracker.scala:1021)
	at org.apache.spark.sql.execution.QueryExecution.$anonfun$executePhase$8(QueryExecution.scala:1073)
	at org.apache.spark.sql.execution.SQLExecution$.$anonfun$withExecutionPhase$1(SQLExecution.scala:337)
	at com.databricks.util.TracingSpanUtils$.withTracing(TracingSpanUtils.scala:251)
	at com.databricks.spark.util.DatabricksTracingHelper.withSpan(DatabricksSparkTracingHelper.scala:154)
	at com.databricks.spark.util.DBRTracing$.withSpan(DBRTracing.scala:87)
	at org.apache.spark.sql.execution.SQLExecution$.withExecutionPhase(SQLExecution.scala:318)
	at org.apache.spark.sql.execution.QueryExecution.$anonfun$executePhase$7(QueryExecution.scala:1073)
	at org.apache.spark.sql.execution.QueryExecution$.withInternalError(QueryExecution.scala:1822)
	at org.apache.spark.sql.execution.QueryExecution.$anonfun$executePhase$5(QueryExecution.scala:1066)
	at com.databricks.util.LexicalThreadLocal$Handle.runWith(LexicalThreadLocal.scala:63)
	at org.apache.spark.sql.execution.QueryExecution.$anonfun$executePhase$4(QueryExecution.scala:1063)
	at com.databricks.util.LexicalThreadLocal$Handle.runWith(LexicalThreadLocal.scala:63)
	at org.apache.spark.sql.execution.QueryExecution.$anonfun$executePhase$3(QueryExecution.scala:1063)
	at com.databricks.util.LexicalThreadLocal$Handle.runWith(LexicalThreadLocal.scala:63)
	at org.apache.spark.sql.execution.QueryExecution.$anonfun$executePhase$2(QueryExecution.scala:1062)
	at com.databricks.util.LexicalThreadLocal$Handle.runWith(LexicalThreadLocal.scala:63)
	at org.apache.spark.sql.execution.QueryExecution.localBlock$1(QueryExecution.scala:1043)
	at org.apache.spark.sql.execution.QueryExecution.$anonfun$withQueryExecutionId$4(QueryExecution.scala:1053)
	at com.databricks.unity.UCSManager$.withTemporaryScope(UCSManager.scala:168)
	at org.apache.spark.sql.execution.QueryExecution.$anonfun$withQueryExecutionId$3(QueryExecution.scala:1052)
	at org.apache.spark.sql.execution.QueryExecution$.$anonfun$runWithWrappers$2(QueryExecution.scala:2075)
	at org.apache.spark.sql.execution.QueryExecution$.org$apache$spark$sql$execution$QueryExecution$$runWithWrappers(QueryExecution.scala:2074)
	at org.apache.spark.sql.execution.QueryExecution.withQueryExecutionId(QueryExecution.scala:1053)
	at org.apache.spark.sql.execution.QueryExecution.$anonfun$executePhase$1(QueryExecution.scala:1061)
	at org.apache.spark.sql.SparkSession.withActive(SparkSession.scala:866)
	at org.apache.spark.sql.execution.QueryExecution.executePhase(QueryExecution.scala:1060)
	at org.apache.spark.sql.execution.QueryExecution.$anonfun$lazyAnalyzed$2(QueryExecution.scala:598)
	at com.databricks.sql.util.MemoryTrackerHelper.withMemoryTracking(MemoryTrackerHelper.scala:111)
	at org.apache.spark.sql.execution.QueryExecution.$anonfun$lazyAnalyzed$1(QueryExecution.scala:597)
	at scala.util.Try$.apply(Try.scala:217)
	at org.apache.spark.util.Utils$.doTryWithCallerStacktrace(Utils.scala:1796)
	at org.apache.spark.util.Utils$.getTryWithCallerStacktrace(Utils.scala:1846)
	at org.apache.spark.util.LazyTry.get(LazyTry.scala:78)
	at org.apache.spark.sql.execution.QueryExecution.analyzed(QueryExecution.scala:661)
	at org.apache.spark.sql.execution.QueryExecution.$anonfun$lazyCommandExecuted$1(QueryExecution.scala:666)
	at scala.util.Try$.apply(Try.scala:217)
	at org.apache.spark.util.Utils$.doTryWithCallerStacktrace(Utils.scala:1796)
	at org.apache.spark.util.Utils$.getTryWithCallerStacktrace(Utils.scala:1846)
	at org.apache.spark.util.LazyTry.get(LazyTry.scala:78)
	at org.apache.spark.sql.execution.QueryExecution.commandExecuted(QueryExecution.scala:671)
	at org.apache.spark.sql.execution.QueryExecution.assertCommandExecuted(QueryExecution.scala:804)
	at org.apache.spark.sql.classic.DataFrameWriter.runCommand(DataFrameWriter.scala:887)
	at org.apache.spark.sql.classic.DataFrameWriter.saveAsTable(DataFrameWriter.scala:732)
	at org.apache.spark.sql.classic.DataFrameWriter.saveAsTable(DataFrameWriter.scala:630)
	at org.apache.spark.sql.connect.planner.SparkConnectPlanner.handleWriteOperation(SparkConnectPlanner.scala:4607)
	at org.apache.spark.sql.connect.planner.SparkConnectPlanner.process(SparkConnectPlanner.scala:3782)
	at org.apache.spark.sql.connect.execution.ExecuteThreadRunner.handleCommand(ExecuteThreadRunner.scala:530)
	at org.apache.spark.sql.connect.execution.ExecuteThreadRunner.$anonfun$executeInternal$1(ExecuteThreadRunner.scala:420)
	at org.apache.spark.sql.connect.execution.ExecuteThreadRunner.$anonfun$executeInternal$1$adapted(ExecuteThreadRunner.scala:340)
	at org.apache.spark.sql.connect.service.SessionHolder.$anonfun$withSession$2(SessionHolder.scala:844)
	at org.apache.spark.sql.SparkSession.withActive(SparkSession.scala:866)
	at org.apache.spark.sql.connect.service.SessionHolder.$anonfun$withSession$1(SessionHolder.scala:844)
	at org.apache.spark.JobArtifactSet$.withActiveJobArtifactState(JobArtifactSet.scala:97)
	at org.apache.spark.sql.artifact.ArtifactManager.$anonfun$withResources$1(ArtifactManager.scala:124)
	at org.apache.spark.sql.artifact.ArtifactManager.withClassLoaderIfNeeded(ArtifactManager.scala:118)
	at org.apache.spark.sql.artifact.ArtifactManager.withResources(ArtifactManager.scala:123)
	at org.apache.spark.sql.connect.service.SessionHolder.withSession(SessionHolder.scala:843)
	at org.apache.spark.sql.connect.execution.ExecuteThreadRunner.executeInternal(ExecuteThreadRunner.scala:340)
	at org.apache.spark.sql.connect.execution.ExecuteThreadRunner.$anonfun$execute$1(ExecuteThreadRunner.scala:200)
	at scala.runtime.java8.JFunction0$mcV$sp.apply(JFunction0$mcV$sp.scala:18)
	at com.databricks.spark.connect.service.UtilizationMetrics.recordActiveQueries(UtilizationMetrics.scala:92)
	at com.databricks.spark.connect.service.UtilizationMetrics.recordActiveQueries$(UtilizationMetrics.scala:89)
	at org.apache.spark.sql.connect.execution.ExecuteThreadRunner.recordActiveQueries(ExecuteThreadRunner.scala:61)
	at org.apache.spark.sql.connect.execution.ExecuteThreadRunner.org$apache$spark$sql$connect$execution$ExecuteThreadRunner$$execute(ExecuteThreadRunner.scala:192)
	at org.apache.spark.sql.connect.execution.ExecuteThreadRunner$ExecutionThread.$anonfun$run$3(ExecuteThreadRunner.scala:601)
	at scala.runtime.java8.JFunction0$mcV$sp.apply(JFunction0$mcV$sp.scala:18)
	at com.databricks.spark.util.DBRTracing$.withSpanFromParent(DBRTracing.scala:70)
	at org.apache.spark.sql.connect.execution.ExecuteThreadRunner$ExecutionThread.$anonfun$run$2(ExecuteThreadRunner.scala:601)
	at scala.runtime.java8.JFunction0$mcV$sp.apply(JFunction0$mcV$sp.scala:18)
	at com.databricks.unity.UCSEphemeralState$Handle.runWith(UCSEphemeralState.scala:51)
	at com.databricks.unity.HandleImpl.runWith(UCSHandle.scala:128)
	at com.databricks.unity.HandleImpl.$anonfun$runWithAndClose$1(UCSHandle.scala:133)
	at scala.util.Using$.resource(Using.scala:296)
	at com.databricks.unity.HandleImpl.runWithAndClose(UCSHandle.scala:132)
	at org.apache.spark.sql.connect.execution.ExecuteThreadRunner$ExecutionThread.run(ExecuteThreadRunner.scala:600)
2026-08-03 13:39:44,582 | INFO     | gold.dim_products | Audit for catalog_project1.gold.dim_products written successfully
2026-08-03 13:42:47,826 | INFO     | gold.dim_products | Logging to file: /Workspace/Users/krishnasumanbhaipatel@gmail.com/Practice Folder/lakehouse-practice-project/logs/gold_dim_products_20260803.log
2026-08-03 13:42:47,831 | INFO     | gold.dim_products | Starting Gold pipeline at 2026-08-03 13:42:47.105337
2026-08-03 13:42:48,157 | INFO     | gold.dim_products | Read 11 records from catalog_project1.silver.clean_products table
2026-08-03 13:42:48,386 | INFO     | gold.dim_products | Incremental load from catalog_project1.silver.clean_products table
2026-08-03 13:42:50,580 | INFO     | gold.dim_products | Inserted 0 new records to catalog_project1.gold.dim_products table
2026-08-03 13:42:51,705 | INFO     | gold.dim_products | Incremental load completed for catalog_project1.gold.dim_products
2026-08-03 13:42:51,710 | INFO     | gold.dim_products | Gold pipeline for catalog_project1.gold.dim_products completed successfully
2026-08-03 13:42:53,247 | INFO     | gold.dim_products | Audit for catalog_project1.gold.dim_products written successfully
