2026-07-27 11:34:01,147 | INFO     | silver.clean_customers | Logging to file: /Workspace/Users/krishnasumanbhaipatel@gmail.com/Practice Folder/lakehouse-practice-project/logs/silver_clean_customers_20260727.log
2026-07-27 11:34:01,148 | INFO     | silver.clean_customers | Starting Silver pipeline at 2026-07-27 11:34:01.116412
2026-07-27 11:34:01,460 | INFO     | silver.clean_customers | Reading catalog_project1.bronze.customers table
2026-07-27 11:34:02,611 | INFO     | silver.clean_customers | Read 10 records from catalog_project1.bronze.customers
2026-07-27 11:34:02,613 | INFO     | silver.clean_customers | All required columns exists in the catalog_project1.bronze.customers
2026-07-27 11:34:02,615 | INFO     | silver.clean_customers | Data standardization completed for the catalog_project1.bronze.customers
2026-07-27 11:34:02,616 | INFO     | silver.clean_customers | Data type casting completed for the catalog_project1.bronze.customers
2026-07-27 11:34:03,859 | INFO     | silver.clean_customers | Data validation completed for the catalog_project1.bronze.customers
2026-07-27 11:34:04,315 | INFO     | silver.clean_customers | Deduplication completed for the catalog_project1.bronze.customers
2026-07-27 11:34:04,316 | INFO     | silver.clean_customers | Writing Metadata for the catalog_project1.bronze.customers
2026-07-27 11:34:08,910 | INFO     | silver.clean_customers | Data written to the catalog_project1.silver.clean_customers
2026-07-27 11:34:10,444 | INFO     | silver.clean_customers | Data validation for catalog_project1.silver.clean_customers completed
2026-07-27 11:34:10,445 | INFO     | silver.clean_customers | Silver pipeline for catalog_project1.silver.clean_customers completed successfully
2026-07-27 11:34:12,563 | INFO     | silver.clean_customers | Audit written successfully
2026-07-27 12:12:51,625 | INFO     | silver.clean_customers | Logging to file: /Workspace/Users/krishnasumanbhaipatel@gmail.com/Practice Folder/lakehouse-practice-project/logs/silver_clean_customers_20260727.log
2026-07-27 12:12:51,627 | INFO     | silver.clean_customers | Starting Silver pipeline at 2026-07-27 12:12:51.590350
2026-07-27 12:12:52,185 | INFO     | silver.clean_customers | Reading catalog_project1.bronze.customers table
2026-07-27 12:12:53,684 | INFO     | silver.clean_customers | Read 10 records from catalog_project1.bronze.customers
2026-07-27 12:12:53,685 | INFO     | silver.clean_customers | All required columns exists in the catalog_project1.bronze.customers
2026-07-27 12:12:53,686 | INFO     | silver.clean_customers | Data standardization completed for the catalog_project1.bronze.customers
2026-07-27 12:12:53,688 | INFO     | silver.clean_customers | Data type casting completed for the catalog_project1.bronze.customers
2026-07-27 12:12:54,914 | INFO     | silver.clean_customers | Data validation completed for the catalog_project1.bronze.customers
2026-07-27 12:12:55,405 | INFO     | silver.clean_customers | Deduplication completed for the catalog_project1.bronze.customers
2026-07-27 12:12:56,750 | ERROR    | silver.clean_customers | Silver catalog_project1.silver.clean_customers pipeline failed
Traceback (most recent call last):
  File "/home/spark-b97bafd2-1f8a-40d8-958f-4d/.ipykernel/317/command-8552945258467961-920977766", line 169, in <module>
    add_metadata(cust_latest, CATALOG, BRONZE_SCHEMA, "customers", SILVER_SCHEMA, "clean_customers", pipeline_id, "customer_id", "modified_date")
  File "/Workspace/Users/krishnasumanbhaipatel@gmail.com/Practice Folder/lakehouse-practice-project/src/transformations/silver.py", line 65, in add_metadata
    .execute()
     ^^^^^^^^^
  File "/databricks/python/lib/python3.12/site-packages/delta/connect/tables.py", line 609, in execute
    return self._spark.createDataFrame(df.toPandas())
                                       ^^^^^^^^^^^^^
  File "/databricks/python/lib/python3.12/site-packages/pyspark/sql/connect/dataframe.py", line 1943, in toPandas
    pdf, ei = self._session.client.to_pandas(query, self._plan.observations)
              ^^^^^^^^^^^^^^^^^^^^^^^^^^^^^^^^^^^^^^^^^^^^^^^^^^^^^^^^^^^^^^
  File "/databricks/python/lib/python3.12/site-packages/pyspark/sql/connect/client/core.py", line 1386, in to_pandas
    table, schema, metrics, observed_metrics, _ = self._execute_and_fetch(
                                                  ^^^^^^^^^^^^^^^^^^^^^^^^
  File "/databricks/python/lib/python3.12/site-packages/pyspark/sql/connect/client/core.py", line 2086, in _execute_and_fetch
    for response in self._execute_and_fetch_as_iterator(
  File "/databricks/python/lib/python3.12/site-packages/pyspark/sql/connect/client/core.py", line 2062, in _execute_and_fetch_as_iterator
    self._handle_error(error)
  File "/databricks/python/lib/python3.12/site-packages/pyspark/sql/connect/client/core.py", line 2380, in _handle_error
    self._handle_rpc_error(error)
  File "/databricks/python/lib/python3.12/site-packages/pyspark/sql/connect/client/core.py", line 2458, in _handle_rpc_error
    raise convert_exception(
pyspark.errors.exceptions.connect.AnalysisException: [DELTA_MERGE_UNRESOLVED_EXPRESSION] Cannot resolve t.primary_key in search condition given columns t.customer_id, t.name, t.email, t.city, t.state, t.signup_date, t.created_date, t.modified_date, t._ingestion_job_id, t._source_table, t._ingestion_pipeline_id, t.ingestion_timestamp, t.updation_timestamp, s.customer_id, s.name, s.email, s.city, s.state, s.signup_date, s.created_date, s.modified_date, s._ingestion_job_id, s._source_table, s._ingestion_pipeline_id, s.ingestion_timestamp, s.updation_timestamp.; line 1 pos 0

JVM stacktrace:
com.databricks.sql.transaction.tahoe.DeltaAnalysisException
	at com.databricks.sql.transaction.tahoe.ResolveDeltaMergeInto$.$anonfun$throwIfNotResolved$3(ResolveDeltaMergeInto.scala:57)
	at scala.collection.immutable.List.foreach(List.scala:334)
	at com.databricks.sql.transaction.tahoe.ResolveDeltaMergeInto$.throwIfNotResolved(ResolveDeltaMergeInto.scala:53)
	at com.databricks.sql.transaction.tahoe.ResolveDeltaMergeInto$.$anonfun$resolveOrFail$1(ResolveDeltaMergeInto.scala:74)
	at com.databricks.sql.transaction.tahoe.ResolveDeltaMergeInto$.$anonfun$resolveOrFail$1$adapted(ResolveDeltaMergeInto.scala:74)
	at scala.collection.immutable.List.foreach(List.scala:334)
	at com.databricks.sql.transaction.tahoe.ResolveDeltaMergeInto$.resolveOrFail(ResolveDeltaMergeInto.scala:74)
	at com.databricks.sql.transaction.tahoe.ResolveDeltaMergeInto$.resolveSingleExprOrFail(ResolveDeltaMergeInto.scala:86)
	at com.databricks.sql.transaction.tahoe.ResolveDeltaMergeInto$.resolveReferencesAndSchema(ResolveDeltaMergeInto.scala:937)
	at com.databricks.sql.transaction.tahoe.DeltaAnalysis$$anonfun$apply$1.applyOrElse(DeltaAnalysis.scala:1543)
	at com.databricks.sql.transaction.tahoe.DeltaAnalysis$$anonfun$apply$1.applyOrElse(DeltaAnalysis.scala:166)
	at org.apache.spark.sql.catalyst.plans.logical.AnalysisHelper.$anonfun$resolveOperatorsDownWithPruning$2(AnalysisHelper.scala:201)
	at org.apache.spark.sql.catalyst.trees.CurrentOrigin$.withOrigin(origin.scala:142)
	at org.apache.spark.sql.catalyst.plans.logical.AnalysisHelper.$anonfun$resolveOperatorsDownWithPruning$1(AnalysisHelper.scala:201)
	at org.apache.spark.sql.catalyst.plans.logical.AnalysisHelper$.allowInvokingTransformsInAnalyzer(AnalysisHelper.scala:418)
	at org.apache.spark.sql.catalyst.plans.logical.AnalysisHelper.resolveOperatorsDownWithPruning(AnalysisHelper.scala:199)
	at org.apache.spark.sql.catalyst.plans.logical.AnalysisHelper.resolveOperatorsDownWithPruning$(AnalysisHelper.scala:195)
	at org.apache.spark.sql.catalyst.plans.logical.LogicalPlan.resolveOperatorsDownWithPruning(LogicalPlan.scala:48)
	at org.apache.spark.sql.catalyst.plans.logical.AnalysisHelper.resolveOperatorsDown(AnalysisHelper.scala:191)
	at org.apache.spark.sql.catalyst.plans.logical.AnalysisHelper.resolveOperatorsDown$(AnalysisHelper.scala:190)
	at org.apache.spark.sql.catalyst.plans.logical.LogicalPlan.resolveOperatorsDown(LogicalPlan.scala:48)
	at com.databricks.sql.transaction.tahoe.DeltaAnalysis.apply(DeltaAnalysis.scala:166)
	at com.databricks.sql.transaction.tahoe.DeltaAnalysis.apply(DeltaAnalysis.scala:152)
	at org.apache.spark.sql.catalyst.rules.RuleExecutor.$anonfun$execute$17(RuleExecutor.scala:521)
	at org.apache.spark.sql.catalyst.rules.RecoverableRuleExecutionHelper.processRule(RuleExecutor.scala:675)
	at org.apache.spark.sql.catalyst.rules.RecoverableRuleExecutionHelper.processRule$(RuleExecutor.scala:659)
	at org.apache.spark.sql.catalyst.rules.RuleExecutor.processRule(RuleExecutor.scala:155)
	at org.apache.spark.sql.catalyst.rules.RuleExecutor.$anonfun$execute$16(RuleExecutor.scala:521)
	at com.databricks.spark.util.MemoryTracker$.withThreadAllocatedBytes(MemoryTracker.scala:51)
	at org.apache.spark.sql.catalyst.QueryPlanningTracker$.measureRule(QueryPlanningTracker.scala:450)
	at org.apache.spark.sql.catalyst.rules.RuleExecutor.$anonfun$execute$15(RuleExecutor.scala:519)
	at com.databricks.spark.util.FrameProfiler$.$anonfun$record$1(FrameProfiler.scala:114)
	at com.databricks.spark.util.FrameProfilerExporter$.maybeExportFrameProfiler(FrameProfilerExporter.scala:201)
	at com.databricks.spark.util.FrameProfiler$.record(FrameProfiler.scala:105)
	at org.apache.spark.sql.catalyst.rules.RuleExecutor.$anonfun$execute$14(RuleExecutor.scala:518)
	at scala.collection.LinearSeqOps.foldLeft(LinearSeq.scala:183)
	at scala.collection.LinearSeqOps.foldLeft$(LinearSeq.scala:179)
	at scala.collection.immutable.List.foldLeft(List.scala:79)
	at org.apache.spark.sql.catalyst.rules.RuleExecutor.$anonfun$execute$13(RuleExecutor.scala:510)
	at scala.runtime.java8.JFunction0$mcV$sp.apply(JFunction0$mcV$sp.scala:18)
	at com.databricks.spark.util.FrameProfiler$.$anonfun$record$1(FrameProfiler.scala:114)
	at com.databricks.spark.util.FrameProfilerExporter$.maybeExportFrameProfiler(FrameProfilerExporter.scala:201)
	at com.databricks.spark.util.FrameProfiler$.record(FrameProfiler.scala:105)
	at org.apache.spark.sql.catalyst.rules.RuleExecutor.executeBatch$1(RuleExecutor.scala:484)
	at org.apache.spark.sql.catalyst.rules.RuleExecutor.$anonfun$execute$23(RuleExecutor.scala:631)
	at org.apache.spark.sql.catalyst.rules.RuleExecutor.$anonfun$execute$23$adapted(RuleExecutor.scala:631)
	at scala.collection.immutable.List.foreach(List.scala:334)
	at org.apache.spark.sql.catalyst.rules.RuleExecutor.$anonfun$execute$1(RuleExecutor.scala:631)
	at com.databricks.spark.util.FrameProfiler$.$anonfun$record$1(FrameProfiler.scala:114)
	at com.databricks.spark.util.FrameProfilerExporter$.maybeExportFrameProfiler(FrameProfilerExporter.scala:201)
	at com.databricks.spark.util.FrameProfiler$.record(FrameProfiler.scala:105)
	at org.apache.spark.sql.catalyst.rules.RuleExecutor.execute(RuleExecutor.scala:377)
	at org.apache.spark.sql.catalyst.analysis.Analyzer.super$execute(Analyzer.scala:728)
	at org.apache.spark.sql.catalyst.analysis.Analyzer.$anonfun$executeSameContext$1(Analyzer.scala:728)
	at com.databricks.sql.unity.SAMSnapshotHelper$.visitPlansDuringAnalysis(SAMSnapshotHelper.scala:43)
	at org.apache.spark.sql.catalyst.analysis.Analyzer.executeSameContext(Analyzer.scala:727)
	at org.apache.spark.sql.catalyst.analysis.Analyzer.$anonfun$execute$1(Analyzer.scala:700)
	at org.apache.spark.sql.catalyst.analysis.AnalysisContext$.withNewAnalysisContext(Analyzer.scala:520)
	at org.apache.spark.sql.catalyst.analysis.Analyzer.execute(Analyzer.scala:700)
	at org.apache.spark.sql.catalyst.analysis.Analyzer.execute(Analyzer.scala:610)
	at org.apache.spark.sql.catalyst.rules.RuleExecutor.$anonfun$executeAndTrack$1(RuleExecutor.scala:365)
	at org.apache.spark.sql.catalyst.QueryPlanningTracker$.withTracker(QueryPlanningTracker.scala:275)
	at org.apache.spark.sql.catalyst.rules.RuleExecutor.executeAndTrack(RuleExecutor.scala:365)
	at org.apache.spark.sql.catalyst.analysis.resolver.HybridAnalyzer.resolveInFixedPoint(HybridAnalyzer.scala:415)
	at org.apache.spark.sql.catalyst.analysis.resolver.HybridAnalyzer.$anonfun$apply$1(HybridAnalyzer.scala:98)
	at org.apache.spark.sql.catalyst.analysis.resolver.HybridAnalyzer.withTrackedAnalyzerBridgeState(HybridAnalyzer.scala:135)
	at org.apache.spark.sql.catalyst.analysis.resolver.HybridAnalyzer.apply(HybridAnalyzer.scala:91)
	at org.apache.spark.sql.catalyst.analysis.Analyzer.$anonfun$executeAndCheck$2(Analyzer.scala:677)
	at org.apache.spark.sql.catalyst.plans.logical.AnalysisHelper$.markInAnalyzer(AnalysisHelper.scala:425)
	at org.apache.spark.sql.catalyst.analysis.Analyzer.$anonfun$executeAndCheck$1(Analyzer.scala:677)
	at com.databricks.sql.unity.SAMSnapshotHelper$.visitPlansDuringAnalysis(SAMSnapshotHelper.scala:43)
	at org.apache.spark.sql.catalyst.analysis.Analyzer.executeAndCheck(Analyzer.scala:666)
	at org.apache.spark.sql.execution.QueryExecution.$anonfun$lazyAnalyzed$3(QueryExecution.scala:607)
	at com.databricks.spark.util.FrameProfiler$.$anonfun$record$1(FrameProfiler.scala:114)
	at com.databricks.spark.util.FrameProfilerExporter$.maybeExportFrameProfiler(FrameProfilerExporter.scala:201)
	at com.databricks.spark.util.FrameProfiler$.record(FrameProfiler.scala:105)
	at org.apache.spark.sql.catalyst.QueryPlanningTracker.measurePhase(QueryPlanningTracker.scala:1021)
	at org.apache.spark.sql.execution.QueryExecution.$anonfun$executePhase$8(QueryExecution.scala:1073)
	at org.apache.spark.sql.execution.SQLExecution$.$anonfun$withExecutionPhase$1(SQLExecution.scala:335)
	at com.databricks.logging.AttributionContext$.$anonfun$withValue$1(AttributionContext.scala:349)
	at scala.util.DynamicVariable.withValue(DynamicVariable.scala:59)
	at com.databricks.logging.AttributionContext$.withValue(AttributionContext.scala:345)
	at com.databricks.util.TracingSpanUtils$.$anonfun$withTracing$4(TracingSpanUtils.scala:247)
	at com.databricks.util.TracingSpanUtils$.withTracing(TracingSpanUtils.scala:100)
	at com.databricks.util.TracingSpanUtils$.withTracing(TracingSpanUtils.scala:245)
	at com.databricks.spark.util.DatabricksTracingHelper.withSpan(DatabricksSparkTracingHelper.scala:154)
	at com.databricks.spark.util.DBRTracing$.withSpan(DBRTracing.scala:87)
	at org.apache.spark.sql.execution.SQLExecution$.withExecutionPhase(SQLExecution.scala:316)
	at org.apache.spark.sql.execution.QueryExecution.$anonfun$executePhase$7(QueryExecution.scala:1073)
	at org.apache.spark.sql.execution.QueryExecution$.withInternalError(QueryExecution.scala:1822)
	at org.apache.spark.sql.execution.QueryExecution.$anonfun$executePhase$5(QueryExecution.scala:1066)
	at com.databricks.util.LexicalThreadLocal$Handle.runWith(LexicalThreadLocal.scala:63)
	at org.apache.spark.sql.execution.QueryExecution.$anonfun$executePhase$4(QueryExecution.scala:1063)
	at com.databricks.util.LexicalThreadLocal$Handle.runWith(LexicalThreadLocal.scala:63)
	at org.apache.spark.sql.execution.QueryExecution.$anonfun$executePhase$3(QueryExecution.scala:1063)
	at com.databricks.util.LexicalThreadLocal$Handle.runWith(LexicalThreadLocal.scala:63)
	at org.apache.spark.sql.execution.QueryExecution.$anonfun$executePhase$2(QueryExecution.scala:1062)
	at com.databricks.util.LexicalThreadLocal$Handle.runWith(LexicalThreadLocal.scala:63)
	at org.apache.spark.sql.execution.QueryExecution.localBlock$1(QueryExecution.scala:1043)
	at org.apache.spark.sql.execution.QueryExecution.$anonfun$withQueryExecutionId$4(QueryExecution.scala:1053)
	at com.databricks.unity.UCSManager$.withTemporaryScope(UCSManager.scala:168)
	at org.apache.spark.sql.execution.QueryExecution.$anonfun$withQueryExecutionId$3(QueryExecution.scala:1052)
	at org.apache.spark.sql.execution.QueryExecution$.$anonfun$runWithWrappers$2(QueryExecution.scala:2075)
	at org.apache.spark.sql.execution.QueryExecution$.org$apache$spark$sql$execution$QueryExecution$$runWithWrappers(QueryExecution.scala:2074)
	at org.apache.spark.sql.execution.QueryExecution.withQueryExecutionId(QueryExecution.scala:1053)
	at org.apache.spark.sql.execution.QueryExecution.$anonfun$executePhase$1(QueryExecution.scala:1061)
	at org.apache.spark.sql.SparkSession.withActive(SparkSession.scala:866)
	at org.apache.spark.sql.execution.QueryExecution.executePhase(QueryExecution.scala:1060)
	at org.apache.spark.sql.execution.QueryExecution.$anonfun$lazyAnalyzed$2(QueryExecution.scala:598)
	at com.databricks.sql.util.MemoryTrackerHelper.withMemoryTracking(MemoryTrackerHelper.scala:111)
	at org.apache.spark.sql.execution.QueryExecution.$anonfun$lazyAnalyzed$1(QueryExecution.scala:597)
	at scala.util.Try$.apply(Try.scala:217)
	at org.apache.spark.util.Utils$.doTryWithCallerStacktrace(Utils.scala:1796)
	at org.apache.spark.util.Utils$.getTryWithCallerStacktrace(Utils.scala:1846)
	at org.apache.spark.util.LazyTry.get(LazyTry.scala:78)
	at org.apache.spark.sql.execution.QueryExecution.analyzed(QueryExecution.scala:661)
	at org.apache.spark.sql.execution.QueryExecution.assertAnalyzed(QueryExecution.scala:520)
	at org.apache.spark.sql.classic.Dataset$.$anonfun$ofRows$13(Dataset.scala:256)
	at org.apache.spark.sql.SparkSession.withActive(SparkSession.scala:866)
	at org.apache.spark.sql.classic.Dataset$.ofRows(Dataset.scala:253)
	at org.apache.spark.sql.connect.execution.SparkConnectPlanExecution.$anonfun$handlePlan$11(SparkConnectPlanExecution.scala:149)
	at org.apache.spark.sql.connect.utils.TimingUtils$.withTiming(TimingUtils.scala:35)
	at org.apache.spark.sql.connect.execution.SparkConnectPlanExecution.handlePlan(SparkConnectPlanExecution.scala:144)
	at org.apache.spark.sql.connect.execution.ExecuteThreadRunner.handlePlan(ExecuteThreadRunner.scala:522)
	at org.apache.spark.sql.connect.execution.ExecuteThreadRunner.$anonfun$executeInternal$1(ExecuteThreadRunner.scala:421)
	at org.apache.spark.sql.connect.execution.ExecuteThreadRunner.$anonfun$executeInternal$1$adapted(ExecuteThreadRunner.scala:340)
	at org.apache.spark.sql.connect.service.SessionHolder.$anonfun$withSession$2(SessionHolder.scala:844)
	at org.apache.spark.sql.SparkSession.withActive(SparkSession.scala:866)
	at org.apache.spark.sql.connect.service.SessionHolder.$anonfun$withSession$1(SessionHolder.scala:844)
	at org.apache.spark.JobArtifactSet$.withActiveJobArtifactState(JobArtifactSet.scala:97)
	at org.apache.spark.sql.artifact.ArtifactManager.$anonfun$withResources$1(ArtifactManager.scala:124)
	at org.apache.spark.sql.artifact.ArtifactManager.withClassLoaderIfNeeded(ArtifactManager.scala:118)
	at org.apache.spark.sql.artifact.ArtifactManager.withResources(ArtifactManager.scala:123)
	at org.apache.spark.sql.connect.service.SessionHolder.withSession(SessionHolder.scala:843)
	at org.apache.spark.sql.connect.execution.ExecuteThreadRunner.executeInternal(ExecuteThreadRunner.scala:340)
	at org.apache.spark.sql.connect.execution.ExecuteThreadRunner.$anonfun$execute$1(ExecuteThreadRunner.scala:200)
	at scala.runtime.java8.JFunction0$mcV$sp.apply(JFunction0$mcV$sp.scala:18)
	at com.databricks.spark.connect.service.UtilizationMetrics.recordActiveQueries(UtilizationMetrics.scala:92)
	at com.databricks.spark.connect.service.UtilizationMetrics.recordActiveQueries$(UtilizationMetrics.scala:89)
	at org.apache.spark.sql.connect.execution.ExecuteThreadRunner.recordActiveQueries(ExecuteThreadRunner.scala:61)
	at org.apache.spark.sql.connect.execution.ExecuteThreadRunner.org$apache$spark$sql$connect$execution$ExecuteThreadRunner$$execute(ExecuteThreadRunner.scala:192)
	at org.apache.spark.sql.connect.execution.ExecuteThreadRunner$ExecutionThread.$anonfun$run$3(ExecuteThreadRunner.scala:601)
	at scala.runtime.java8.JFunction0$mcV$sp.apply(JFunction0$mcV$sp.scala:18)
	at com.databricks.logging.AttributionContext$.$anonfun$withValue$1(AttributionContext.scala:349)
	at scala.util.DynamicVariable.withValue(DynamicVariable.scala:59)
	at com.databricks.logging.AttributionContext$.withValue(AttributionContext.scala:345)
	at com.databricks.spark.util.DatabricksTracingHelper.$anonfun$withSpanFromParent$4(DatabricksSparkTracingHelper.scala:106)
	at com.databricks.util.TracingSpanUtils$.withTracing(TracingSpanUtils.scala:100)
	at com.databricks.spark.util.DatabricksTracingHelper.withSpanFromParent(DatabricksSparkTracingHelper.scala:104)
	at com.databricks.spark.util.DBRTracing$.withSpanFromParent(DBRTracing.scala:68)
	at org.apache.spark.sql.connect.execution.ExecuteThreadRunner$ExecutionThread.$anonfun$run$2(ExecuteThreadRunner.scala:601)
	at scala.runtime.java8.JFunction0$mcV$sp.apply(JFunction0$mcV$sp.scala:18)
	at com.databricks.unity.UCSEphemeralState$Handle.runWith(UCSEphemeralState.scala:51)
	at com.databricks.unity.HandleImpl.runWith(UCSHandle.scala:128)
	at com.databricks.unity.HandleImpl.$anonfun$runWithAndClose$1(UCSHandle.scala:133)
	at scala.util.Using$.resource(Using.scala:296)
	at com.databricks.unity.HandleImpl.runWithAndClose(UCSHandle.scala:132)
	at org.apache.spark.sql.connect.execution.ExecuteThreadRunner$ExecutionThread.run(ExecuteThreadRunner.scala:600)
2026-07-27 12:12:56,754 | INFO     | silver.clean_customers | Silver pipeline for catalog_project1.silver.clean_customers completed successfully
2026-07-27 12:12:59,541 | INFO     | silver.clean_customers | Audit written successfully
2026-07-27 12:15:29,656 | INFO     | silver.clean_customers | Logging to file: /Workspace/Users/krishnasumanbhaipatel@gmail.com/Practice Folder/lakehouse-practice-project/logs/silver_clean_customers_20260727.log
2026-07-27 12:15:29,657 | INFO     | silver.clean_customers | Starting Silver pipeline at 2026-07-27 12:15:29.628634
2026-07-27 12:15:30,246 | INFO     | silver.clean_customers | Reading catalog_project1.bronze.customers table
2026-07-27 12:15:31,530 | INFO     | silver.clean_customers | Read 10 records from catalog_project1.bronze.customers
2026-07-27 12:15:31,531 | INFO     | silver.clean_customers | All required columns exists in the catalog_project1.bronze.customers
2026-07-27 12:15:31,533 | INFO     | silver.clean_customers | Data standardization completed for the catalog_project1.bronze.customers
2026-07-27 12:15:31,534 | INFO     | silver.clean_customers | Data type casting completed for the catalog_project1.bronze.customers
2026-07-27 12:15:32,494 | INFO     | silver.clean_customers | Data validation completed for the catalog_project1.bronze.customers
2026-07-27 12:15:32,894 | INFO     | silver.clean_customers | Deduplication completed for the catalog_project1.bronze.customers
2026-07-27 12:15:34,154 | ERROR    | silver.clean_customers | Silver catalog_project1.silver.clean_customers pipeline failed: [DELTA_MERGE_UNRESOLVED_EXPRESSION] Cannot resolve t.primary_key in search condition given columns t.customer_id, t.name, t.email, t.city, t.state, t.signup_date, t.created_date, t.modified_date, t._ingestion_job_id, t._source_table, t._ingestion_pipeline_id, t.ingestion_timestamp, t.updation_timestamp, s.customer_id, s.name, s.email, s.city, s.state, s.signup_date, s.created_date, s.modified_date, s._ingestion_job_id, s._source_table, s._ingestion_pipeline_id, s.ingestion_timestamp, s.updation_timestamp.; line 1 pos 0

JVM stacktrace:
com.databricks.sql.transaction.tahoe.DeltaAnalysisException
	at com.databricks.sql.transaction.tahoe.ResolveDeltaMergeInto$.$anonfun$throwIfNotResolved$3(ResolveDeltaMergeInto.scala:57)
	at scala.collection.immutable.List.foreach(List.scala:334)
	at com.databricks.sql.transaction.tahoe.ResolveDeltaMergeInto$.throwIfNotResolved(ResolveDeltaMergeInto.scala:53)
	at com.databricks.sql.transaction.tahoe.ResolveDeltaMergeInto$.$anonfun$resolveOrFail$1(ResolveDeltaMergeInto.scala:74)
	at com.databricks.sql.transaction.tahoe.ResolveDeltaMergeInto$.$anonfun$resolveOrFail$1$adapted(ResolveDeltaMergeInto.scala:74)
	at scala.collection.immutable.List.foreach(List.scala:334)
	at com.databricks.sql.transaction.tahoe.ResolveDeltaMergeInto$.resolveOrFail(ResolveDeltaMergeInto.scala:74)
	at com.databricks.sql.transaction.tahoe.ResolveDeltaMergeInto$.resolveSingleExprOrFail(ResolveDeltaMergeInto.scala:86)
	at com.databricks.sql.transaction.tahoe.ResolveDeltaMergeInto$.resolveReferencesAndSchema(ResolveDeltaMergeInto.scala:937)
	at com.databricks.sql.transaction.tahoe.DeltaAnalysis$$anonfun$apply$1.applyOrElse(DeltaAnalysis.scala:1543)
	at com.databricks.sql.transaction.tahoe.DeltaAnalysis$$anonfun$apply$1.applyOrElse(DeltaAnalysis.scala:166)
	at org.apache.spark.sql.catalyst.plans.logical.AnalysisHelper.$anonfun$resolveOperatorsDownWithPruning$2(AnalysisHelper.scala:201)
	at org.apache.spark.sql.catalyst.trees.CurrentOrigin$.withOrigin(origin.scala:142)
	at org.apache.spark.sql.catalyst.plans.logical.AnalysisHelper.$anonfun$resolveOperatorsDownWithPruning$1(AnalysisHelper.scala:201)
	at org.apache.spark.sql.catalyst.plans.logical.AnalysisHelper$.allowInvokingTransformsInAnalyzer(AnalysisHelper.scala:418)
	at org.apache.spark.sql.catalyst.plans.logical.AnalysisHelper.resolveOperatorsDownWithPruning(AnalysisHelper.scala:199)
	at org.apache.spark.sql.catalyst.plans.logical.AnalysisHelper.resolveOperatorsDownWithPruning$(AnalysisHelper.scala:195)
	at org.apache.spark.sql.catalyst.plans.logical.LogicalPlan.resolveOperatorsDownWithPruning(LogicalPlan.scala:48)
	at org.apache.spark.sql.catalyst.plans.logical.AnalysisHelper.resolveOperatorsDown(AnalysisHelper.scala:191)
	at org.apache.spark.sql.catalyst.plans.logical.AnalysisHelper.resolveOperatorsDown$(AnalysisHelper.scala:190)
	at org.apache.spark.sql.catalyst.plans.logical.LogicalPlan.resolveOperatorsDown(LogicalPlan.scala:48)
	at com.databricks.sql.transaction.tahoe.DeltaAnalysis.apply(DeltaAnalysis.scala:166)
	at com.databricks.sql.transaction.tahoe.DeltaAnalysis.apply(DeltaAnalysis.scala:152)
	at org.apache.spark.sql.catalyst.rules.RuleExecutor.$anonfun$execute$17(RuleExecutor.scala:521)
	at org.apache.spark.sql.catalyst.rules.RecoverableRuleExecutionHelper.processRule(RuleExecutor.scala:675)
	at org.apache.spark.sql.catalyst.rules.RecoverableRuleExecutionHelper.processRule$(RuleExecutor.scala:659)
	at org.apache.spark.sql.catalyst.rules.RuleExecutor.processRule(RuleExecutor.scala:155)
	at org.apache.spark.sql.catalyst.rules.RuleExecutor.$anonfun$execute$16(RuleExecutor.scala:521)
	at com.databricks.spark.util.MemoryTracker$.withThreadAllocatedBytes(MemoryTracker.scala:51)
	at org.apache.spark.sql.catalyst.QueryPlanningTracker$.measureRule(QueryPlanningTracker.scala:450)
	at org.apache.spark.sql.catalyst.rules.RuleExecutor.$anonfun$execute$15(RuleExecutor.scala:519)
	at com.databricks.spark.util.FrameProfiler$.$anonfun$record$1(FrameProfiler.scala:114)
	at com.databricks.spark.util.FrameProfilerExporter$.maybeExportFrameProfiler(FrameProfilerExporter.scala:201)
	at com.databricks.spark.util.FrameProfiler$.record(FrameProfiler.scala:105)
	at org.apache.spark.sql.catalyst.rules.RuleExecutor.$anonfun$execute$14(RuleExecutor.scala:518)
	at scala.collection.LinearSeqOps.foldLeft(LinearSeq.scala:183)
	at scala.collection.LinearSeqOps.foldLeft$(LinearSeq.scala:179)
	at scala.collection.immutable.List.foldLeft(List.scala:79)
	at org.apache.spark.sql.catalyst.rules.RuleExecutor.$anonfun$execute$13(RuleExecutor.scala:510)
	at scala.runtime.java8.JFunction0$mcV$sp.apply(JFunction0$mcV$sp.scala:18)
	at com.databricks.spark.util.FrameProfiler$.$anonfun$record$1(FrameProfiler.scala:114)
	at com.databricks.spark.util.FrameProfilerExporter$.maybeExportFrameProfiler(FrameProfilerExporter.scala:201)
	at com.databricks.spark.util.FrameProfiler$.record(FrameProfiler.scala:105)
	at org.apache.spark.sql.catalyst.rules.RuleExecutor.executeBatch$1(RuleExecutor.scala:484)
	at org.apache.spark.sql.catalyst.rules.RuleExecutor.$anonfun$execute$23(RuleExecutor.scala:631)
	at org.apache.spark.sql.catalyst.rules.RuleExecutor.$anonfun$execute$23$adapted(RuleExecutor.scala:631)
	at scala.collection.immutable.List.foreach(List.scala:334)
	at org.apache.spark.sql.catalyst.rules.RuleExecutor.$anonfun$execute$1(RuleExecutor.scala:631)
	at com.databricks.spark.util.FrameProfiler$.$anonfun$record$1(FrameProfiler.scala:114)
	at com.databricks.spark.util.FrameProfilerExporter$.maybeExportFrameProfiler(FrameProfilerExporter.scala:201)
	at com.databricks.spark.util.FrameProfiler$.record(FrameProfiler.scala:105)
	at org.apache.spark.sql.catalyst.rules.RuleExecutor.execute(RuleExecutor.scala:377)
	at org.apache.spark.sql.catalyst.analysis.Analyzer.super$execute(Analyzer.scala:728)
	at org.apache.spark.sql.catalyst.analysis.Analyzer.$anonfun$executeSameContext$1(Analyzer.scala:728)
	at com.databricks.sql.unity.SAMSnapshotHelper$.visitPlansDuringAnalysis(SAMSnapshotHelper.scala:43)
	at org.apache.spark.sql.catalyst.analysis.Analyzer.executeSameContext(Analyzer.scala:727)
	at org.apache.spark.sql.catalyst.analysis.Analyzer.$anonfun$execute$1(Analyzer.scala:700)
	at org.apache.spark.sql.catalyst.analysis.AnalysisContext$.withNewAnalysisContext(Analyzer.scala:520)
	at org.apache.spark.sql.catalyst.analysis.Analyzer.execute(Analyzer.scala:700)
	at org.apache.spark.sql.catalyst.analysis.Analyzer.execute(Analyzer.scala:610)
	at org.apache.spark.sql.catalyst.rules.RuleExecutor.$anonfun$executeAndTrack$1(RuleExecutor.scala:365)
	at org.apache.spark.sql.catalyst.QueryPlanningTracker$.withTracker(QueryPlanningTracker.scala:275)
	at org.apache.spark.sql.catalyst.rules.RuleExecutor.executeAndTrack(RuleExecutor.scala:365)
	at org.apache.spark.sql.catalyst.analysis.resolver.HybridAnalyzer.resolveInFixedPoint(HybridAnalyzer.scala:415)
	at org.apache.spark.sql.catalyst.analysis.resolver.HybridAnalyzer.$anonfun$apply$1(HybridAnalyzer.scala:98)
	at org.apache.spark.sql.catalyst.analysis.resolver.HybridAnalyzer.withTrackedAnalyzerBridgeState(HybridAnalyzer.scala:135)
	at org.apache.spark.sql.catalyst.analysis.resolver.HybridAnalyzer.apply(HybridAnalyzer.scala:91)
	at org.apache.spark.sql.catalyst.analysis.Analyzer.$anonfun$executeAndCheck$2(Analyzer.scala:677)
	at org.apache.spark.sql.catalyst.plans.logical.AnalysisHelper$.markInAnalyzer(AnalysisHelper.scala:425)
	at org.apache.spark.sql.catalyst.analysis.Analyzer.$anonfun$executeAndCheck$1(Analyzer.scala:677)
	at com.databricks.sql.unity.SAMSnapshotHelper$.visitPlansDuringAnalysis(SAMSnapshotHelper.scala:43)
	at org.apache.spark.sql.catalyst.analysis.Analyzer.executeAndCheck(Analyzer.scala:666)
	at org.apache.spark.sql.execution.QueryExecution.$anonfun$lazyAnalyzed$3(QueryExecution.scala:607)
	at com.databricks.spark.util.FrameProfiler$.$anonfun$record$1(FrameProfiler.scala:114)
	at com.databricks.spark.util.FrameProfilerExporter$.maybeExportFrameProfiler(FrameProfilerExporter.scala:201)
	at com.databricks.spark.util.FrameProfiler$.record(FrameProfiler.scala:105)
	at org.apache.spark.sql.catalyst.QueryPlanningTracker.measurePhase(QueryPlanningTracker.scala:1021)
	at org.apache.spark.sql.execution.QueryExecution.$anonfun$executePhase$8(QueryExecution.scala:1073)
	at org.apache.spark.sql.execution.SQLExecution$.$anonfun$withExecutionPhase$1(SQLExecution.scala:335)
	at com.databricks.util.TracingSpanUtils$.withTracing(TracingSpanUtils.scala:251)
	at com.databricks.spark.util.DatabricksTracingHelper.withSpan(DatabricksSparkTracingHelper.scala:154)
	at com.databricks.spark.util.DBRTracing$.withSpan(DBRTracing.scala:87)
	at org.apache.spark.sql.execution.SQLExecution$.withExecutionPhase(SQLExecution.scala:316)
	at org.apache.spark.sql.execution.QueryExecution.$anonfun$executePhase$7(QueryExecution.scala:1073)
	at org.apache.spark.sql.execution.QueryExecution$.withInternalError(QueryExecution.scala:1822)
	at org.apache.spark.sql.execution.QueryExecution.$anonfun$executePhase$5(QueryExecution.scala:1066)
	at com.databricks.util.LexicalThreadLocal$Handle.runWith(LexicalThreadLocal.scala:63)
	at org.apache.spark.sql.execution.QueryExecution.$anonfun$executePhase$4(QueryExecution.scala:1063)
	at com.databricks.util.LexicalThreadLocal$Handle.runWith(LexicalThreadLocal.scala:63)
	at org.apache.spark.sql.execution.QueryExecution.$anonfun$executePhase$3(QueryExecution.scala:1063)
	at com.databricks.util.LexicalThreadLocal$Handle.runWith(LexicalThreadLocal.scala:63)
	at org.apache.spark.sql.execution.QueryExecution.$anonfun$executePhase$2(QueryExecution.scala:1062)
	at com.databricks.util.LexicalThreadLocal$Handle.runWith(LexicalThreadLocal.scala:63)
	at org.apache.spark.sql.execution.QueryExecution.localBlock$1(QueryExecution.scala:1043)
	at org.apache.spark.sql.execution.QueryExecution.$anonfun$withQueryExecutionId$4(QueryExecution.scala:1053)
	at com.databricks.unity.UCSManager$.withTemporaryScope(UCSManager.scala:168)
	at org.apache.spark.sql.execution.QueryExecution.$anonfun$withQueryExecutionId$3(QueryExecution.scala:1052)
	at org.apache.spark.sql.execution.QueryExecution$.$anonfun$runWithWrappers$2(QueryExecution.scala:2075)
	at org.apache.spark.sql.execution.QueryExecution$.org$apache$spark$sql$execution$QueryExecution$$runWithWrappers(QueryExecution.scala:2074)
	at org.apache.spark.sql.execution.QueryExecution.withQueryExecutionId(QueryExecution.scala:1053)
	at org.apache.spark.sql.execution.QueryExecution.$anonfun$executePhase$1(QueryExecution.scala:1061)
	at org.apache.spark.sql.SparkSession.withActive(SparkSession.scala:866)
	at org.apache.spark.sql.execution.QueryExecution.executePhase(QueryExecution.scala:1060)
	at org.apache.spark.sql.execution.QueryExecution.$anonfun$lazyAnalyzed$2(QueryExecution.scala:598)
	at com.databricks.sql.util.MemoryTrackerHelper.withMemoryTracking(MemoryTrackerHelper.scala:111)
	at org.apache.spark.sql.execution.QueryExecution.$anonfun$lazyAnalyzed$1(QueryExecution.scala:597)
	at scala.util.Try$.apply(Try.scala:217)
	at org.apache.spark.util.Utils$.doTryWithCallerStacktrace(Utils.scala:1796)
	at org.apache.spark.util.Utils$.getTryWithCallerStacktrace(Utils.scala:1846)
	at org.apache.spark.util.LazyTry.get(LazyTry.scala:78)
	at org.apache.spark.sql.execution.QueryExecution.analyzed(QueryExecution.scala:661)
	at org.apache.spark.sql.execution.QueryExecution.assertAnalyzed(QueryExecution.scala:520)
	at org.apache.spark.sql.classic.Dataset$.$anonfun$ofRows$13(Dataset.scala:256)
	at org.apache.spark.sql.SparkSession.withActive(SparkSession.scala:866)
	at org.apache.spark.sql.classic.Dataset$.ofRows(Dataset.scala:253)
	at org.apache.spark.sql.connect.execution.SparkConnectPlanExecution.$anonfun$handlePlan$11(SparkConnectPlanExecution.scala:149)
	at org.apache.spark.sql.connect.utils.TimingUtils$.withTiming(TimingUtils.scala:35)
	at org.apache.spark.sql.connect.execution.SparkConnectPlanExecution.handlePlan(SparkConnectPlanExecution.scala:144)
	at org.apache.spark.sql.connect.execution.ExecuteThreadRunner.handlePlan(ExecuteThreadRunner.scala:522)
	at org.apache.spark.sql.connect.execution.ExecuteThreadRunner.$anonfun$executeInternal$1(ExecuteThreadRunner.scala:421)
	at org.apache.spark.sql.connect.execution.ExecuteThreadRunner.$anonfun$executeInternal$1$adapted(ExecuteThreadRunner.scala:340)
	at org.apache.spark.sql.connect.service.SessionHolder.$anonfun$withSession$2(SessionHolder.scala:844)
	at org.apache.spark.sql.SparkSession.withActive(SparkSession.scala:866)
	at org.apache.spark.sql.connect.service.SessionHolder.$anonfun$withSession$1(SessionHolder.scala:844)
	at org.apache.spark.JobArtifactSet$.withActiveJobArtifactState(JobArtifactSet.scala:97)
	at org.apache.spark.sql.artifact.ArtifactManager.$anonfun$withResources$1(ArtifactManager.scala:124)
	at org.apache.spark.sql.artifact.ArtifactManager.withClassLoaderIfNeeded(ArtifactManager.scala:118)
	at org.apache.spark.sql.artifact.ArtifactManager.withResources(ArtifactManager.scala:123)
	at org.apache.spark.sql.connect.service.SessionHolder.withSession(SessionHolder.scala:843)
	at org.apache.spark.sql.connect.execution.ExecuteThreadRunner.executeInternal(ExecuteThreadRunner.scala:340)
	at org.apache.spark.sql.connect.execution.ExecuteThreadRunner.$anonfun$execute$1(ExecuteThreadRunner.scala:200)
	at scala.runtime.java8.JFunction0$mcV$sp.apply(JFunction0$mcV$sp.scala:18)
	at com.databricks.spark.connect.service.UtilizationMetrics.recordActiveQueries(UtilizationMetrics.scala:92)
	at com.databricks.spark.connect.service.UtilizationMetrics.recordActiveQueries$(UtilizationMetrics.scala:89)
	at org.apache.spark.sql.connect.execution.ExecuteThreadRunner.recordActiveQueries(ExecuteThreadRunner.scala:61)
	at org.apache.spark.sql.connect.execution.ExecuteThreadRunner.org$apache$spark$sql$connect$execution$ExecuteThreadRunner$$execute(ExecuteThreadRunner.scala:192)
	at org.apache.spark.sql.connect.execution.ExecuteThreadRunner$ExecutionThread.$anonfun$run$3(ExecuteThreadRunner.scala:601)
	at scala.runtime.java8.JFunction0$mcV$sp.apply(JFunction0$mcV$sp.scala:18)
	at com.databricks.spark.util.DBRTracing$.withSpanFromParent(DBRTracing.scala:70)
	at org.apache.spark.sql.connect.execution.ExecuteThreadRunner$ExecutionThread.$anonfun$run$2(ExecuteThreadRunner.scala:601)
	at scala.runtime.java8.JFunction0$mcV$sp.apply(JFunction0$mcV$sp.scala:18)
	at com.databricks.unity.UCSEphemeralState$Handle.runWith(UCSEphemeralState.scala:51)
	at com.databricks.unity.HandleImpl.runWith(UCSHandle.scala:128)
	at com.databricks.unity.HandleImpl.$anonfun$runWithAndClose$1(UCSHandle.scala:133)
	at scala.util.Using$.resource(Using.scala:296)
	at com.databricks.unity.HandleImpl.runWithAndClose(UCSHandle.scala:132)
	at org.apache.spark.sql.connect.execution.ExecuteThreadRunner$ExecutionThread.run(ExecuteThreadRunner.scala:600)
Traceback (most recent call last):
  File "/home/spark-b97bafd2-1f8a-40d8-958f-4d/.ipykernel/317/command-8552945258467961-3527307838", line 169, in <module>
    add_metadata(cust_latest, CATALOG, BRONZE_SCHEMA, "customers", SILVER_SCHEMA, "clean_customers", pipeline_id, "customer_id", "modified_date")
  File "/Workspace/Users/krishnasumanbhaipatel@gmail.com/Practice Folder/lakehouse-practice-project/src/transformations/silver.py", line 65, in add_metadata
    .execute()
     ^^^^^^^^^
  File "/databricks/python/lib/python3.12/site-packages/delta/connect/tables.py", line 609, in execute
    return self._spark.createDataFrame(df.toPandas())
                                       ^^^^^^^^^^^^^
  File "/databricks/python/lib/python3.12/site-packages/pyspark/sql/connect/dataframe.py", line 1943, in toPandas
    pdf, ei = self._session.client.to_pandas(query, self._plan.observations)
              ^^^^^^^^^^^^^^^^^^^^^^^^^^^^^^^^^^^^^^^^^^^^^^^^^^^^^^^^^^^^^^
  File "/databricks/python/lib/python3.12/site-packages/pyspark/sql/connect/client/core.py", line 1386, in to_pandas
    table, schema, metrics, observed_metrics, _ = self._execute_and_fetch(
                                                  ^^^^^^^^^^^^^^^^^^^^^^^^
  File "/databricks/python/lib/python3.12/site-packages/pyspark/sql/connect/client/core.py", line 2086, in _execute_and_fetch
    for response in self._execute_and_fetch_as_iterator(
  File "/databricks/python/lib/python3.12/site-packages/pyspark/sql/connect/client/core.py", line 2062, in _execute_and_fetch_as_iterator
    self._handle_error(error)
  File "/databricks/python/lib/python3.12/site-packages/pyspark/sql/connect/client/core.py", line 2380, in _handle_error
    self._handle_rpc_error(error)
  File "/databricks/python/lib/python3.12/site-packages/pyspark/sql/connect/client/core.py", line 2458, in _handle_rpc_error
    raise convert_exception(
pyspark.errors.exceptions.connect.AnalysisException: [DELTA_MERGE_UNRESOLVED_EXPRESSION] Cannot resolve t.primary_key in search condition given columns t.customer_id, t.name, t.email, t.city, t.state, t.signup_date, t.created_date, t.modified_date, t._ingestion_job_id, t._source_table, t._ingestion_pipeline_id, t.ingestion_timestamp, t.updation_timestamp, s.customer_id, s.name, s.email, s.city, s.state, s.signup_date, s.created_date, s.modified_date, s._ingestion_job_id, s._source_table, s._ingestion_pipeline_id, s.ingestion_timestamp, s.updation_timestamp.; line 1 pos 0

JVM stacktrace:
com.databricks.sql.transaction.tahoe.DeltaAnalysisException
	at com.databricks.sql.transaction.tahoe.ResolveDeltaMergeInto$.$anonfun$throwIfNotResolved$3(ResolveDeltaMergeInto.scala:57)
	at scala.collection.immutable.List.foreach(List.scala:334)
	at com.databricks.sql.transaction.tahoe.ResolveDeltaMergeInto$.throwIfNotResolved(ResolveDeltaMergeInto.scala:53)
	at com.databricks.sql.transaction.tahoe.ResolveDeltaMergeInto$.$anonfun$resolveOrFail$1(ResolveDeltaMergeInto.scala:74)
	at com.databricks.sql.transaction.tahoe.ResolveDeltaMergeInto$.$anonfun$resolveOrFail$1$adapted(ResolveDeltaMergeInto.scala:74)
	at scala.collection.immutable.List.foreach(List.scala:334)
	at com.databricks.sql.transaction.tahoe.ResolveDeltaMergeInto$.resolveOrFail(ResolveDeltaMergeInto.scala:74)
	at com.databricks.sql.transaction.tahoe.ResolveDeltaMergeInto$.resolveSingleExprOrFail(ResolveDeltaMergeInto.scala:86)
	at com.databricks.sql.transaction.tahoe.ResolveDeltaMergeInto$.resolveReferencesAndSchema(ResolveDeltaMergeInto.scala:937)
	at com.databricks.sql.transaction.tahoe.DeltaAnalysis$$anonfun$apply$1.applyOrElse(DeltaAnalysis.scala:1543)
	at com.databricks.sql.transaction.tahoe.DeltaAnalysis$$anonfun$apply$1.applyOrElse(DeltaAnalysis.scala:166)
	at org.apache.spark.sql.catalyst.plans.logical.AnalysisHelper.$anonfun$resolveOperatorsDownWithPruning$2(AnalysisHelper.scala:201)
	at org.apache.spark.sql.catalyst.trees.CurrentOrigin$.withOrigin(origin.scala:142)
	at org.apache.spark.sql.catalyst.plans.logical.AnalysisHelper.$anonfun$resolveOperatorsDownWithPruning$1(AnalysisHelper.scala:201)
	at org.apache.spark.sql.catalyst.plans.logical.AnalysisHelper$.allowInvokingTransformsInAnalyzer(AnalysisHelper.scala:418)
	at org.apache.spark.sql.catalyst.plans.logical.AnalysisHelper.resolveOperatorsDownWithPruning(AnalysisHelper.scala:199)
	at org.apache.spark.sql.catalyst.plans.logical.AnalysisHelper.resolveOperatorsDownWithPruning$(AnalysisHelper.scala:195)
	at org.apache.spark.sql.catalyst.plans.logical.LogicalPlan.resolveOperatorsDownWithPruning(LogicalPlan.scala:48)
	at org.apache.spark.sql.catalyst.plans.logical.AnalysisHelper.resolveOperatorsDown(AnalysisHelper.scala:191)
	at org.apache.spark.sql.catalyst.plans.logical.AnalysisHelper.resolveOperatorsDown$(AnalysisHelper.scala:190)
	at org.apache.spark.sql.catalyst.plans.logical.LogicalPlan.resolveOperatorsDown(LogicalPlan.scala:48)
	at com.databricks.sql.transaction.tahoe.DeltaAnalysis.apply(DeltaAnalysis.scala:166)
	at com.databricks.sql.transaction.tahoe.DeltaAnalysis.apply(DeltaAnalysis.scala:152)
	at org.apache.spark.sql.catalyst.rules.RuleExecutor.$anonfun$execute$17(RuleExecutor.scala:521)
	at org.apache.spark.sql.catalyst.rules.RecoverableRuleExecutionHelper.processRule(RuleExecutor.scala:675)
	at org.apache.spark.sql.catalyst.rules.RecoverableRuleExecutionHelper.processRule$(RuleExecutor.scala:659)
	at org.apache.spark.sql.catalyst.rules.RuleExecutor.processRule(RuleExecutor.scala:155)
	at org.apache.spark.sql.catalyst.rules.RuleExecutor.$anonfun$execute$16(RuleExecutor.scala:521)
	at com.databricks.spark.util.MemoryTracker$.withThreadAllocatedBytes(MemoryTracker.scala:51)
	at org.apache.spark.sql.catalyst.QueryPlanningTracker$.measureRule(QueryPlanningTracker.scala:450)
	at org.apache.spark.sql.catalyst.rules.RuleExecutor.$anonfun$execute$15(RuleExecutor.scala:519)
	at com.databricks.spark.util.FrameProfiler$.$anonfun$record$1(FrameProfiler.scala:114)
	at com.databricks.spark.util.FrameProfilerExporter$.maybeExportFrameProfiler(FrameProfilerExporter.scala:201)
	at com.databricks.spark.util.FrameProfiler$.record(FrameProfiler.scala:105)
	at org.apache.spark.sql.catalyst.rules.RuleExecutor.$anonfun$execute$14(RuleExecutor.scala:518)
	at scala.collection.LinearSeqOps.foldLeft(LinearSeq.scala:183)
	at scala.collection.LinearSeqOps.foldLeft$(LinearSeq.scala:179)
	at scala.collection.immutable.List.foldLeft(List.scala:79)
	at org.apache.spark.sql.catalyst.rules.RuleExecutor.$anonfun$execute$13(RuleExecutor.scala:510)
	at scala.runtime.java8.JFunction0$mcV$sp.apply(JFunction0$mcV$sp.scala:18)
	at com.databricks.spark.util.FrameProfiler$.$anonfun$record$1(FrameProfiler.scala:114)
	at com.databricks.spark.util.FrameProfilerExporter$.maybeExportFrameProfiler(FrameProfilerExporter.scala:201)
	at com.databricks.spark.util.FrameProfiler$.record(FrameProfiler.scala:105)
	at org.apache.spark.sql.catalyst.rules.RuleExecutor.executeBatch$1(RuleExecutor.scala:484)
	at org.apache.spark.sql.catalyst.rules.RuleExecutor.$anonfun$execute$23(RuleExecutor.scala:631)
	at org.apache.spark.sql.catalyst.rules.RuleExecutor.$anonfun$execute$23$adapted(RuleExecutor.scala:631)
	at scala.collection.immutable.List.foreach(List.scala:334)
	at org.apache.spark.sql.catalyst.rules.RuleExecutor.$anonfun$execute$1(RuleExecutor.scala:631)
	at com.databricks.spark.util.FrameProfiler$.$anonfun$record$1(FrameProfiler.scala:114)
	at com.databricks.spark.util.FrameProfilerExporter$.maybeExportFrameProfiler(FrameProfilerExporter.scala:201)
	at com.databricks.spark.util.FrameProfiler$.record(FrameProfiler.scala:105)
	at org.apache.spark.sql.catalyst.rules.RuleExecutor.execute(RuleExecutor.scala:377)
	at org.apache.spark.sql.catalyst.analysis.Analyzer.super$execute(Analyzer.scala:728)
	at org.apache.spark.sql.catalyst.analysis.Analyzer.$anonfun$executeSameContext$1(Analyzer.scala:728)
	at com.databricks.sql.unity.SAMSnapshotHelper$.visitPlansDuringAnalysis(SAMSnapshotHelper.scala:43)
	at org.apache.spark.sql.catalyst.analysis.Analyzer.executeSameContext(Analyzer.scala:727)
	at org.apache.spark.sql.catalyst.analysis.Analyzer.$anonfun$execute$1(Analyzer.scala:700)
	at org.apache.spark.sql.catalyst.analysis.AnalysisContext$.withNewAnalysisContext(Analyzer.scala:520)
	at org.apache.spark.sql.catalyst.analysis.Analyzer.execute(Analyzer.scala:700)
	at org.apache.spark.sql.catalyst.analysis.Analyzer.execute(Analyzer.scala:610)
	at org.apache.spark.sql.catalyst.rules.RuleExecutor.$anonfun$executeAndTrack$1(RuleExecutor.scala:365)
	at org.apache.spark.sql.catalyst.QueryPlanningTracker$.withTracker(QueryPlanningTracker.scala:275)
	at org.apache.spark.sql.catalyst.rules.RuleExecutor.executeAndTrack(RuleExecutor.scala:365)
	at org.apache.spark.sql.catalyst.analysis.resolver.HybridAnalyzer.resolveInFixedPoint(HybridAnalyzer.scala:415)
	at org.apache.spark.sql.catalyst.analysis.resolver.HybridAnalyzer.$anonfun$apply$1(HybridAnalyzer.scala:98)
	at org.apache.spark.sql.catalyst.analysis.resolver.HybridAnalyzer.withTrackedAnalyzerBridgeState(HybridAnalyzer.scala:135)
	at org.apache.spark.sql.catalyst.analysis.resolver.HybridAnalyzer.apply(HybridAnalyzer.scala:91)
	at org.apache.spark.sql.catalyst.analysis.Analyzer.$anonfun$executeAndCheck$2(Analyzer.scala:677)
	at org.apache.spark.sql.catalyst.plans.logical.AnalysisHelper$.markInAnalyzer(AnalysisHelper.scala:425)
	at org.apache.spark.sql.catalyst.analysis.Analyzer.$anonfun$executeAndCheck$1(Analyzer.scala:677)
	at com.databricks.sql.unity.SAMSnapshotHelper$.visitPlansDuringAnalysis(SAMSnapshotHelper.scala:43)
	at org.apache.spark.sql.catalyst.analysis.Analyzer.executeAndCheck(Analyzer.scala:666)
	at org.apache.spark.sql.execution.QueryExecution.$anonfun$lazyAnalyzed$3(QueryExecution.scala:607)
	at com.databricks.spark.util.FrameProfiler$.$anonfun$record$1(FrameProfiler.scala:114)
	at com.databricks.spark.util.FrameProfilerExporter$.maybeExportFrameProfiler(FrameProfilerExporter.scala:201)
	at com.databricks.spark.util.FrameProfiler$.record(FrameProfiler.scala:105)
	at org.apache.spark.sql.catalyst.QueryPlanningTracker.measurePhase(QueryPlanningTracker.scala:1021)
	at org.apache.spark.sql.execution.QueryExecution.$anonfun$executePhase$8(QueryExecution.scala:1073)
	at org.apache.spark.sql.execution.SQLExecution$.$anonfun$withExecutionPhase$1(SQLExecution.scala:335)
	at com.databricks.util.TracingSpanUtils$.withTracing(TracingSpanUtils.scala:251)
	at com.databricks.spark.util.DatabricksTracingHelper.withSpan(DatabricksSparkTracingHelper.scala:154)
	at com.databricks.spark.util.DBRTracing$.withSpan(DBRTracing.scala:87)
	at org.apache.spark.sql.execution.SQLExecution$.withExecutionPhase(SQLExecution.scala:316)
	at org.apache.spark.sql.execution.QueryExecution.$anonfun$executePhase$7(QueryExecution.scala:1073)
	at org.apache.spark.sql.execution.QueryExecution$.withInternalError(QueryExecution.scala:1822)
	at org.apache.spark.sql.execution.QueryExecution.$anonfun$executePhase$5(QueryExecution.scala:1066)
	at com.databricks.util.LexicalThreadLocal$Handle.runWith(LexicalThreadLocal.scala:63)
	at org.apache.spark.sql.execution.QueryExecution.$anonfun$executePhase$4(QueryExecution.scala:1063)
	at com.databricks.util.LexicalThreadLocal$Handle.runWith(LexicalThreadLocal.scala:63)
	at org.apache.spark.sql.execution.QueryExecution.$anonfun$executePhase$3(QueryExecution.scala:1063)
	at com.databricks.util.LexicalThreadLocal$Handle.runWith(LexicalThreadLocal.scala:63)
	at org.apache.spark.sql.execution.QueryExecution.$anonfun$executePhase$2(QueryExecution.scala:1062)
	at com.databricks.util.LexicalThreadLocal$Handle.runWith(LexicalThreadLocal.scala:63)
	at org.apache.spark.sql.execution.QueryExecution.localBlock$1(QueryExecution.scala:1043)
	at org.apache.spark.sql.execution.QueryExecution.$anonfun$withQueryExecutionId$4(QueryExecution.scala:1053)
	at com.databricks.unity.UCSManager$.withTemporaryScope(UCSManager.scala:168)
	at org.apache.spark.sql.execution.QueryExecution.$anonfun$withQueryExecutionId$3(QueryExecution.scala:1052)
	at org.apache.spark.sql.execution.QueryExecution$.$anonfun$runWithWrappers$2(QueryExecution.scala:2075)
	at org.apache.spark.sql.execution.QueryExecution$.org$apache$spark$sql$execution$QueryExecution$$runWithWrappers(QueryExecution.scala:2074)
	at org.apache.spark.sql.execution.QueryExecution.withQueryExecutionId(QueryExecution.scala:1053)
	at org.apache.spark.sql.execution.QueryExecution.$anonfun$executePhase$1(QueryExecution.scala:1061)
	at org.apache.spark.sql.SparkSession.withActive(SparkSession.scala:866)
	at org.apache.spark.sql.execution.QueryExecution.executePhase(QueryExecution.scala:1060)
	at org.apache.spark.sql.execution.QueryExecution.$anonfun$lazyAnalyzed$2(QueryExecution.scala:598)
	at com.databricks.sql.util.MemoryTrackerHelper.withMemoryTracking(MemoryTrackerHelper.scala:111)
	at org.apache.spark.sql.execution.QueryExecution.$anonfun$lazyAnalyzed$1(QueryExecution.scala:597)
	at scala.util.Try$.apply(Try.scala:217)
	at org.apache.spark.util.Utils$.doTryWithCallerStacktrace(Utils.scala:1796)
	at org.apache.spark.util.Utils$.getTryWithCallerStacktrace(Utils.scala:1846)
	at org.apache.spark.util.LazyTry.get(LazyTry.scala:78)
	at org.apache.spark.sql.execution.QueryExecution.analyzed(QueryExecution.scala:661)
	at org.apache.spark.sql.execution.QueryExecution.assertAnalyzed(QueryExecution.scala:520)
	at org.apache.spark.sql.classic.Dataset$.$anonfun$ofRows$13(Dataset.scala:256)
	at org.apache.spark.sql.SparkSession.withActive(SparkSession.scala:866)
	at org.apache.spark.sql.classic.Dataset$.ofRows(Dataset.scala:253)
	at org.apache.spark.sql.connect.execution.SparkConnectPlanExecution.$anonfun$handlePlan$11(SparkConnectPlanExecution.scala:149)
	at org.apache.spark.sql.connect.utils.TimingUtils$.withTiming(TimingUtils.scala:35)
	at org.apache.spark.sql.connect.execution.SparkConnectPlanExecution.handlePlan(SparkConnectPlanExecution.scala:144)
	at org.apache.spark.sql.connect.execution.ExecuteThreadRunner.handlePlan(ExecuteThreadRunner.scala:522)
	at org.apache.spark.sql.connect.execution.ExecuteThreadRunner.$anonfun$executeInternal$1(ExecuteThreadRunner.scala:421)
	at org.apache.spark.sql.connect.execution.ExecuteThreadRunner.$anonfun$executeInternal$1$adapted(ExecuteThreadRunner.scala:340)
	at org.apache.spark.sql.connect.service.SessionHolder.$anonfun$withSession$2(SessionHolder.scala:844)
	at org.apache.spark.sql.SparkSession.withActive(SparkSession.scala:866)
	at org.apache.spark.sql.connect.service.SessionHolder.$anonfun$withSession$1(SessionHolder.scala:844)
	at org.apache.spark.JobArtifactSet$.withActiveJobArtifactState(JobArtifactSet.scala:97)
	at org.apache.spark.sql.artifact.ArtifactManager.$anonfun$withResources$1(ArtifactManager.scala:124)
	at org.apache.spark.sql.artifact.ArtifactManager.withClassLoaderIfNeeded(ArtifactManager.scala:118)
	at org.apache.spark.sql.artifact.ArtifactManager.withResources(ArtifactManager.scala:123)
	at org.apache.spark.sql.connect.service.SessionHolder.withSession(SessionHolder.scala:843)
	at org.apache.spark.sql.connect.execution.ExecuteThreadRunner.executeInternal(ExecuteThreadRunner.scala:340)
	at org.apache.spark.sql.connect.execution.ExecuteThreadRunner.$anonfun$execute$1(ExecuteThreadRunner.scala:200)
	at scala.runtime.java8.JFunction0$mcV$sp.apply(JFunction0$mcV$sp.scala:18)
	at com.databricks.spark.connect.service.UtilizationMetrics.recordActiveQueries(UtilizationMetrics.scala:92)
	at com.databricks.spark.connect.service.UtilizationMetrics.recordActiveQueries$(UtilizationMetrics.scala:89)
	at org.apache.spark.sql.connect.execution.ExecuteThreadRunner.recordActiveQueries(ExecuteThreadRunner.scala:61)
	at org.apache.spark.sql.connect.execution.ExecuteThreadRunner.org$apache$spark$sql$connect$execution$ExecuteThreadRunner$$execute(ExecuteThreadRunner.scala:192)
	at org.apache.spark.sql.connect.execution.ExecuteThreadRunner$ExecutionThread.$anonfun$run$3(ExecuteThreadRunner.scala:601)
	at scala.runtime.java8.JFunction0$mcV$sp.apply(JFunction0$mcV$sp.scala:18)
	at com.databricks.spark.util.DBRTracing$.withSpanFromParent(DBRTracing.scala:70)
	at org.apache.spark.sql.connect.execution.ExecuteThreadRunner$ExecutionThread.$anonfun$run$2(ExecuteThreadRunner.scala:601)
	at scala.runtime.java8.JFunction0$mcV$sp.apply(JFunction0$mcV$sp.scala:18)
	at com.databricks.unity.UCSEphemeralState$Handle.runWith(UCSEphemeralState.scala:51)
	at com.databricks.unity.HandleImpl.runWith(UCSHandle.scala:128)
	at com.databricks.unity.HandleImpl.$anonfun$runWithAndClose$1(UCSHandle.scala:133)
	at scala.util.Using$.resource(Using.scala:296)
	at com.databricks.unity.HandleImpl.runWithAndClose(UCSHandle.scala:132)
	at org.apache.spark.sql.connect.execution.ExecuteThreadRunner$ExecutionThread.run(ExecuteThreadRunner.scala:600)
2026-07-27 12:15:36,217 | INFO     | silver.clean_customers | Audit written successfully
2026-07-27 12:15:55,281 | INFO     | silver.clean_customers | Logging to file: /Workspace/Users/krishnasumanbhaipatel@gmail.com/Practice Folder/lakehouse-practice-project/logs/silver_clean_customers_20260727.log
2026-07-27 12:15:55,282 | INFO     | silver.clean_customers | Starting Silver pipeline at 2026-07-27 12:15:55.234874
2026-07-27 12:15:55,504 | INFO     | silver.clean_customers | Reading catalog_project1.bronze.customers table
2026-07-27 12:15:56,481 | INFO     | silver.clean_customers | Read 10 records from catalog_project1.bronze.customers
2026-07-27 12:15:56,482 | INFO     | silver.clean_customers | All required columns exists in the catalog_project1.bronze.customers
2026-07-27 12:15:56,484 | INFO     | silver.clean_customers | Data standardization completed for the catalog_project1.bronze.customers
2026-07-27 12:15:56,485 | INFO     | silver.clean_customers | Data type casting completed for the catalog_project1.bronze.customers
2026-07-27 12:15:57,454 | INFO     | silver.clean_customers | Data validation completed for the catalog_project1.bronze.customers
2026-07-27 12:15:57,884 | INFO     | silver.clean_customers | Deduplication completed for the catalog_project1.bronze.customers
2026-07-27 12:15:59,375 | ERROR    | silver.clean_customers | Silver catalog_project1.silver.clean_customers pipeline failed: [DELTA_MERGE_UNRESOLVED_EXPRESSION] Cannot resolve t.primary_key in search condition given columns t.customer_id, t.name, t.email, t.city, t.state, t.signup_date, t.created_date, t.modified_date, t._ingestion_job_id, t._source_table, t._ingestion_pipeline_id, t.ingestion_timestamp, t.updation_timestamp, s.customer_id, s.name, s.email, s.city, s.state, s.signup_date, s.created_date, s.modified_date, s._ingestion_job_id, s._source_table, s._ingestion_pipeline_id, s.ingestion_timestamp, s.updation_timestamp.; line 1 pos 0

JVM stacktrace:
com.databricks.sql.transaction.tahoe.DeltaAnalysisException
	at com.databricks.sql.transaction.tahoe.ResolveDeltaMergeInto$.$anonfun$throwIfNotResolved$3(ResolveDeltaMergeInto.scala:57)
	at scala.collection.immutable.List.foreach(List.scala:334)
	at com.databricks.sql.transaction.tahoe.ResolveDeltaMergeInto$.throwIfNotResolved(ResolveDeltaMergeInto.scala:53)
	at com.databricks.sql.transaction.tahoe.ResolveDeltaMergeInto$.$anonfun$resolveOrFail$1(ResolveDeltaMergeInto.scala:74)
	at com.databricks.sql.transaction.tahoe.ResolveDeltaMergeInto$.$anonfun$resolveOrFail$1$adapted(ResolveDeltaMergeInto.scala:74)
	at scala.collection.immutable.List.foreach(List.scala:334)
	at com.databricks.sql.transaction.tahoe.ResolveDeltaMergeInto$.resolveOrFail(ResolveDeltaMergeInto.scala:74)
	at com.databricks.sql.transaction.tahoe.ResolveDeltaMergeInto$.resolveSingleExprOrFail(ResolveDeltaMergeInto.scala:86)
	at com.databricks.sql.transaction.tahoe.ResolveDeltaMergeInto$.resolveReferencesAndSchema(ResolveDeltaMergeInto.scala:937)
	at com.databricks.sql.transaction.tahoe.DeltaAnalysis$$anonfun$apply$1.applyOrElse(DeltaAnalysis.scala:1543)
	at com.databricks.sql.transaction.tahoe.DeltaAnalysis$$anonfun$apply$1.applyOrElse(DeltaAnalysis.scala:166)
	at org.apache.spark.sql.catalyst.plans.logical.AnalysisHelper.$anonfun$resolveOperatorsDownWithPruning$2(AnalysisHelper.scala:201)
	at org.apache.spark.sql.catalyst.trees.CurrentOrigin$.withOrigin(origin.scala:142)
	at org.apache.spark.sql.catalyst.plans.logical.AnalysisHelper.$anonfun$resolveOperatorsDownWithPruning$1(AnalysisHelper.scala:201)
	at org.apache.spark.sql.catalyst.plans.logical.AnalysisHelper$.allowInvokingTransformsInAnalyzer(AnalysisHelper.scala:418)
	at org.apache.spark.sql.catalyst.plans.logical.AnalysisHelper.resolveOperatorsDownWithPruning(AnalysisHelper.scala:199)
	at org.apache.spark.sql.catalyst.plans.logical.AnalysisHelper.resolveOperatorsDownWithPruning$(AnalysisHelper.scala:195)
	at org.apache.spark.sql.catalyst.plans.logical.LogicalPlan.resolveOperatorsDownWithPruning(LogicalPlan.scala:48)
	at org.apache.spark.sql.catalyst.plans.logical.AnalysisHelper.resolveOperatorsDown(AnalysisHelper.scala:191)
	at org.apache.spark.sql.catalyst.plans.logical.AnalysisHelper.resolveOperatorsDown$(AnalysisHelper.scala:190)
	at org.apache.spark.sql.catalyst.plans.logical.LogicalPlan.resolveOperatorsDown(LogicalPlan.scala:48)
	at com.databricks.sql.transaction.tahoe.DeltaAnalysis.apply(DeltaAnalysis.scala:166)
	at com.databricks.sql.transaction.tahoe.DeltaAnalysis.apply(DeltaAnalysis.scala:152)
	at org.apache.spark.sql.catalyst.rules.RuleExecutor.$anonfun$execute$17(RuleExecutor.scala:521)
	at org.apache.spark.sql.catalyst.rules.RecoverableRuleExecutionHelper.processRule(RuleExecutor.scala:675)
	at org.apache.spark.sql.catalyst.rules.RecoverableRuleExecutionHelper.processRule$(RuleExecutor.scala:659)
	at org.apache.spark.sql.catalyst.rules.RuleExecutor.processRule(RuleExecutor.scala:155)
	at org.apache.spark.sql.catalyst.rules.RuleExecutor.$anonfun$execute$16(RuleExecutor.scala:521)
	at com.databricks.spark.util.MemoryTracker$.withThreadAllocatedBytes(MemoryTracker.scala:51)
	at org.apache.spark.sql.catalyst.QueryPlanningTracker$.measureRule(QueryPlanningTracker.scala:450)
	at org.apache.spark.sql.catalyst.rules.RuleExecutor.$anonfun$execute$15(RuleExecutor.scala:519)
	at com.databricks.spark.util.FrameProfiler$.$anonfun$record$1(FrameProfiler.scala:114)
	at com.databricks.spark.util.FrameProfilerExporter$.maybeExportFrameProfiler(FrameProfilerExporter.scala:201)
	at com.databricks.spark.util.FrameProfiler$.record(FrameProfiler.scala:105)
	at org.apache.spark.sql.catalyst.rules.RuleExecutor.$anonfun$execute$14(RuleExecutor.scala:518)
	at scala.collection.LinearSeqOps.foldLeft(LinearSeq.scala:183)
	at scala.collection.LinearSeqOps.foldLeft$(LinearSeq.scala:179)
	at scala.collection.immutable.List.foldLeft(List.scala:79)
	at org.apache.spark.sql.catalyst.rules.RuleExecutor.$anonfun$execute$13(RuleExecutor.scala:510)
	at scala.runtime.java8.JFunction0$mcV$sp.apply(JFunction0$mcV$sp.scala:18)
	at com.databricks.spark.util.FrameProfiler$.$anonfun$record$1(FrameProfiler.scala:114)
	at com.databricks.spark.util.FrameProfilerExporter$.maybeExportFrameProfiler(FrameProfilerExporter.scala:201)
	at com.databricks.spark.util.FrameProfiler$.record(FrameProfiler.scala:105)
	at org.apache.spark.sql.catalyst.rules.RuleExecutor.executeBatch$1(RuleExecutor.scala:484)
	at org.apache.spark.sql.catalyst.rules.RuleExecutor.$anonfun$execute$23(RuleExecutor.scala:631)
	at org.apache.spark.sql.catalyst.rules.RuleExecutor.$anonfun$execute$23$adapted(RuleExecutor.scala:631)
	at scala.collection.immutable.List.foreach(List.scala:334)
	at org.apache.spark.sql.catalyst.rules.RuleExecutor.$anonfun$execute$1(RuleExecutor.scala:631)
	at com.databricks.spark.util.FrameProfiler$.$anonfun$record$1(FrameProfiler.scala:114)
	at com.databricks.spark.util.FrameProfilerExporter$.maybeExportFrameProfiler(FrameProfilerExporter.scala:201)
	at com.databricks.spark.util.FrameProfiler$.record(FrameProfiler.scala:105)
	at org.apache.spark.sql.catalyst.rules.RuleExecutor.execute(RuleExecutor.scala:377)
	at org.apache.spark.sql.catalyst.analysis.Analyzer.super$execute(Analyzer.scala:728)
	at org.apache.spark.sql.catalyst.analysis.Analyzer.$anonfun$executeSameContext$1(Analyzer.scala:728)
	at com.databricks.sql.unity.SAMSnapshotHelper$.visitPlansDuringAnalysis(SAMSnapshotHelper.scala:43)
	at org.apache.spark.sql.catalyst.analysis.Analyzer.executeSameContext(Analyzer.scala:727)
	at org.apache.spark.sql.catalyst.analysis.Analyzer.$anonfun$execute$1(Analyzer.scala:700)
	at org.apache.spark.sql.catalyst.analysis.AnalysisContext$.withNewAnalysisContext(Analyzer.scala:520)
	at org.apache.spark.sql.catalyst.analysis.Analyzer.execute(Analyzer.scala:700)
	at org.apache.spark.sql.catalyst.analysis.Analyzer.execute(Analyzer.scala:610)
	at org.apache.spark.sql.catalyst.rules.RuleExecutor.$anonfun$executeAndTrack$1(RuleExecutor.scala:365)
	at org.apache.spark.sql.catalyst.QueryPlanningTracker$.withTracker(QueryPlanningTracker.scala:275)
	at org.apache.spark.sql.catalyst.rules.RuleExecutor.executeAndTrack(RuleExecutor.scala:365)
	at org.apache.spark.sql.catalyst.analysis.resolver.HybridAnalyzer.resolveInFixedPoint(HybridAnalyzer.scala:415)
	at org.apache.spark.sql.catalyst.analysis.resolver.HybridAnalyzer.$anonfun$apply$1(HybridAnalyzer.scala:98)
	at org.apache.spark.sql.catalyst.analysis.resolver.HybridAnalyzer.withTrackedAnalyzerBridgeState(HybridAnalyzer.scala:135)
	at org.apache.spark.sql.catalyst.analysis.resolver.HybridAnalyzer.apply(HybridAnalyzer.scala:91)
	at org.apache.spark.sql.catalyst.analysis.Analyzer.$anonfun$executeAndCheck$2(Analyzer.scala:677)
	at org.apache.spark.sql.catalyst.plans.logical.AnalysisHelper$.markInAnalyzer(AnalysisHelper.scala:425)
	at org.apache.spark.sql.catalyst.analysis.Analyzer.$anonfun$executeAndCheck$1(Analyzer.scala:677)
	at com.databricks.sql.unity.SAMSnapshotHelper$.visitPlansDuringAnalysis(SAMSnapshotHelper.scala:43)
	at org.apache.spark.sql.catalyst.analysis.Analyzer.executeAndCheck(Analyzer.scala:666)
	at org.apache.spark.sql.execution.QueryExecution.$anonfun$lazyAnalyzed$3(QueryExecution.scala:607)
	at com.databricks.spark.util.FrameProfiler$.$anonfun$record$1(FrameProfiler.scala:114)
	at com.databricks.spark.util.FrameProfilerExporter$.maybeExportFrameProfiler(FrameProfilerExporter.scala:201)
	at com.databricks.spark.util.FrameProfiler$.record(FrameProfiler.scala:105)
	at org.apache.spark.sql.catalyst.QueryPlanningTracker.measurePhase(QueryPlanningTracker.scala:1021)
	at org.apache.spark.sql.execution.QueryExecution.$anonfun$executePhase$8(QueryExecution.scala:1073)
	at org.apache.spark.sql.execution.SQLExecution$.$anonfun$withExecutionPhase$1(SQLExecution.scala:335)
	at com.databricks.util.TracingSpanUtils$.withTracing(TracingSpanUtils.scala:251)
	at com.databricks.spark.util.DatabricksTracingHelper.withSpan(DatabricksSparkTracingHelper.scala:154)
	at com.databricks.spark.util.DBRTracing$.withSpan(DBRTracing.scala:87)
	at org.apache.spark.sql.execution.SQLExecution$.withExecutionPhase(SQLExecution.scala:316)
	at org.apache.spark.sql.execution.QueryExecution.$anonfun$executePhase$7(QueryExecution.scala:1073)
	at org.apache.spark.sql.execution.QueryExecution$.withInternalError(QueryExecution.scala:1822)
	at org.apache.spark.sql.execution.QueryExecution.$anonfun$executePhase$5(QueryExecution.scala:1066)
	at com.databricks.util.LexicalThreadLocal$Handle.runWith(LexicalThreadLocal.scala:63)
	at org.apache.spark.sql.execution.QueryExecution.$anonfun$executePhase$4(QueryExecution.scala:1063)
	at com.databricks.util.LexicalThreadLocal$Handle.runWith(LexicalThreadLocal.scala:63)
	at org.apache.spark.sql.execution.QueryExecution.$anonfun$executePhase$3(QueryExecution.scala:1063)
	at com.databricks.util.LexicalThreadLocal$Handle.runWith(LexicalThreadLocal.scala:63)
	at org.apache.spark.sql.execution.QueryExecution.$anonfun$executePhase$2(QueryExecution.scala:1062)
	at com.databricks.util.LexicalThreadLocal$Handle.runWith(LexicalThreadLocal.scala:63)
	at org.apache.spark.sql.execution.QueryExecution.localBlock$1(QueryExecution.scala:1043)
	at org.apache.spark.sql.execution.QueryExecution.$anonfun$withQueryExecutionId$4(QueryExecution.scala:1053)
	at com.databricks.unity.UCSManager$.withTemporaryScope(UCSManager.scala:168)
	at org.apache.spark.sql.execution.QueryExecution.$anonfun$withQueryExecutionId$3(QueryExecution.scala:1052)
	at org.apache.spark.sql.execution.QueryExecution$.$anonfun$runWithWrappers$2(QueryExecution.scala:2075)
	at org.apache.spark.sql.execution.QueryExecution$.org$apache$spark$sql$execution$QueryExecution$$runWithWrappers(QueryExecution.scala:2074)
	at org.apache.spark.sql.execution.QueryExecution.withQueryExecutionId(QueryExecution.scala:1053)
	at org.apache.spark.sql.execution.QueryExecution.$anonfun$executePhase$1(QueryExecution.scala:1061)
	at org.apache.spark.sql.SparkSession.withActive(SparkSession.scala:866)
	at org.apache.spark.sql.execution.QueryExecution.executePhase(QueryExecution.scala:1060)
	at org.apache.spark.sql.execution.QueryExecution.$anonfun$lazyAnalyzed$2(QueryExecution.scala:598)
	at com.databricks.sql.util.MemoryTrackerHelper.withMemoryTracking(MemoryTrackerHelper.scala:111)
	at org.apache.spark.sql.execution.QueryExecution.$anonfun$lazyAnalyzed$1(QueryExecution.scala:597)
	at scala.util.Try$.apply(Try.scala:217)
	at org.apache.spark.util.Utils$.doTryWithCallerStacktrace(Utils.scala:1796)
	at org.apache.spark.util.Utils$.getTryWithCallerStacktrace(Utils.scala:1846)
	at org.apache.spark.util.LazyTry.get(LazyTry.scala:78)
	at org.apache.spark.sql.execution.QueryExecution.analyzed(QueryExecution.scala:661)
	at org.apache.spark.sql.execution.QueryExecution.assertAnalyzed(QueryExecution.scala:520)
	at org.apache.spark.sql.classic.Dataset$.$anonfun$ofRows$13(Dataset.scala:256)
	at org.apache.spark.sql.SparkSession.withActive(SparkSession.scala:866)
	at org.apache.spark.sql.classic.Dataset$.ofRows(Dataset.scala:253)
	at org.apache.spark.sql.connect.execution.SparkConnectPlanExecution.$anonfun$handlePlan$11(SparkConnectPlanExecution.scala:149)
	at org.apache.spark.sql.connect.utils.TimingUtils$.withTiming(TimingUtils.scala:35)
	at org.apache.spark.sql.connect.execution.SparkConnectPlanExecution.handlePlan(SparkConnectPlanExecution.scala:144)
	at org.apache.spark.sql.connect.execution.ExecuteThreadRunner.handlePlan(ExecuteThreadRunner.scala:522)
	at org.apache.spark.sql.connect.execution.ExecuteThreadRunner.$anonfun$executeInternal$1(ExecuteThreadRunner.scala:421)
	at org.apache.spark.sql.connect.execution.ExecuteThreadRunner.$anonfun$executeInternal$1$adapted(ExecuteThreadRunner.scala:340)
	at org.apache.spark.sql.connect.service.SessionHolder.$anonfun$withSession$2(SessionHolder.scala:844)
	at org.apache.spark.sql.SparkSession.withActive(SparkSession.scala:866)
	at org.apache.spark.sql.connect.service.SessionHolder.$anonfun$withSession$1(SessionHolder.scala:844)
	at org.apache.spark.JobArtifactSet$.withActiveJobArtifactState(JobArtifactSet.scala:97)
	at org.apache.spark.sql.artifact.ArtifactManager.$anonfun$withResources$1(ArtifactManager.scala:124)
	at org.apache.spark.sql.artifact.ArtifactManager.withClassLoaderIfNeeded(ArtifactManager.scala:118)
	at org.apache.spark.sql.artifact.ArtifactManager.withResources(ArtifactManager.scala:123)
	at org.apache.spark.sql.connect.service.SessionHolder.withSession(SessionHolder.scala:843)
	at org.apache.spark.sql.connect.execution.ExecuteThreadRunner.executeInternal(ExecuteThreadRunner.scala:340)
	at org.apache.spark.sql.connect.execution.ExecuteThreadRunner.$anonfun$execute$1(ExecuteThreadRunner.scala:200)
	at scala.runtime.java8.JFunction0$mcV$sp.apply(JFunction0$mcV$sp.scala:18)
	at com.databricks.spark.connect.service.UtilizationMetrics.recordActiveQueries(UtilizationMetrics.scala:92)
	at com.databricks.spark.connect.service.UtilizationMetrics.recordActiveQueries$(UtilizationMetrics.scala:89)
	at org.apache.spark.sql.connect.execution.ExecuteThreadRunner.recordActiveQueries(ExecuteThreadRunner.scala:61)
	at org.apache.spark.sql.connect.execution.ExecuteThreadRunner.org$apache$spark$sql$connect$execution$ExecuteThreadRunner$$execute(ExecuteThreadRunner.scala:192)
	at org.apache.spark.sql.connect.execution.ExecuteThreadRunner$ExecutionThread.$anonfun$run$3(ExecuteThreadRunner.scala:601)
	at scala.runtime.java8.JFunction0$mcV$sp.apply(JFunction0$mcV$sp.scala:18)
	at com.databricks.spark.util.DBRTracing$.withSpanFromParent(DBRTracing.scala:70)
	at org.apache.spark.sql.connect.execution.ExecuteThreadRunner$ExecutionThread.$anonfun$run$2(ExecuteThreadRunner.scala:601)
	at scala.runtime.java8.JFunction0$mcV$sp.apply(JFunction0$mcV$sp.scala:18)
	at com.databricks.unity.UCSEphemeralState$Handle.runWith(UCSEphemeralState.scala:51)
	at com.databricks.unity.HandleImpl.runWith(UCSHandle.scala:128)
	at com.databricks.unity.HandleImpl.$anonfun$runWithAndClose$1(UCSHandle.scala:133)
	at scala.util.Using$.resource(Using.scala:296)
	at com.databricks.unity.HandleImpl.runWithAndClose(UCSHandle.scala:132)
	at org.apache.spark.sql.connect.execution.ExecuteThreadRunner$ExecutionThread.run(ExecuteThreadRunner.scala:600)
Traceback (most recent call last):
  File "/home/spark-b97bafd2-1f8a-40d8-958f-4d/.ipykernel/317/command-8552945258467961-3527307838", line 169, in <module>
    add_metadata(cust_latest, CATALOG, BRONZE_SCHEMA, "customers", SILVER_SCHEMA, "clean_customers", pipeline_id, "customer_id", "modified_date")
  File "/Workspace/Users/krishnasumanbhaipatel@gmail.com/Practice Folder/lakehouse-practice-project/src/transformations/silver.py", line 65, in add_metadata
    .execute()
     ^^^^^^^^^
  File "/databricks/python/lib/python3.12/site-packages/delta/connect/tables.py", line 609, in execute
    return self._spark.createDataFrame(df.toPandas())
                                       ^^^^^^^^^^^^^
  File "/databricks/python/lib/python3.12/site-packages/pyspark/sql/connect/dataframe.py", line 1943, in toPandas
    pdf, ei = self._session.client.to_pandas(query, self._plan.observations)
              ^^^^^^^^^^^^^^^^^^^^^^^^^^^^^^^^^^^^^^^^^^^^^^^^^^^^^^^^^^^^^^
  File "/databricks/python/lib/python3.12/site-packages/pyspark/sql/connect/client/core.py", line 1386, in to_pandas
    table, schema, metrics, observed_metrics, _ = self._execute_and_fetch(
                                                  ^^^^^^^^^^^^^^^^^^^^^^^^
  File "/databricks/python/lib/python3.12/site-packages/pyspark/sql/connect/client/core.py", line 2086, in _execute_and_fetch
    for response in self._execute_and_fetch_as_iterator(
  File "/databricks/python/lib/python3.12/site-packages/pyspark/sql/connect/client/core.py", line 2062, in _execute_and_fetch_as_iterator
    self._handle_error(error)
  File "/databricks/python/lib/python3.12/site-packages/pyspark/sql/connect/client/core.py", line 2380, in _handle_error
    self._handle_rpc_error(error)
  File "/databricks/python/lib/python3.12/site-packages/pyspark/sql/connect/client/core.py", line 2458, in _handle_rpc_error
    raise convert_exception(
pyspark.errors.exceptions.connect.AnalysisException: [DELTA_MERGE_UNRESOLVED_EXPRESSION] Cannot resolve t.primary_key in search condition given columns t.customer_id, t.name, t.email, t.city, t.state, t.signup_date, t.created_date, t.modified_date, t._ingestion_job_id, t._source_table, t._ingestion_pipeline_id, t.ingestion_timestamp, t.updation_timestamp, s.customer_id, s.name, s.email, s.city, s.state, s.signup_date, s.created_date, s.modified_date, s._ingestion_job_id, s._source_table, s._ingestion_pipeline_id, s.ingestion_timestamp, s.updation_timestamp.; line 1 pos 0

JVM stacktrace:
com.databricks.sql.transaction.tahoe.DeltaAnalysisException
	at com.databricks.sql.transaction.tahoe.ResolveDeltaMergeInto$.$anonfun$throwIfNotResolved$3(ResolveDeltaMergeInto.scala:57)
	at scala.collection.immutable.List.foreach(List.scala:334)
	at com.databricks.sql.transaction.tahoe.ResolveDeltaMergeInto$.throwIfNotResolved(ResolveDeltaMergeInto.scala:53)
	at com.databricks.sql.transaction.tahoe.ResolveDeltaMergeInto$.$anonfun$resolveOrFail$1(ResolveDeltaMergeInto.scala:74)
	at com.databricks.sql.transaction.tahoe.ResolveDeltaMergeInto$.$anonfun$resolveOrFail$1$adapted(ResolveDeltaMergeInto.scala:74)
	at scala.collection.immutable.List.foreach(List.scala:334)
	at com.databricks.sql.transaction.tahoe.ResolveDeltaMergeInto$.resolveOrFail(ResolveDeltaMergeInto.scala:74)
	at com.databricks.sql.transaction.tahoe.ResolveDeltaMergeInto$.resolveSingleExprOrFail(ResolveDeltaMergeInto.scala:86)
	at com.databricks.sql.transaction.tahoe.ResolveDeltaMergeInto$.resolveReferencesAndSchema(ResolveDeltaMergeInto.scala:937)
	at com.databricks.sql.transaction.tahoe.DeltaAnalysis$$anonfun$apply$1.applyOrElse(DeltaAnalysis.scala:1543)
	at com.databricks.sql.transaction.tahoe.DeltaAnalysis$$anonfun$apply$1.applyOrElse(DeltaAnalysis.scala:166)
	at org.apache.spark.sql.catalyst.plans.logical.AnalysisHelper.$anonfun$resolveOperatorsDownWithPruning$2(AnalysisHelper.scala:201)
	at org.apache.spark.sql.catalyst.trees.CurrentOrigin$.withOrigin(origin.scala:142)
	at org.apache.spark.sql.catalyst.plans.logical.AnalysisHelper.$anonfun$resolveOperatorsDownWithPruning$1(AnalysisHelper.scala:201)
	at org.apache.spark.sql.catalyst.plans.logical.AnalysisHelper$.allowInvokingTransformsInAnalyzer(AnalysisHelper.scala:418)
	at org.apache.spark.sql.catalyst.plans.logical.AnalysisHelper.resolveOperatorsDownWithPruning(AnalysisHelper.scala:199)
	at org.apache.spark.sql.catalyst.plans.logical.AnalysisHelper.resolveOperatorsDownWithPruning$(AnalysisHelper.scala:195)
	at org.apache.spark.sql.catalyst.plans.logical.LogicalPlan.resolveOperatorsDownWithPruning(LogicalPlan.scala:48)
	at org.apache.spark.sql.catalyst.plans.logical.AnalysisHelper.resolveOperatorsDown(AnalysisHelper.scala:191)
	at org.apache.spark.sql.catalyst.plans.logical.AnalysisHelper.resolveOperatorsDown$(AnalysisHelper.scala:190)
	at org.apache.spark.sql.catalyst.plans.logical.LogicalPlan.resolveOperatorsDown(LogicalPlan.scala:48)
	at com.databricks.sql.transaction.tahoe.DeltaAnalysis.apply(DeltaAnalysis.scala:166)
	at com.databricks.sql.transaction.tahoe.DeltaAnalysis.apply(DeltaAnalysis.scala:152)
	at org.apache.spark.sql.catalyst.rules.RuleExecutor.$anonfun$execute$17(RuleExecutor.scala:521)
	at org.apache.spark.sql.catalyst.rules.RecoverableRuleExecutionHelper.processRule(RuleExecutor.scala:675)
	at org.apache.spark.sql.catalyst.rules.RecoverableRuleExecutionHelper.processRule$(RuleExecutor.scala:659)
	at org.apache.spark.sql.catalyst.rules.RuleExecutor.processRule(RuleExecutor.scala:155)
	at org.apache.spark.sql.catalyst.rules.RuleExecutor.$anonfun$execute$16(RuleExecutor.scala:521)
	at com.databricks.spark.util.MemoryTracker$.withThreadAllocatedBytes(MemoryTracker.scala:51)
	at org.apache.spark.sql.catalyst.QueryPlanningTracker$.measureRule(QueryPlanningTracker.scala:450)
	at org.apache.spark.sql.catalyst.rules.RuleExecutor.$anonfun$execute$15(RuleExecutor.scala:519)
	at com.databricks.spark.util.FrameProfiler$.$anonfun$record$1(FrameProfiler.scala:114)
	at com.databricks.spark.util.FrameProfilerExporter$.maybeExportFrameProfiler(FrameProfilerExporter.scala:201)
	at com.databricks.spark.util.FrameProfiler$.record(FrameProfiler.scala:105)
	at org.apache.spark.sql.catalyst.rules.RuleExecutor.$anonfun$execute$14(RuleExecutor.scala:518)
	at scala.collection.LinearSeqOps.foldLeft(LinearSeq.scala:183)
	at scala.collection.LinearSeqOps.foldLeft$(LinearSeq.scala:179)
	at scala.collection.immutable.List.foldLeft(List.scala:79)
	at org.apache.spark.sql.catalyst.rules.RuleExecutor.$anonfun$execute$13(RuleExecutor.scala:510)
	at scala.runtime.java8.JFunction0$mcV$sp.apply(JFunction0$mcV$sp.scala:18)
	at com.databricks.spark.util.FrameProfiler$.$anonfun$record$1(FrameProfiler.scala:114)
	at com.databricks.spark.util.FrameProfilerExporter$.maybeExportFrameProfiler(FrameProfilerExporter.scala:201)
	at com.databricks.spark.util.FrameProfiler$.record(FrameProfiler.scala:105)
	at org.apache.spark.sql.catalyst.rules.RuleExecutor.executeBatch$1(RuleExecutor.scala:484)
	at org.apache.spark.sql.catalyst.rules.RuleExecutor.$anonfun$execute$23(RuleExecutor.scala:631)
	at org.apache.spark.sql.catalyst.rules.RuleExecutor.$anonfun$execute$23$adapted(RuleExecutor.scala:631)
	at scala.collection.immutable.List.foreach(List.scala:334)
	at org.apache.spark.sql.catalyst.rules.RuleExecutor.$anonfun$execute$1(RuleExecutor.scala:631)
	at com.databricks.spark.util.FrameProfiler$.$anonfun$record$1(FrameProfiler.scala:114)
	at com.databricks.spark.util.FrameProfilerExporter$.maybeExportFrameProfiler(FrameProfilerExporter.scala:201)
	at com.databricks.spark.util.FrameProfiler$.record(FrameProfiler.scala:105)
	at org.apache.spark.sql.catalyst.rules.RuleExecutor.execute(RuleExecutor.scala:377)
	at org.apache.spark.sql.catalyst.analysis.Analyzer.super$execute(Analyzer.scala:728)
	at org.apache.spark.sql.catalyst.analysis.Analyzer.$anonfun$executeSameContext$1(Analyzer.scala:728)
	at com.databricks.sql.unity.SAMSnapshotHelper$.visitPlansDuringAnalysis(SAMSnapshotHelper.scala:43)
	at org.apache.spark.sql.catalyst.analysis.Analyzer.executeSameContext(Analyzer.scala:727)
	at org.apache.spark.sql.catalyst.analysis.Analyzer.$anonfun$execute$1(Analyzer.scala:700)
	at org.apache.spark.sql.catalyst.analysis.AnalysisContext$.withNewAnalysisContext(Analyzer.scala:520)
	at org.apache.spark.sql.catalyst.analysis.Analyzer.execute(Analyzer.scala:700)
	at org.apache.spark.sql.catalyst.analysis.Analyzer.execute(Analyzer.scala:610)
	at org.apache.spark.sql.catalyst.rules.RuleExecutor.$anonfun$executeAndTrack$1(RuleExecutor.scala:365)
	at org.apache.spark.sql.catalyst.QueryPlanningTracker$.withTracker(QueryPlanningTracker.scala:275)
	at org.apache.spark.sql.catalyst.rules.RuleExecutor.executeAndTrack(RuleExecutor.scala:365)
	at org.apache.spark.sql.catalyst.analysis.resolver.HybridAnalyzer.resolveInFixedPoint(HybridAnalyzer.scala:415)
	at org.apache.spark.sql.catalyst.analysis.resolver.HybridAnalyzer.$anonfun$apply$1(HybridAnalyzer.scala:98)
	at org.apache.spark.sql.catalyst.analysis.resolver.HybridAnalyzer.withTrackedAnalyzerBridgeState(HybridAnalyzer.scala:135)
	at org.apache.spark.sql.catalyst.analysis.resolver.HybridAnalyzer.apply(HybridAnalyzer.scala:91)
	at org.apache.spark.sql.catalyst.analysis.Analyzer.$anonfun$executeAndCheck$2(Analyzer.scala:677)
	at org.apache.spark.sql.catalyst.plans.logical.AnalysisHelper$.markInAnalyzer(AnalysisHelper.scala:425)
	at org.apache.spark.sql.catalyst.analysis.Analyzer.$anonfun$executeAndCheck$1(Analyzer.scala:677)
	at com.databricks.sql.unity.SAMSnapshotHelper$.visitPlansDuringAnalysis(SAMSnapshotHelper.scala:43)
	at org.apache.spark.sql.catalyst.analysis.Analyzer.executeAndCheck(Analyzer.scala:666)
	at org.apache.spark.sql.execution.QueryExecution.$anonfun$lazyAnalyzed$3(QueryExecution.scala:607)
	at com.databricks.spark.util.FrameProfiler$.$anonfun$record$1(FrameProfiler.scala:114)
	at com.databricks.spark.util.FrameProfilerExporter$.maybeExportFrameProfiler(FrameProfilerExporter.scala:201)
	at com.databricks.spark.util.FrameProfiler$.record(FrameProfiler.scala:105)
	at org.apache.spark.sql.catalyst.QueryPlanningTracker.measurePhase(QueryPlanningTracker.scala:1021)
	at org.apache.spark.sql.execution.QueryExecution.$anonfun$executePhase$8(QueryExecution.scala:1073)
	at org.apache.spark.sql.execution.SQLExecution$.$anonfun$withExecutionPhase$1(SQLExecution.scala:335)
	at com.databricks.util.TracingSpanUtils$.withTracing(TracingSpanUtils.scala:251)
	at com.databricks.spark.util.DatabricksTracingHelper.withSpan(DatabricksSparkTracingHelper.scala:154)
	at com.databricks.spark.util.DBRTracing$.withSpan(DBRTracing.scala:87)
	at org.apache.spark.sql.execution.SQLExecution$.withExecutionPhase(SQLExecution.scala:316)
	at org.apache.spark.sql.execution.QueryExecution.$anonfun$executePhase$7(QueryExecution.scala:1073)
	at org.apache.spark.sql.execution.QueryExecution$.withInternalError(QueryExecution.scala:1822)
	at org.apache.spark.sql.execution.QueryExecution.$anonfun$executePhase$5(QueryExecution.scala:1066)
	at com.databricks.util.LexicalThreadLocal$Handle.runWith(LexicalThreadLocal.scala:63)
	at org.apache.spark.sql.execution.QueryExecution.$anonfun$executePhase$4(QueryExecution.scala:1063)
	at com.databricks.util.LexicalThreadLocal$Handle.runWith(LexicalThreadLocal.scala:63)
	at org.apache.spark.sql.execution.QueryExecution.$anonfun$executePhase$3(QueryExecution.scala:1063)
	at com.databricks.util.LexicalThreadLocal$Handle.runWith(LexicalThreadLocal.scala:63)
	at org.apache.spark.sql.execution.QueryExecution.$anonfun$executePhase$2(QueryExecution.scala:1062)
	at com.databricks.util.LexicalThreadLocal$Handle.runWith(LexicalThreadLocal.scala:63)
	at org.apache.spark.sql.execution.QueryExecution.localBlock$1(QueryExecution.scala:1043)
	at org.apache.spark.sql.execution.QueryExecution.$anonfun$withQueryExecutionId$4(QueryExecution.scala:1053)
	at com.databricks.unity.UCSManager$.withTemporaryScope(UCSManager.scala:168)
	at org.apache.spark.sql.execution.QueryExecution.$anonfun$withQueryExecutionId$3(QueryExecution.scala:1052)
	at org.apache.spark.sql.execution.QueryExecution$.$anonfun$runWithWrappers$2(QueryExecution.scala:2075)
	at org.apache.spark.sql.execution.QueryExecution$.org$apache$spark$sql$execution$QueryExecution$$runWithWrappers(QueryExecution.scala:2074)
	at org.apache.spark.sql.execution.QueryExecution.withQueryExecutionId(QueryExecution.scala:1053)
	at org.apache.spark.sql.execution.QueryExecution.$anonfun$executePhase$1(QueryExecution.scala:1061)
	at org.apache.spark.sql.SparkSession.withActive(SparkSession.scala:866)
	at org.apache.spark.sql.execution.QueryExecution.executePhase(QueryExecution.scala:1060)
	at org.apache.spark.sql.execution.QueryExecution.$anonfun$lazyAnalyzed$2(QueryExecution.scala:598)
	at com.databricks.sql.util.MemoryTrackerHelper.withMemoryTracking(MemoryTrackerHelper.scala:111)
	at org.apache.spark.sql.execution.QueryExecution.$anonfun$lazyAnalyzed$1(QueryExecution.scala:597)
	at scala.util.Try$.apply(Try.scala:217)
	at org.apache.spark.util.Utils$.doTryWithCallerStacktrace(Utils.scala:1796)
	at org.apache.spark.util.Utils$.getTryWithCallerStacktrace(Utils.scala:1846)
	at org.apache.spark.util.LazyTry.get(LazyTry.scala:78)
	at org.apache.spark.sql.execution.QueryExecution.analyzed(QueryExecution.scala:661)
	at org.apache.spark.sql.execution.QueryExecution.assertAnalyzed(QueryExecution.scala:520)
	at org.apache.spark.sql.classic.Dataset$.$anonfun$ofRows$13(Dataset.scala:256)
	at org.apache.spark.sql.SparkSession.withActive(SparkSession.scala:866)
	at org.apache.spark.sql.classic.Dataset$.ofRows(Dataset.scala:253)
	at org.apache.spark.sql.connect.execution.SparkConnectPlanExecution.$anonfun$handlePlan$11(SparkConnectPlanExecution.scala:149)
	at org.apache.spark.sql.connect.utils.TimingUtils$.withTiming(TimingUtils.scala:35)
	at org.apache.spark.sql.connect.execution.SparkConnectPlanExecution.handlePlan(SparkConnectPlanExecution.scala:144)
	at org.apache.spark.sql.connect.execution.ExecuteThreadRunner.handlePlan(ExecuteThreadRunner.scala:522)
	at org.apache.spark.sql.connect.execution.ExecuteThreadRunner.$anonfun$executeInternal$1(ExecuteThreadRunner.scala:421)
	at org.apache.spark.sql.connect.execution.ExecuteThreadRunner.$anonfun$executeInternal$1$adapted(ExecuteThreadRunner.scala:340)
	at org.apache.spark.sql.connect.service.SessionHolder.$anonfun$withSession$2(SessionHolder.scala:844)
	at org.apache.spark.sql.SparkSession.withActive(SparkSession.scala:866)
	at org.apache.spark.sql.connect.service.SessionHolder.$anonfun$withSession$1(SessionHolder.scala:844)
	at org.apache.spark.JobArtifactSet$.withActiveJobArtifactState(JobArtifactSet.scala:97)
	at org.apache.spark.sql.artifact.ArtifactManager.$anonfun$withResources$1(ArtifactManager.scala:124)
	at org.apache.spark.sql.artifact.ArtifactManager.withClassLoaderIfNeeded(ArtifactManager.scala:118)
	at org.apache.spark.sql.artifact.ArtifactManager.withResources(ArtifactManager.scala:123)
	at org.apache.spark.sql.connect.service.SessionHolder.withSession(SessionHolder.scala:843)
	at org.apache.spark.sql.connect.execution.ExecuteThreadRunner.executeInternal(ExecuteThreadRunner.scala:340)
	at org.apache.spark.sql.connect.execution.ExecuteThreadRunner.$anonfun$execute$1(ExecuteThreadRunner.scala:200)
	at scala.runtime.java8.JFunction0$mcV$sp.apply(JFunction0$mcV$sp.scala:18)
	at com.databricks.spark.connect.service.UtilizationMetrics.recordActiveQueries(UtilizationMetrics.scala:92)
	at com.databricks.spark.connect.service.UtilizationMetrics.recordActiveQueries$(UtilizationMetrics.scala:89)
	at org.apache.spark.sql.connect.execution.ExecuteThreadRunner.recordActiveQueries(ExecuteThreadRunner.scala:61)
	at org.apache.spark.sql.connect.execution.ExecuteThreadRunner.org$apache$spark$sql$connect$execution$ExecuteThreadRunner$$execute(ExecuteThreadRunner.scala:192)
	at org.apache.spark.sql.connect.execution.ExecuteThreadRunner$ExecutionThread.$anonfun$run$3(ExecuteThreadRunner.scala:601)
	at scala.runtime.java8.JFunction0$mcV$sp.apply(JFunction0$mcV$sp.scala:18)
	at com.databricks.spark.util.DBRTracing$.withSpanFromParent(DBRTracing.scala:70)
	at org.apache.spark.sql.connect.execution.ExecuteThreadRunner$ExecutionThread.$anonfun$run$2(ExecuteThreadRunner.scala:601)
	at scala.runtime.java8.JFunction0$mcV$sp.apply(JFunction0$mcV$sp.scala:18)
	at com.databricks.unity.UCSEphemeralState$Handle.runWith(UCSEphemeralState.scala:51)
	at com.databricks.unity.HandleImpl.runWith(UCSHandle.scala:128)
	at com.databricks.unity.HandleImpl.$anonfun$runWithAndClose$1(UCSHandle.scala:133)
	at scala.util.Using$.resource(Using.scala:296)
	at com.databricks.unity.HandleImpl.runWithAndClose(UCSHandle.scala:132)
	at org.apache.spark.sql.connect.execution.ExecuteThreadRunner$ExecutionThread.run(ExecuteThreadRunner.scala:600)
2026-07-27 12:16:01,603 | INFO     | silver.clean_customers | Audit written successfully
2026-07-27 12:19:40,256 | INFO     | silver.clean_customers | Logging to file: /Workspace/Users/krishnasumanbhaipatel@gmail.com/Practice Folder/lakehouse-practice-project/logs/silver_clean_customers_20260727.log
2026-07-27 12:19:40,258 | INFO     | silver.clean_customers | Starting Silver pipeline at 2026-07-27 12:19:40.225465
2026-07-27 12:19:40,529 | INFO     | silver.clean_customers | Reading catalog_project1.bronze.customers table
2026-07-27 12:19:41,604 | INFO     | silver.clean_customers | Read 10 records from catalog_project1.bronze.customers
2026-07-27 12:19:41,605 | INFO     | silver.clean_customers | All required columns exists in the catalog_project1.bronze.customers
2026-07-27 12:19:41,607 | INFO     | silver.clean_customers | Data standardization completed for the catalog_project1.bronze.customers
2026-07-27 12:19:41,608 | INFO     | silver.clean_customers | Data type casting completed for the catalog_project1.bronze.customers
2026-07-27 12:19:42,569 | INFO     | silver.clean_customers | Data validation completed for the catalog_project1.bronze.customers
2026-07-27 12:19:42,984 | INFO     | silver.clean_customers | Deduplication completed for the catalog_project1.bronze.customers
2026-07-27 12:19:44,138 | ERROR    | silver.clean_customers | Silver catalog_project1.silver.clean_customers pipeline failed: [DELTA_MERGE_UNRESOLVED_EXPRESSION] Cannot resolve t.primary_key in search condition given columns t.customer_id, t.name, t.email, t.city, t.state, t.signup_date, t.created_date, t.modified_date, t._ingestion_job_id, t._source_table, t._ingestion_pipeline_id, t.ingestion_timestamp, t.updation_timestamp, s.customer_id, s.name, s.email, s.city, s.state, s.signup_date, s.created_date, s.modified_date, s._ingestion_job_id, s._source_table, s._ingestion_pipeline_id, s.ingestion_timestamp, s.updation_timestamp.; line 1 pos 0

JVM stacktrace:
com.databricks.sql.transaction.tahoe.DeltaAnalysisException
	at com.databricks.sql.transaction.tahoe.ResolveDeltaMergeInto$.$anonfun$throwIfNotResolved$3(ResolveDeltaMergeInto.scala:57)
	at scala.collection.immutable.List.foreach(List.scala:334)
	at com.databricks.sql.transaction.tahoe.ResolveDeltaMergeInto$.throwIfNotResolved(ResolveDeltaMergeInto.scala:53)
	at com.databricks.sql.transaction.tahoe.ResolveDeltaMergeInto$.$anonfun$resolveOrFail$1(ResolveDeltaMergeInto.scala:74)
	at com.databricks.sql.transaction.tahoe.ResolveDeltaMergeInto$.$anonfun$resolveOrFail$1$adapted(ResolveDeltaMergeInto.scala:74)
	at scala.collection.immutable.List.foreach(List.scala:334)
	at com.databricks.sql.transaction.tahoe.ResolveDeltaMergeInto$.resolveOrFail(ResolveDeltaMergeInto.scala:74)
	at com.databricks.sql.transaction.tahoe.ResolveDeltaMergeInto$.resolveSingleExprOrFail(ResolveDeltaMergeInto.scala:86)
	at com.databricks.sql.transaction.tahoe.ResolveDeltaMergeInto$.resolveReferencesAndSchema(ResolveDeltaMergeInto.scala:937)
	at com.databricks.sql.transaction.tahoe.DeltaAnalysis$$anonfun$apply$1.applyOrElse(DeltaAnalysis.scala:1543)
	at com.databricks.sql.transaction.tahoe.DeltaAnalysis$$anonfun$apply$1.applyOrElse(DeltaAnalysis.scala:166)
	at org.apache.spark.sql.catalyst.plans.logical.AnalysisHelper.$anonfun$resolveOperatorsDownWithPruning$2(AnalysisHelper.scala:201)
	at org.apache.spark.sql.catalyst.trees.CurrentOrigin$.withOrigin(origin.scala:142)
	at org.apache.spark.sql.catalyst.plans.logical.AnalysisHelper.$anonfun$resolveOperatorsDownWithPruning$1(AnalysisHelper.scala:201)
	at org.apache.spark.sql.catalyst.plans.logical.AnalysisHelper$.allowInvokingTransformsInAnalyzer(AnalysisHelper.scala:418)
	at org.apache.spark.sql.catalyst.plans.logical.AnalysisHelper.resolveOperatorsDownWithPruning(AnalysisHelper.scala:199)
	at org.apache.spark.sql.catalyst.plans.logical.AnalysisHelper.resolveOperatorsDownWithPruning$(AnalysisHelper.scala:195)
	at org.apache.spark.sql.catalyst.plans.logical.LogicalPlan.resolveOperatorsDownWithPruning(LogicalPlan.scala:48)
	at org.apache.spark.sql.catalyst.plans.logical.AnalysisHelper.resolveOperatorsDown(AnalysisHelper.scala:191)
	at org.apache.spark.sql.catalyst.plans.logical.AnalysisHelper.resolveOperatorsDown$(AnalysisHelper.scala:190)
	at org.apache.spark.sql.catalyst.plans.logical.LogicalPlan.resolveOperatorsDown(LogicalPlan.scala:48)
	at com.databricks.sql.transaction.tahoe.DeltaAnalysis.apply(DeltaAnalysis.scala:166)
	at com.databricks.sql.transaction.tahoe.DeltaAnalysis.apply(DeltaAnalysis.scala:152)
	at org.apache.spark.sql.catalyst.rules.RuleExecutor.$anonfun$execute$17(RuleExecutor.scala:521)
	at org.apache.spark.sql.catalyst.rules.RecoverableRuleExecutionHelper.processRule(RuleExecutor.scala:675)
	at org.apache.spark.sql.catalyst.rules.RecoverableRuleExecutionHelper.processRule$(RuleExecutor.scala:659)
	at org.apache.spark.sql.catalyst.rules.RuleExecutor.processRule(RuleExecutor.scala:155)
	at org.apache.spark.sql.catalyst.rules.RuleExecutor.$anonfun$execute$16(RuleExecutor.scala:521)
	at com.databricks.spark.util.MemoryTracker$.withThreadAllocatedBytes(MemoryTracker.scala:51)
	at org.apache.spark.sql.catalyst.QueryPlanningTracker$.measureRule(QueryPlanningTracker.scala:450)
	at org.apache.spark.sql.catalyst.rules.RuleExecutor.$anonfun$execute$15(RuleExecutor.scala:519)
	at com.databricks.spark.util.FrameProfiler$.$anonfun$record$1(FrameProfiler.scala:114)
	at com.databricks.spark.util.FrameProfilerExporter$.maybeExportFrameProfiler(FrameProfilerExporter.scala:201)
	at com.databricks.spark.util.FrameProfiler$.record(FrameProfiler.scala:105)
	at org.apache.spark.sql.catalyst.rules.RuleExecutor.$anonfun$execute$14(RuleExecutor.scala:518)
	at scala.collection.LinearSeqOps.foldLeft(LinearSeq.scala:183)
	at scala.collection.LinearSeqOps.foldLeft$(LinearSeq.scala:179)
	at scala.collection.immutable.List.foldLeft(List.scala:79)
	at org.apache.spark.sql.catalyst.rules.RuleExecutor.$anonfun$execute$13(RuleExecutor.scala:510)
	at scala.runtime.java8.JFunction0$mcV$sp.apply(JFunction0$mcV$sp.scala:18)
	at com.databricks.spark.util.FrameProfiler$.$anonfun$record$1(FrameProfiler.scala:114)
	at com.databricks.spark.util.FrameProfilerExporter$.maybeExportFrameProfiler(FrameProfilerExporter.scala:201)
	at com.databricks.spark.util.FrameProfiler$.record(FrameProfiler.scala:105)
	at org.apache.spark.sql.catalyst.rules.RuleExecutor.executeBatch$1(RuleExecutor.scala:484)
	at org.apache.spark.sql.catalyst.rules.RuleExecutor.$anonfun$execute$23(RuleExecutor.scala:631)
	at org.apache.spark.sql.catalyst.rules.RuleExecutor.$anonfun$execute$23$adapted(RuleExecutor.scala:631)
	at scala.collection.immutable.List.foreach(List.scala:334)
	at org.apache.spark.sql.catalyst.rules.RuleExecutor.$anonfun$execute$1(RuleExecutor.scala:631)
	at com.databricks.spark.util.FrameProfiler$.$anonfun$record$1(FrameProfiler.scala:114)
	at com.databricks.spark.util.FrameProfilerExporter$.maybeExportFrameProfiler(FrameProfilerExporter.scala:201)
	at com.databricks.spark.util.FrameProfiler$.record(FrameProfiler.scala:105)
	at org.apache.spark.sql.catalyst.rules.RuleExecutor.execute(RuleExecutor.scala:377)
	at org.apache.spark.sql.catalyst.analysis.Analyzer.super$execute(Analyzer.scala:728)
	at org.apache.spark.sql.catalyst.analysis.Analyzer.$anonfun$executeSameContext$1(Analyzer.scala:728)
	at com.databricks.sql.unity.SAMSnapshotHelper$.visitPlansDuringAnalysis(SAMSnapshotHelper.scala:43)
	at org.apache.spark.sql.catalyst.analysis.Analyzer.executeSameContext(Analyzer.scala:727)
	at org.apache.spark.sql.catalyst.analysis.Analyzer.$anonfun$execute$1(Analyzer.scala:700)
	at org.apache.spark.sql.catalyst.analysis.AnalysisContext$.withNewAnalysisContext(Analyzer.scala:520)
	at org.apache.spark.sql.catalyst.analysis.Analyzer.execute(Analyzer.scala:700)
	at org.apache.spark.sql.catalyst.analysis.Analyzer.execute(Analyzer.scala:610)
	at org.apache.spark.sql.catalyst.rules.RuleExecutor.$anonfun$executeAndTrack$1(RuleExecutor.scala:365)
	at org.apache.spark.sql.catalyst.QueryPlanningTracker$.withTracker(QueryPlanningTracker.scala:275)
	at org.apache.spark.sql.catalyst.rules.RuleExecutor.executeAndTrack(RuleExecutor.scala:365)
	at org.apache.spark.sql.catalyst.analysis.resolver.HybridAnalyzer.resolveInFixedPoint(HybridAnalyzer.scala:415)
	at org.apache.spark.sql.catalyst.analysis.resolver.HybridAnalyzer.$anonfun$apply$1(HybridAnalyzer.scala:98)
	at org.apache.spark.sql.catalyst.analysis.resolver.HybridAnalyzer.withTrackedAnalyzerBridgeState(HybridAnalyzer.scala:135)
	at org.apache.spark.sql.catalyst.analysis.resolver.HybridAnalyzer.apply(HybridAnalyzer.scala:91)
	at org.apache.spark.sql.catalyst.analysis.Analyzer.$anonfun$executeAndCheck$2(Analyzer.scala:677)
	at org.apache.spark.sql.catalyst.plans.logical.AnalysisHelper$.markInAnalyzer(AnalysisHelper.scala:425)
	at org.apache.spark.sql.catalyst.analysis.Analyzer.$anonfun$executeAndCheck$1(Analyzer.scala:677)
	at com.databricks.sql.unity.SAMSnapshotHelper$.visitPlansDuringAnalysis(SAMSnapshotHelper.scala:43)
	at org.apache.spark.sql.catalyst.analysis.Analyzer.executeAndCheck(Analyzer.scala:666)
	at org.apache.spark.sql.execution.QueryExecution.$anonfun$lazyAnalyzed$3(QueryExecution.scala:607)
	at com.databricks.spark.util.FrameProfiler$.$anonfun$record$1(FrameProfiler.scala:114)
	at com.databricks.spark.util.FrameProfilerExporter$.maybeExportFrameProfiler(FrameProfilerExporter.scala:201)
	at com.databricks.spark.util.FrameProfiler$.record(FrameProfiler.scala:105)
	at org.apache.spark.sql.catalyst.QueryPlanningTracker.measurePhase(QueryPlanningTracker.scala:1021)
	at org.apache.spark.sql.execution.QueryExecution.$anonfun$executePhase$8(QueryExecution.scala:1073)
	at org.apache.spark.sql.execution.SQLExecution$.$anonfun$withExecutionPhase$1(SQLExecution.scala:335)
	at com.databricks.util.TracingSpanUtils$.withTracing(TracingSpanUtils.scala:251)
	at com.databricks.spark.util.DatabricksTracingHelper.withSpan(DatabricksSparkTracingHelper.scala:154)
	at com.databricks.spark.util.DBRTracing$.withSpan(DBRTracing.scala:87)
	at org.apache.spark.sql.execution.SQLExecution$.withExecutionPhase(SQLExecution.scala:316)
	at org.apache.spark.sql.execution.QueryExecution.$anonfun$executePhase$7(QueryExecution.scala:1073)
	at org.apache.spark.sql.execution.QueryExecution$.withInternalError(QueryExecution.scala:1822)
	at org.apache.spark.sql.execution.QueryExecution.$anonfun$executePhase$5(QueryExecution.scala:1066)
	at com.databricks.util.LexicalThreadLocal$Handle.runWith(LexicalThreadLocal.scala:63)
	at org.apache.spark.sql.execution.QueryExecution.$anonfun$executePhase$4(QueryExecution.scala:1063)
	at com.databricks.util.LexicalThreadLocal$Handle.runWith(LexicalThreadLocal.scala:63)
	at org.apache.spark.sql.execution.QueryExecution.$anonfun$executePhase$3(QueryExecution.scala:1063)
	at com.databricks.util.LexicalThreadLocal$Handle.runWith(LexicalThreadLocal.scala:63)
	at org.apache.spark.sql.execution.QueryExecution.$anonfun$executePhase$2(QueryExecution.scala:1062)
	at com.databricks.util.LexicalThreadLocal$Handle.runWith(LexicalThreadLocal.scala:63)
	at org.apache.spark.sql.execution.QueryExecution.localBlock$1(QueryExecution.scala:1043)
	at org.apache.spark.sql.execution.QueryExecution.$anonfun$withQueryExecutionId$4(QueryExecution.scala:1053)
	at com.databricks.unity.UCSManager$.withTemporaryScope(UCSManager.scala:168)
	at org.apache.spark.sql.execution.QueryExecution.$anonfun$withQueryExecutionId$3(QueryExecution.scala:1052)
	at org.apache.spark.sql.execution.QueryExecution$.$anonfun$runWithWrappers$2(QueryExecution.scala:2075)
	at org.apache.spark.sql.execution.QueryExecution$.org$apache$spark$sql$execution$QueryExecution$$runWithWrappers(QueryExecution.scala:2074)
	at org.apache.spark.sql.execution.QueryExecution.withQueryExecutionId(QueryExecution.scala:1053)
	at org.apache.spark.sql.execution.QueryExecution.$anonfun$executePhase$1(QueryExecution.scala:1061)
	at org.apache.spark.sql.SparkSession.withActive(SparkSession.scala:866)
	at org.apache.spark.sql.execution.QueryExecution.executePhase(QueryExecution.scala:1060)
	at org.apache.spark.sql.execution.QueryExecution.$anonfun$lazyAnalyzed$2(QueryExecution.scala:598)
	at com.databricks.sql.util.MemoryTrackerHelper.withMemoryTracking(MemoryTrackerHelper.scala:111)
	at org.apache.spark.sql.execution.QueryExecution.$anonfun$lazyAnalyzed$1(QueryExecution.scala:597)
	at scala.util.Try$.apply(Try.scala:217)
	at org.apache.spark.util.Utils$.doTryWithCallerStacktrace(Utils.scala:1796)
	at org.apache.spark.util.Utils$.getTryWithCallerStacktrace(Utils.scala:1846)
	at org.apache.spark.util.LazyTry.get(LazyTry.scala:78)
	at org.apache.spark.sql.execution.QueryExecution.analyzed(QueryExecution.scala:661)
	at org.apache.spark.sql.execution.QueryExecution.assertAnalyzed(QueryExecution.scala:520)
	at org.apache.spark.sql.classic.Dataset$.$anonfun$ofRows$13(Dataset.scala:256)
	at org.apache.spark.sql.SparkSession.withActive(SparkSession.scala:866)
	at org.apache.spark.sql.classic.Dataset$.ofRows(Dataset.scala:253)
	at org.apache.spark.sql.connect.execution.SparkConnectPlanExecution.$anonfun$handlePlan$11(SparkConnectPlanExecution.scala:149)
	at org.apache.spark.sql.connect.utils.TimingUtils$.withTiming(TimingUtils.scala:35)
	at org.apache.spark.sql.connect.execution.SparkConnectPlanExecution.handlePlan(SparkConnectPlanExecution.scala:144)
	at org.apache.spark.sql.connect.execution.ExecuteThreadRunner.handlePlan(ExecuteThreadRunner.scala:522)
	at org.apache.spark.sql.connect.execution.ExecuteThreadRunner.$anonfun$executeInternal$1(ExecuteThreadRunner.scala:421)
	at org.apache.spark.sql.connect.execution.ExecuteThreadRunner.$anonfun$executeInternal$1$adapted(ExecuteThreadRunner.scala:340)
	at org.apache.spark.sql.connect.service.SessionHolder.$anonfun$withSession$2(SessionHolder.scala:844)
	at org.apache.spark.sql.SparkSession.withActive(SparkSession.scala:866)
	at org.apache.spark.sql.connect.service.SessionHolder.$anonfun$withSession$1(SessionHolder.scala:844)
	at org.apache.spark.JobArtifactSet$.withActiveJobArtifactState(JobArtifactSet.scala:97)
	at org.apache.spark.sql.artifact.ArtifactManager.$anonfun$withResources$1(ArtifactManager.scala:124)
	at org.apache.spark.sql.artifact.ArtifactManager.withClassLoaderIfNeeded(ArtifactManager.scala:118)
	at org.apache.spark.sql.artifact.ArtifactManager.withResources(ArtifactManager.scala:123)
	at org.apache.spark.sql.connect.service.SessionHolder.withSession(SessionHolder.scala:843)
	at org.apache.spark.sql.connect.execution.ExecuteThreadRunner.executeInternal(ExecuteThreadRunner.scala:340)
	at org.apache.spark.sql.connect.execution.ExecuteThreadRunner.$anonfun$execute$1(ExecuteThreadRunner.scala:200)
	at scala.runtime.java8.JFunction0$mcV$sp.apply(JFunction0$mcV$sp.scala:18)
	at com.databricks.spark.connect.service.UtilizationMetrics.recordActiveQueries(UtilizationMetrics.scala:92)
	at com.databricks.spark.connect.service.UtilizationMetrics.recordActiveQueries$(UtilizationMetrics.scala:89)
	at org.apache.spark.sql.connect.execution.ExecuteThreadRunner.recordActiveQueries(ExecuteThreadRunner.scala:61)
	at org.apache.spark.sql.connect.execution.ExecuteThreadRunner.org$apache$spark$sql$connect$execution$ExecuteThreadRunner$$execute(ExecuteThreadRunner.scala:192)
	at org.apache.spark.sql.connect.execution.ExecuteThreadRunner$ExecutionThread.$anonfun$run$3(ExecuteThreadRunner.scala:601)
	at scala.runtime.java8.JFunction0$mcV$sp.apply(JFunction0$mcV$sp.scala:18)
	at com.databricks.spark.util.DBRTracing$.withSpanFromParent(DBRTracing.scala:70)
	at org.apache.spark.sql.connect.execution.ExecuteThreadRunner$ExecutionThread.$anonfun$run$2(ExecuteThreadRunner.scala:601)
	at scala.runtime.java8.JFunction0$mcV$sp.apply(JFunction0$mcV$sp.scala:18)
	at com.databricks.unity.UCSEphemeralState$Handle.runWith(UCSEphemeralState.scala:51)
	at com.databricks.unity.HandleImpl.runWith(UCSHandle.scala:128)
	at com.databricks.unity.HandleImpl.$anonfun$runWithAndClose$1(UCSHandle.scala:133)
	at scala.util.Using$.resource(Using.scala:296)
	at com.databricks.unity.HandleImpl.runWithAndClose(UCSHandle.scala:132)
	at org.apache.spark.sql.connect.execution.ExecuteThreadRunner$ExecutionThread.run(ExecuteThreadRunner.scala:600)
Traceback (most recent call last):
  File "/home/spark-b97bafd2-1f8a-40d8-958f-4d/.ipykernel/317/command-8552945258467961-3527307838", line 169, in <module>
    add_metadata(cust_latest, CATALOG, BRONZE_SCHEMA, "customers", SILVER_SCHEMA, "clean_customers", pipeline_id, "customer_id", "modified_date")
  File "/Workspace/Users/krishnasumanbhaipatel@gmail.com/Practice Folder/lakehouse-practice-project/src/transformations/silver.py", line 65, in add_metadata
    .execute()
     ^^^^^^^^^
  File "/databricks/python/lib/python3.12/site-packages/delta/connect/tables.py", line 609, in execute
    return self._spark.createDataFrame(df.toPandas())
                                       ^^^^^^^^^^^^^
  File "/databricks/python/lib/python3.12/site-packages/pyspark/sql/connect/dataframe.py", line 1943, in toPandas
    pdf, ei = self._session.client.to_pandas(query, self._plan.observations)
              ^^^^^^^^^^^^^^^^^^^^^^^^^^^^^^^^^^^^^^^^^^^^^^^^^^^^^^^^^^^^^^
  File "/databricks/python/lib/python3.12/site-packages/pyspark/sql/connect/client/core.py", line 1386, in to_pandas
    table, schema, metrics, observed_metrics, _ = self._execute_and_fetch(
                                                  ^^^^^^^^^^^^^^^^^^^^^^^^
  File "/databricks/python/lib/python3.12/site-packages/pyspark/sql/connect/client/core.py", line 2086, in _execute_and_fetch
    for response in self._execute_and_fetch_as_iterator(
  File "/databricks/python/lib/python3.12/site-packages/pyspark/sql/connect/client/core.py", line 2062, in _execute_and_fetch_as_iterator
    self._handle_error(error)
  File "/databricks/python/lib/python3.12/site-packages/pyspark/sql/connect/client/core.py", line 2380, in _handle_error
    self._handle_rpc_error(error)
  File "/databricks/python/lib/python3.12/site-packages/pyspark/sql/connect/client/core.py", line 2458, in _handle_rpc_error
    raise convert_exception(
pyspark.errors.exceptions.connect.AnalysisException: [DELTA_MERGE_UNRESOLVED_EXPRESSION] Cannot resolve t.primary_key in search condition given columns t.customer_id, t.name, t.email, t.city, t.state, t.signup_date, t.created_date, t.modified_date, t._ingestion_job_id, t._source_table, t._ingestion_pipeline_id, t.ingestion_timestamp, t.updation_timestamp, s.customer_id, s.name, s.email, s.city, s.state, s.signup_date, s.created_date, s.modified_date, s._ingestion_job_id, s._source_table, s._ingestion_pipeline_id, s.ingestion_timestamp, s.updation_timestamp.; line 1 pos 0

JVM stacktrace:
com.databricks.sql.transaction.tahoe.DeltaAnalysisException
	at com.databricks.sql.transaction.tahoe.ResolveDeltaMergeInto$.$anonfun$throwIfNotResolved$3(ResolveDeltaMergeInto.scala:57)
	at scala.collection.immutable.List.foreach(List.scala:334)
	at com.databricks.sql.transaction.tahoe.ResolveDeltaMergeInto$.throwIfNotResolved(ResolveDeltaMergeInto.scala:53)
	at com.databricks.sql.transaction.tahoe.ResolveDeltaMergeInto$.$anonfun$resolveOrFail$1(ResolveDeltaMergeInto.scala:74)
	at com.databricks.sql.transaction.tahoe.ResolveDeltaMergeInto$.$anonfun$resolveOrFail$1$adapted(ResolveDeltaMergeInto.scala:74)
	at scala.collection.immutable.List.foreach(List.scala:334)
	at com.databricks.sql.transaction.tahoe.ResolveDeltaMergeInto$.resolveOrFail(ResolveDeltaMergeInto.scala:74)
	at com.databricks.sql.transaction.tahoe.ResolveDeltaMergeInto$.resolveSingleExprOrFail(ResolveDeltaMergeInto.scala:86)
	at com.databricks.sql.transaction.tahoe.ResolveDeltaMergeInto$.resolveReferencesAndSchema(ResolveDeltaMergeInto.scala:937)
	at com.databricks.sql.transaction.tahoe.DeltaAnalysis$$anonfun$apply$1.applyOrElse(DeltaAnalysis.scala:1543)
	at com.databricks.sql.transaction.tahoe.DeltaAnalysis$$anonfun$apply$1.applyOrElse(DeltaAnalysis.scala:166)
	at org.apache.spark.sql.catalyst.plans.logical.AnalysisHelper.$anonfun$resolveOperatorsDownWithPruning$2(AnalysisHelper.scala:201)
	at org.apache.spark.sql.catalyst.trees.CurrentOrigin$.withOrigin(origin.scala:142)
	at org.apache.spark.sql.catalyst.plans.logical.AnalysisHelper.$anonfun$resolveOperatorsDownWithPruning$1(AnalysisHelper.scala:201)
	at org.apache.spark.sql.catalyst.plans.logical.AnalysisHelper$.allowInvokingTransformsInAnalyzer(AnalysisHelper.scala:418)
	at org.apache.spark.sql.catalyst.plans.logical.AnalysisHelper.resolveOperatorsDownWithPruning(AnalysisHelper.scala:199)
	at org.apache.spark.sql.catalyst.plans.logical.AnalysisHelper.resolveOperatorsDownWithPruning$(AnalysisHelper.scala:195)
	at org.apache.spark.sql.catalyst.plans.logical.LogicalPlan.resolveOperatorsDownWithPruning(LogicalPlan.scala:48)
	at org.apache.spark.sql.catalyst.plans.logical.AnalysisHelper.resolveOperatorsDown(AnalysisHelper.scala:191)
	at org.apache.spark.sql.catalyst.plans.logical.AnalysisHelper.resolveOperatorsDown$(AnalysisHelper.scala:190)
	at org.apache.spark.sql.catalyst.plans.logical.LogicalPlan.resolveOperatorsDown(LogicalPlan.scala:48)
	at com.databricks.sql.transaction.tahoe.DeltaAnalysis.apply(DeltaAnalysis.scala:166)
	at com.databricks.sql.transaction.tahoe.DeltaAnalysis.apply(DeltaAnalysis.scala:152)
	at org.apache.spark.sql.catalyst.rules.RuleExecutor.$anonfun$execute$17(RuleExecutor.scala:521)
	at org.apache.spark.sql.catalyst.rules.RecoverableRuleExecutionHelper.processRule(RuleExecutor.scala:675)
	at org.apache.spark.sql.catalyst.rules.RecoverableRuleExecutionHelper.processRule$(RuleExecutor.scala:659)
	at org.apache.spark.sql.catalyst.rules.RuleExecutor.processRule(RuleExecutor.scala:155)
	at org.apache.spark.sql.catalyst.rules.RuleExecutor.$anonfun$execute$16(RuleExecutor.scala:521)
	at com.databricks.spark.util.MemoryTracker$.withThreadAllocatedBytes(MemoryTracker.scala:51)
	at org.apache.spark.sql.catalyst.QueryPlanningTracker$.measureRule(QueryPlanningTracker.scala:450)
	at org.apache.spark.sql.catalyst.rules.RuleExecutor.$anonfun$execute$15(RuleExecutor.scala:519)
	at com.databricks.spark.util.FrameProfiler$.$anonfun$record$1(FrameProfiler.scala:114)
	at com.databricks.spark.util.FrameProfilerExporter$.maybeExportFrameProfiler(FrameProfilerExporter.scala:201)
	at com.databricks.spark.util.FrameProfiler$.record(FrameProfiler.scala:105)
	at org.apache.spark.sql.catalyst.rules.RuleExecutor.$anonfun$execute$14(RuleExecutor.scala:518)
	at scala.collection.LinearSeqOps.foldLeft(LinearSeq.scala:183)
	at scala.collection.LinearSeqOps.foldLeft$(LinearSeq.scala:179)
	at scala.collection.immutable.List.foldLeft(List.scala:79)
	at org.apache.spark.sql.catalyst.rules.RuleExecutor.$anonfun$execute$13(RuleExecutor.scala:510)
	at scala.runtime.java8.JFunction0$mcV$sp.apply(JFunction0$mcV$sp.scala:18)
	at com.databricks.spark.util.FrameProfiler$.$anonfun$record$1(FrameProfiler.scala:114)
	at com.databricks.spark.util.FrameProfilerExporter$.maybeExportFrameProfiler(FrameProfilerExporter.scala:201)
	at com.databricks.spark.util.FrameProfiler$.record(FrameProfiler.scala:105)
	at org.apache.spark.sql.catalyst.rules.RuleExecutor.executeBatch$1(RuleExecutor.scala:484)
	at org.apache.spark.sql.catalyst.rules.RuleExecutor.$anonfun$execute$23(RuleExecutor.scala:631)
	at org.apache.spark.sql.catalyst.rules.RuleExecutor.$anonfun$execute$23$adapted(RuleExecutor.scala:631)
	at scala.collection.immutable.List.foreach(List.scala:334)
	at org.apache.spark.sql.catalyst.rules.RuleExecutor.$anonfun$execute$1(RuleExecutor.scala:631)
	at com.databricks.spark.util.FrameProfiler$.$anonfun$record$1(FrameProfiler.scala:114)
	at com.databricks.spark.util.FrameProfilerExporter$.maybeExportFrameProfiler(FrameProfilerExporter.scala:201)
	at com.databricks.spark.util.FrameProfiler$.record(FrameProfiler.scala:105)
	at org.apache.spark.sql.catalyst.rules.RuleExecutor.execute(RuleExecutor.scala:377)
	at org.apache.spark.sql.catalyst.analysis.Analyzer.super$execute(Analyzer.scala:728)
	at org.apache.spark.sql.catalyst.analysis.Analyzer.$anonfun$executeSameContext$1(Analyzer.scala:728)
	at com.databricks.sql.unity.SAMSnapshotHelper$.visitPlansDuringAnalysis(SAMSnapshotHelper.scala:43)
	at org.apache.spark.sql.catalyst.analysis.Analyzer.executeSameContext(Analyzer.scala:727)
	at org.apache.spark.sql.catalyst.analysis.Analyzer.$anonfun$execute$1(Analyzer.scala:700)
	at org.apache.spark.sql.catalyst.analysis.AnalysisContext$.withNewAnalysisContext(Analyzer.scala:520)
	at org.apache.spark.sql.catalyst.analysis.Analyzer.execute(Analyzer.scala:700)
	at org.apache.spark.sql.catalyst.analysis.Analyzer.execute(Analyzer.scala:610)
	at org.apache.spark.sql.catalyst.rules.RuleExecutor.$anonfun$executeAndTrack$1(RuleExecutor.scala:365)
	at org.apache.spark.sql.catalyst.QueryPlanningTracker$.withTracker(QueryPlanningTracker.scala:275)
	at org.apache.spark.sql.catalyst.rules.RuleExecutor.executeAndTrack(RuleExecutor.scala:365)
	at org.apache.spark.sql.catalyst.analysis.resolver.HybridAnalyzer.resolveInFixedPoint(HybridAnalyzer.scala:415)
	at org.apache.spark.sql.catalyst.analysis.resolver.HybridAnalyzer.$anonfun$apply$1(HybridAnalyzer.scala:98)
	at org.apache.spark.sql.catalyst.analysis.resolver.HybridAnalyzer.withTrackedAnalyzerBridgeState(HybridAnalyzer.scala:135)
	at org.apache.spark.sql.catalyst.analysis.resolver.HybridAnalyzer.apply(HybridAnalyzer.scala:91)
	at org.apache.spark.sql.catalyst.analysis.Analyzer.$anonfun$executeAndCheck$2(Analyzer.scala:677)
	at org.apache.spark.sql.catalyst.plans.logical.AnalysisHelper$.markInAnalyzer(AnalysisHelper.scala:425)
	at org.apache.spark.sql.catalyst.analysis.Analyzer.$anonfun$executeAndCheck$1(Analyzer.scala:677)
	at com.databricks.sql.unity.SAMSnapshotHelper$.visitPlansDuringAnalysis(SAMSnapshotHelper.scala:43)
	at org.apache.spark.sql.catalyst.analysis.Analyzer.executeAndCheck(Analyzer.scala:666)
	at org.apache.spark.sql.execution.QueryExecution.$anonfun$lazyAnalyzed$3(QueryExecution.scala:607)
	at com.databricks.spark.util.FrameProfiler$.$anonfun$record$1(FrameProfiler.scala:114)
	at com.databricks.spark.util.FrameProfilerExporter$.maybeExportFrameProfiler(FrameProfilerExporter.scala:201)
	at com.databricks.spark.util.FrameProfiler$.record(FrameProfiler.scala:105)
	at org.apache.spark.sql.catalyst.QueryPlanningTracker.measurePhase(QueryPlanningTracker.scala:1021)
	at org.apache.spark.sql.execution.QueryExecution.$anonfun$executePhase$8(QueryExecution.scala:1073)
	at org.apache.spark.sql.execution.SQLExecution$.$anonfun$withExecutionPhase$1(SQLExecution.scala:335)
	at com.databricks.util.TracingSpanUtils$.withTracing(TracingSpanUtils.scala:251)
	at com.databricks.spark.util.DatabricksTracingHelper.withSpan(DatabricksSparkTracingHelper.scala:154)
	at com.databricks.spark.util.DBRTracing$.withSpan(DBRTracing.scala:87)
	at org.apache.spark.sql.execution.SQLExecution$.withExecutionPhase(SQLExecution.scala:316)
	at org.apache.spark.sql.execution.QueryExecution.$anonfun$executePhase$7(QueryExecution.scala:1073)
	at org.apache.spark.sql.execution.QueryExecution$.withInternalError(QueryExecution.scala:1822)
	at org.apache.spark.sql.execution.QueryExecution.$anonfun$executePhase$5(QueryExecution.scala:1066)
	at com.databricks.util.LexicalThreadLocal$Handle.runWith(LexicalThreadLocal.scala:63)
	at org.apache.spark.sql.execution.QueryExecution.$anonfun$executePhase$4(QueryExecution.scala:1063)
	at com.databricks.util.LexicalThreadLocal$Handle.runWith(LexicalThreadLocal.scala:63)
	at org.apache.spark.sql.execution.QueryExecution.$anonfun$executePhase$3(QueryExecution.scala:1063)
	at com.databricks.util.LexicalThreadLocal$Handle.runWith(LexicalThreadLocal.scala:63)
	at org.apache.spark.sql.execution.QueryExecution.$anonfun$executePhase$2(QueryExecution.scala:1062)
	at com.databricks.util.LexicalThreadLocal$Handle.runWith(LexicalThreadLocal.scala:63)
	at org.apache.spark.sql.execution.QueryExecution.localBlock$1(QueryExecution.scala:1043)
	at org.apache.spark.sql.execution.QueryExecution.$anonfun$withQueryExecutionId$4(QueryExecution.scala:1053)
	at com.databricks.unity.UCSManager$.withTemporaryScope(UCSManager.scala:168)
	at org.apache.spark.sql.execution.QueryExecution.$anonfun$withQueryExecutionId$3(QueryExecution.scala:1052)
	at org.apache.spark.sql.execution.QueryExecution$.$anonfun$runWithWrappers$2(QueryExecution.scala:2075)
	at org.apache.spark.sql.execution.QueryExecution$.org$apache$spark$sql$execution$QueryExecution$$runWithWrappers(QueryExecution.scala:2074)
	at org.apache.spark.sql.execution.QueryExecution.withQueryExecutionId(QueryExecution.scala:1053)
	at org.apache.spark.sql.execution.QueryExecution.$anonfun$executePhase$1(QueryExecution.scala:1061)
	at org.apache.spark.sql.SparkSession.withActive(SparkSession.scala:866)
	at org.apache.spark.sql.execution.QueryExecution.executePhase(QueryExecution.scala:1060)
	at org.apache.spark.sql.execution.QueryExecution.$anonfun$lazyAnalyzed$2(QueryExecution.scala:598)
	at com.databricks.sql.util.MemoryTrackerHelper.withMemoryTracking(MemoryTrackerHelper.scala:111)
	at org.apache.spark.sql.execution.QueryExecution.$anonfun$lazyAnalyzed$1(QueryExecution.scala:597)
	at scala.util.Try$.apply(Try.scala:217)
	at org.apache.spark.util.Utils$.doTryWithCallerStacktrace(Utils.scala:1796)
	at org.apache.spark.util.Utils$.getTryWithCallerStacktrace(Utils.scala:1846)
	at org.apache.spark.util.LazyTry.get(LazyTry.scala:78)
	at org.apache.spark.sql.execution.QueryExecution.analyzed(QueryExecution.scala:661)
	at org.apache.spark.sql.execution.QueryExecution.assertAnalyzed(QueryExecution.scala:520)
	at org.apache.spark.sql.classic.Dataset$.$anonfun$ofRows$13(Dataset.scala:256)
	at org.apache.spark.sql.SparkSession.withActive(SparkSession.scala:866)
	at org.apache.spark.sql.classic.Dataset$.ofRows(Dataset.scala:253)
	at org.apache.spark.sql.connect.execution.SparkConnectPlanExecution.$anonfun$handlePlan$11(SparkConnectPlanExecution.scala:149)
	at org.apache.spark.sql.connect.utils.TimingUtils$.withTiming(TimingUtils.scala:35)
	at org.apache.spark.sql.connect.execution.SparkConnectPlanExecution.handlePlan(SparkConnectPlanExecution.scala:144)
	at org.apache.spark.sql.connect.execution.ExecuteThreadRunner.handlePlan(ExecuteThreadRunner.scala:522)
	at org.apache.spark.sql.connect.execution.ExecuteThreadRunner.$anonfun$executeInternal$1(ExecuteThreadRunner.scala:421)
	at org.apache.spark.sql.connect.execution.ExecuteThreadRunner.$anonfun$executeInternal$1$adapted(ExecuteThreadRunner.scala:340)
	at org.apache.spark.sql.connect.service.SessionHolder.$anonfun$withSession$2(SessionHolder.scala:844)
	at org.apache.spark.sql.SparkSession.withActive(SparkSession.scala:866)
	at org.apache.spark.sql.connect.service.SessionHolder.$anonfun$withSession$1(SessionHolder.scala:844)
	at org.apache.spark.JobArtifactSet$.withActiveJobArtifactState(JobArtifactSet.scala:97)
	at org.apache.spark.sql.artifact.ArtifactManager.$anonfun$withResources$1(ArtifactManager.scala:124)
	at org.apache.spark.sql.artifact.ArtifactManager.withClassLoaderIfNeeded(ArtifactManager.scala:118)
	at org.apache.spark.sql.artifact.ArtifactManager.withResources(ArtifactManager.scala:123)
	at org.apache.spark.sql.connect.service.SessionHolder.withSession(SessionHolder.scala:843)
	at org.apache.spark.sql.connect.execution.ExecuteThreadRunner.executeInternal(ExecuteThreadRunner.scala:340)
	at org.apache.spark.sql.connect.execution.ExecuteThreadRunner.$anonfun$execute$1(ExecuteThreadRunner.scala:200)
	at scala.runtime.java8.JFunction0$mcV$sp.apply(JFunction0$mcV$sp.scala:18)
	at com.databricks.spark.connect.service.UtilizationMetrics.recordActiveQueries(UtilizationMetrics.scala:92)
	at com.databricks.spark.connect.service.UtilizationMetrics.recordActiveQueries$(UtilizationMetrics.scala:89)
	at org.apache.spark.sql.connect.execution.ExecuteThreadRunner.recordActiveQueries(ExecuteThreadRunner.scala:61)
	at org.apache.spark.sql.connect.execution.ExecuteThreadRunner.org$apache$spark$sql$connect$execution$ExecuteThreadRunner$$execute(ExecuteThreadRunner.scala:192)
	at org.apache.spark.sql.connect.execution.ExecuteThreadRunner$ExecutionThread.$anonfun$run$3(ExecuteThreadRunner.scala:601)
	at scala.runtime.java8.JFunction0$mcV$sp.apply(JFunction0$mcV$sp.scala:18)
	at com.databricks.spark.util.DBRTracing$.withSpanFromParent(DBRTracing.scala:70)
	at org.apache.spark.sql.connect.execution.ExecuteThreadRunner$ExecutionThread.$anonfun$run$2(ExecuteThreadRunner.scala:601)
	at scala.runtime.java8.JFunction0$mcV$sp.apply(JFunction0$mcV$sp.scala:18)
	at com.databricks.unity.UCSEphemeralState$Handle.runWith(UCSEphemeralState.scala:51)
	at com.databricks.unity.HandleImpl.runWith(UCSHandle.scala:128)
	at com.databricks.unity.HandleImpl.$anonfun$runWithAndClose$1(UCSHandle.scala:133)
	at scala.util.Using$.resource(Using.scala:296)
	at com.databricks.unity.HandleImpl.runWithAndClose(UCSHandle.scala:132)
	at org.apache.spark.sql.connect.execution.ExecuteThreadRunner$ExecutionThread.run(ExecuteThreadRunner.scala:600)
2026-07-27 12:19:46,087 | INFO     | silver.clean_customers | Audit written successfully
2026-07-27 12:32:13,146 | INFO     | silver.clean_customers | Logging to file: /Workspace/Users/krishnasumanbhaipatel@gmail.com/Practice Folder/lakehouse-practice-project/logs/silver_clean_customers_20260727.log
2026-07-27 12:32:13,147 | INFO     | silver.clean_customers | Starting Silver pipeline at 2026-07-27 12:32:13.040930
2026-07-27 12:32:13,601 | INFO     | silver.clean_customers | Reading catalog_project1.bronze.customers table
2026-07-27 12:32:14,615 | INFO     | silver.clean_customers | Read 10 records from catalog_project1.bronze.customers
2026-07-27 12:32:14,616 | INFO     | silver.clean_customers | All required columns exists in the catalog_project1.bronze.customers
2026-07-27 12:32:14,618 | INFO     | silver.clean_customers | Data standardization completed for the catalog_project1.bronze.customers
2026-07-27 12:32:14,619 | INFO     | silver.clean_customers | Data type casting completed for the catalog_project1.bronze.customers
2026-07-27 12:32:15,509 | INFO     | silver.clean_customers | Data validation completed for the catalog_project1.bronze.customers
2026-07-27 12:32:15,897 | INFO     | silver.clean_customers | Deduplication completed for the catalog_project1.bronze.customers
2026-07-27 12:32:21,599 | INFO     | silver.clean_customers | Data written to the catalog_project1.silver.clean_customers
2026-07-27 12:32:23,050 | INFO     | silver.clean_customers | Data validation for catalog_project1.silver.clean_customers completed
2026-07-27 12:32:23,052 | INFO     | silver.clean_customers | Silver pipeline for catalog_project1.silver.clean_customers completed successfully
2026-07-27 12:32:25,314 | INFO     | silver.clean_customers | Audit written successfully
