2026-07-28 09:27:49,667 | INFO     | silver.clean_customers | Logging to file: /Workspace/Users/krishnasumanbhaipatel@gmail.com/Practice Folder/lakehouse-practice-project/logs/silver_clean_customers_20260728.log
2026-07-28 09:27:49,670 | INFO     | silver.clean_customers | Starting Silver pipeline at 2026-07-28 09:27:49.624165
2026-07-28 09:27:49,671 | ERROR    | silver.clean_customers | Silver catalog_project1.silver.clean_customers pipeline failed: table_exists() missing 1 required positional argument: 'table_name'
Traceback (most recent call last):
  File "/Workspace/Users/krishnasumanbhaipatel@gmail.com/Practice Folder/lakehouse-practice-project/src/transformations/silver.py", line 90, in transform_table
    table_exists(SOURCE_TABLE)
TypeError: table_exists() missing 1 required positional argument: 'table_name'
2026-07-28 09:28:06,347 | INFO     | silver.clean_customers | Audit for catalog_project1.silver.clean_customers written successfully
2026-07-28 09:29:47,274 | INFO     | silver.clean_customers | Logging to file: /Workspace/Users/krishnasumanbhaipatel@gmail.com/Practice Folder/lakehouse-practice-project/logs/silver_clean_customers_20260728.log
2026-07-28 09:29:47,275 | INFO     | silver.clean_customers | Starting Silver pipeline at 2026-07-28 09:29:47.225981
2026-07-28 09:29:47,277 | ERROR    | silver.clean_customers | Silver catalog_project1.silver.clean_customers pipeline failed: name 'spark' is not defined
Traceback (most recent call last):
  File "/Workspace/Users/krishnasumanbhaipatel@gmail.com/Practice Folder/lakehouse-practice-project/src/transformations/silver.py", line 90, in transform_table
    table_exists(SOURCE_TABLE)
  File "/Workspace/Users/krishnasumanbhaipatel@gmail.com/Practice Folder/lakehouse-practice-project/src/validation/quality_checks.py", line 48, in table_exists
    if not spark.catalog.tableExists(table_name):
          ^^^^^
NameError: name 'spark' is not defined
2026-07-28 09:29:50,594 | INFO     | silver.clean_customers | Audit for catalog_project1.silver.clean_customers written successfully
2026-07-28 09:31:10,921 | INFO     | silver.clean_customers | Logging to file: /Workspace/Users/krishnasumanbhaipatel@gmail.com/Practice Folder/lakehouse-practice-project/logs/silver_clean_customers_20260728.log
2026-07-28 09:31:10,922 | INFO     | silver.clean_customers | Starting Silver pipeline at 2026-07-28 09:31:10.892717
2026-07-28 09:31:10,925 | ERROR    | silver.clean_customers | Silver catalog_project1.silver.clean_customers pipeline failed: name 'spark' is not defined
Traceback (most recent call last):
  File "/Workspace/Users/krishnasumanbhaipatel@gmail.com/Practice Folder/lakehouse-practice-project/src/transformations/silver.py", line 88, in transform_table
    table_exists(SOURCE_TABLE)
  File "/Workspace/Users/krishnasumanbhaipatel@gmail.com/Practice Folder/lakehouse-practice-project/src/validation/quality_checks.py", line 48, in table_exists
    if not spark.catalog.tableExists(table_name):
          ^^^^^
NameError: name 'spark' is not defined
2026-07-28 09:31:12,861 | INFO     | silver.clean_customers | Audit for catalog_project1.silver.clean_customers written successfully
2026-07-28 09:33:08,301 | INFO     | silver.clean_customers | Logging to file: /Workspace/Users/krishnasumanbhaipatel@gmail.com/Practice Folder/lakehouse-practice-project/logs/silver_clean_customers_20260728.log
2026-07-28 09:33:08,302 | INFO     | silver.clean_customers | Starting Silver pipeline at 2026-07-28 09:33:08.269765
2026-07-28 09:33:08,303 | ERROR    | silver.clean_customers | Silver catalog_project1.silver.clean_customers pipeline failed: name 'spark' is not defined
Traceback (most recent call last):
  File "/Workspace/Users/krishnasumanbhaipatel@gmail.com/Practice Folder/lakehouse-practice-project/src/transformations/silver.py", line 88, in transform_table
    table_exists(SOURCE_TABLE)
  File "/Workspace/Users/krishnasumanbhaipatel@gmail.com/Practice Folder/lakehouse-practice-project/src/validation/quality_checks.py", line 48, in table_exists
    if not spark.catalog.tableExists(table_name):
          ^^^^^
NameError: name 'spark' is not defined
2026-07-28 09:33:10,307 | INFO     | silver.clean_customers | Audit for catalog_project1.silver.clean_customers written successfully
2026-07-28 09:33:20,555 | INFO     | silver.clean_customers | Logging to file: /Workspace/Users/krishnasumanbhaipatel@gmail.com/Practice Folder/lakehouse-practice-project/logs/silver_clean_customers_20260728.log
2026-07-28 09:33:20,556 | INFO     | silver.clean_customers | Starting Silver pipeline at 2026-07-28 09:33:20.515306
2026-07-28 09:33:20,557 | ERROR    | silver.clean_customers | Silver catalog_project1.silver.clean_customers pipeline failed: name 'spark' is not defined
Traceback (most recent call last):
  File "/Workspace/Users/krishnasumanbhaipatel@gmail.com/Practice Folder/lakehouse-practice-project/src/transformations/silver.py", line 88, in transform_table
    table_exists(SOURCE_TABLE)
  File "/Workspace/Users/krishnasumanbhaipatel@gmail.com/Practice Folder/lakehouse-practice-project/src/validation/quality_checks.py", line 48, in table_exists
    if not spark.catalog.tableExists(table_name):
          ^^^^^
NameError: name 'spark' is not defined
2026-07-28 09:33:22,510 | INFO     | silver.clean_customers | Audit for catalog_project1.silver.clean_customers written successfully
2026-07-28 09:33:45,560 | INFO     | silver.clean_customers | Logging to file: /Workspace/Users/krishnasumanbhaipatel@gmail.com/Practice Folder/lakehouse-practice-project/logs/silver_clean_customers_20260728.log
2026-07-28 09:33:45,561 | INFO     | silver.clean_customers | Starting Silver pipeline at 2026-07-28 09:33:45.513295
2026-07-28 09:33:45,562 | ERROR    | silver.clean_customers | Silver catalog_project1.silver.clean_customers pipeline failed: name 'spark' is not defined
Traceback (most recent call last):
  File "/Workspace/Users/krishnasumanbhaipatel@gmail.com/Practice Folder/lakehouse-practice-project/src/transformations/silver.py", line 88, in transform_table
    table_exists(SOURCE_TABLE)
  File "/Workspace/Users/krishnasumanbhaipatel@gmail.com/Practice Folder/lakehouse-practice-project/src/validation/quality_checks.py", line 48, in table_exists
    if not spark.catalog.tableExists(table_name):
          ^^^^^
NameError: name 'spark' is not defined
2026-07-28 09:33:47,846 | INFO     | silver.clean_customers | Audit for catalog_project1.silver.clean_customers written successfully
2026-07-28 09:34:02,902 | INFO     | silver.clean_customers | Logging to file: /Workspace/Users/krishnasumanbhaipatel@gmail.com/Practice Folder/lakehouse-practice-project/logs/silver_clean_customers_20260728.log
2026-07-28 09:34:02,903 | INFO     | silver.clean_customers | Starting Silver pipeline at 2026-07-28 09:34:02.844417
2026-07-28 09:34:02,904 | ERROR    | silver.clean_customers | Silver catalog_project1.silver.clean_customers pipeline failed: name 'spark' is not defined
Traceback (most recent call last):
  File "/Workspace/Users/krishnasumanbhaipatel@gmail.com/Practice Folder/lakehouse-practice-project/src/transformations/silver.py", line 88, in transform_table
    table_exists(SOURCE_TABLE)
  File "/Workspace/Users/krishnasumanbhaipatel@gmail.com/Practice Folder/lakehouse-practice-project/src/validation/quality_checks.py", line 48, in table_exists
    if not spark.catalog.tableExists(table_name):
          ^^^^^
NameError: name 'spark' is not defined
2026-07-28 09:34:05,057 | INFO     | silver.clean_customers | Audit for catalog_project1.silver.clean_customers written successfully
2026-07-28 10:00:34,536 | INFO     | silver.clean_customers | Logging to file: /Workspace/Users/krishnasumanbhaipatel@gmail.com/Practice Folder/lakehouse-practice-project/logs/silver_clean_customers_20260728.log
2026-07-28 10:00:34,537 | INFO     | silver.clean_customers | Starting Silver pipeline at 2026-07-28 10:00:34.500447
2026-07-28 10:00:35,286 | INFO     | silver.clean_customers | Reading catalog_project1.bronze.customers table
2026-07-28 10:00:38,005 | INFO     | silver.clean_customers | Read 10 records from catalog_project1.bronze.customers
2026-07-28 10:00:38,007 | INFO     | silver.clean_customers | All required columns exists in the catalog_project1.bronze.customers
2026-07-28 10:00:38,041 | ERROR    | silver.clean_customers | Silver catalog_project1.silver.clean_customers pipeline failed: name 'trim_columns' is not defined
Traceback (most recent call last):
  File "/Workspace/Users/krishnasumanbhaipatel@gmail.com/Practice Folder/lakehouse-practice-project/src/transformations/silver.py", line 113, in transform_table
    table_clean = trim_columns(table_clean, *columns_to_trim)
                  ^^^^^^^^^^^^
NameError: name 'trim_columns' is not defined. Did you mean: 'cast_columns'?
2026-07-28 10:00:40,162 | INFO     | silver.clean_customers | Audit for catalog_project1.silver.clean_customers written successfully
2026-07-28 10:05:19,457 | INFO     | silver.clean_customers | Logging to file: /Workspace/Users/krishnasumanbhaipatel@gmail.com/Practice Folder/lakehouse-practice-project/logs/silver_clean_customers_20260728.log
2026-07-28 10:05:19,458 | INFO     | silver.clean_customers | Starting Silver pipeline at 2026-07-28 10:05:19.427904
2026-07-28 10:05:19,990 | INFO     | silver.clean_customers | Reading catalog_project1.bronze.customers table
2026-07-28 10:05:21,494 | INFO     | silver.clean_customers | Read 10 records from catalog_project1.bronze.customers
2026-07-28 10:05:21,494 | INFO     | silver.clean_customers | All required columns exists in the catalog_project1.bronze.customers
2026-07-28 10:05:22,319 | INFO     | silver.clean_customers | Data standardization completed for the catalog_project1.bronze.customers
2026-07-28 10:05:22,756 | ERROR    | silver.clean_customers | Silver catalog_project1.silver.clean_customers pipeline failed: 
[UNSUPPORTED_DATATYPE] Unsupported data type "EMAIL". SQLSTATE: 0A000 (line 1, pos 0)

== SQL ==
email
^^^


JVM stacktrace:
org.apache.spark.sql.catalyst.parser.ParseException
	at org.apache.spark.sql.errors.QueryParsingErrors$.dataTypeUnsupportedError(QueryParsingErrors.scala:395)
	at org.apache.spark.sql.catalyst.parser.DataTypeAstBuilder.$anonfun$visitPrimitiveDataType$1(DataTypeAstBuilder.scala:655)
	at org.apache.spark.sql.catalyst.util.SparkParserUtils.withOrigin(SparkParserUtils.scala:213)
	at org.apache.spark.sql.catalyst.util.SparkParserUtils.withOrigin$(SparkParserUtils.scala:196)
	at org.apache.spark.sql.catalyst.util.SparkParserUtils$.withOrigin(SparkParserUtils.scala:261)
	at org.apache.spark.sql.catalyst.parser.DataTypeAstBuilder.visitPrimitiveDataType(DataTypeAstBuilder.scala:521)
	at org.apache.spark.sql.catalyst.parser.DataTypeAstBuilder.visitPrimitiveDataType(DataTypeAstBuilder.scala:93)
	at org.apache.spark.sql.catalyst.parser.SqlBaseParser$PrimitiveDataTypeContext.accept(SqlBaseParser.java:60341)
	at org.apache.spark.sql.catalyst.parser.DataTypeAstBuilder.typedVisit(DataTypeAstBuilder.scala:95)
	at org.apache.spark.sql.catalyst.parser.DataTypeAstBuilder.$anonfun$visitSingleDataType$1(DataTypeAstBuilder.scala:113)
	at org.apache.spark.sql.catalyst.util.SparkParserUtils.withOrigin(SparkParserUtils.scala:213)
	at org.apache.spark.sql.catalyst.util.SparkParserUtils.withOrigin$(SparkParserUtils.scala:196)
	at org.apache.spark.sql.catalyst.util.SparkParserUtils$.withOrigin(SparkParserUtils.scala:261)
	at org.apache.spark.sql.catalyst.parser.DataTypeAstBuilder.visitSingleDataType(DataTypeAstBuilder.scala:113)
	at org.apache.spark.sql.catalyst.parser.AbstractParser.$anonfun$parseDataType$1(parsers.scala:49)
	at org.apache.spark.sql.catalyst.parser.AbstractParser$.executeWithTwoStageStrategy(parsers.scala:313)
	at org.apache.spark.sql.catalyst.parser.AbstractParser.parse(parsers.scala:89)
	at org.apache.spark.sql.execution.SparkSqlParser.super$parse(SparkSqlParser.scala:316)
	at org.apache.spark.sql.execution.SparkSqlParser.$anonfun$parseInternal$1(SparkSqlParser.scala:316)
	at org.apache.spark.sql.catalyst.trees.CurrentOrigin$.withOrigin(origin.scala:142)
	at org.apache.spark.sql.execution.SparkSqlParser.parseInternal(SparkSqlParser.scala:316)
	at org.apache.spark.sql.execution.SparkSqlParser.parse(SparkSqlParser.scala:233)
	at org.apache.spark.sql.catalyst.parser.AbstractParser.parseDataType(parsers.scala:48)
	at org.apache.spark.sql.connect.planner.SparkConnectPlanner.transformCast(SparkConnectPlanner.scala:3178)
	at org.apache.spark.sql.connect.planner.SparkConnectPlanner.doTransformExpression(SparkConnectPlanner.scala:2654)
	at org.apache.spark.sql.connect.planner.SparkConnectPlanner.$anonfun$transformExpression$1(SparkConnectPlanner.scala:2592)
	at org.apache.spark.sql.catalyst.trees.CurrentOrigin$.withOrigin(origin.scala:142)
	at org.apache.spark.sql.connect.planner.SparkConnectPlanner.transformExpression(SparkConnectPlanner.scala:2592)
	at org.apache.spark.sql.connect.planner.SparkConnectPlanner.$anonfun$transformProject$2(SparkConnectPlanner.scala:2554)
	at scala.collection.immutable.List.map(List.scala:251)
	at scala.collection.immutable.List.map(List.scala:79)
	at org.apache.spark.sql.connect.planner.SparkConnectPlanner.transformProject(SparkConnectPlanner.scala:2554)
	at org.apache.spark.sql.connect.planner.SparkConnectPlanner.$anonfun$transformRelation$2(SparkConnectPlanner.scala:260)
	at org.apache.spark.sql.connect.service.SessionHolder.$anonfun$usePlanCache$15(SessionHolder.scala:1131)
	at org.apache.spark.sql.connect.service.SessionHolder.measureSubtreeRelationNodes(SessionHolder.scala:1151)
	at org.apache.spark.sql.connect.service.SessionHolder.$anonfun$usePlanCache$14(SessionHolder.scala:1130)
	at org.apache.spark.sql.connect.utils.TimingUtils$.withTiming(TimingUtils.scala:35)
	at org.apache.spark.sql.connect.service.SessionHolder.$anonfun$usePlanCache$11(SessionHolder.scala:1130)
	at scala.Option.getOrElse(Option.scala:201)
	at org.apache.spark.sql.connect.service.SessionHolder.usePlanCache(SessionHolder.scala:1122)
	at org.apache.spark.sql.connect.planner.SparkConnectPlanner.$anonfun$transformRelation$1(SparkConnectPlanner.scala:252)
	at scala.Option.getOrElse(Option.scala:201)
	at org.apache.spark.sql.connect.planner.SparkConnectPlanner.transformRelation(SparkConnectPlanner.scala:252)
	at org.apache.spark.sql.connect.service.SparkConnectAnalyzeHandler.$anonfun$process$3(SparkConnectAnalyzeHandler.scala:124)
	at org.apache.spark.sql.connect.utils.TimingUtils$.withTiming(TimingUtils.scala:35)
	at org.apache.spark.sql.connect.service.SparkConnectAnalyzeHandler.transformRelation$1(SparkConnectAnalyzeHandler.scala:124)
	at org.apache.spark.sql.connect.service.SparkConnectAnalyzeHandler.transformRelationPlan$1(SparkConnectAnalyzeHandler.scala:135)
	at org.apache.spark.sql.connect.service.SparkConnectAnalyzeHandler.process(SparkConnectAnalyzeHandler.scala:173)
	at org.apache.spark.sql.connect.service.SparkConnectAnalyzeHandler.$anonfun$handle$5(SparkConnectAnalyzeHandler.scala:95)
	at org.apache.spark.sql.connect.service.SparkConnectAnalyzeHandler.$anonfun$handle$5$adapted(SparkConnectAnalyzeHandler.scala:87)
	at org.apache.spark.sql.connect.service.SessionHolder.$anonfun$withSession$2(SessionHolder.scala:844)
	at org.apache.spark.sql.SparkSession.withActive(SparkSession.scala:866)
	at org.apache.spark.sql.connect.service.SessionHolder.$anonfun$withSession$1(SessionHolder.scala:844)
	at org.apache.spark.JobArtifactSet$.withActiveJobArtifactState(JobArtifactSet.scala:97)
	at org.apache.spark.sql.artifact.ArtifactManager.$anonfun$withResources$1(ArtifactManager.scala:124)
	at org.apache.spark.sql.artifact.ArtifactManager.withClassLoaderIfNeeded(ArtifactManager.scala:118)
	at org.apache.spark.sql.artifact.ArtifactManager.withResources(ArtifactManager.scala:123)
	at org.apache.spark.sql.connect.service.SessionHolder.withSession(SessionHolder.scala:843)
	at org.apache.spark.sql.connect.service.SparkConnectAnalyzeHandler.$anonfun$handle$1(SparkConnectAnalyzeHandler.scala:87)
	at org.apache.spark.sql.connect.service.SparkConnectAnalyzeHandler.$anonfun$handle$1$adapted(SparkConnectAnalyzeHandler.scala:54)
	at com.databricks.spark.connect.logging.rpc.SparkConnectRpcMetricsCollectorUtils$.collectMetrics(SparkConnectRpcMetricsCollector.scala:293)
	at org.apache.spark.sql.connect.service.SparkConnectAnalyzeHandler.handle(SparkConnectAnalyzeHandler.scala:53)
	at org.apache.spark.sql.connect.service.SparkConnectService.analyzePlan(SparkConnectService.scala:117)
	at org.apache.spark.connect.proto.SparkConnectServiceGrpc$MethodHandlers.invoke(SparkConnectServiceGrpc.java:1008)
	at org.sparkproject.connect.io.grpc.stub.ServerCalls$UnaryServerCallHandler$UnaryServerCallListener.onHalfClose(ServerCalls.java:182)
	at org.sparkproject.connect.io.grpc.PartialForwardingServerCallListener.onHalfClose(PartialForwardingServerCallListener.java:35)
	at org.sparkproject.connect.io.grpc.ForwardingServerCallListener.onHalfClose(ForwardingServerCallListener.java:23)
	at org.sparkproject.connect.io.grpc.ForwardingServerCallListener$SimpleForwardingServerCallListener.onHalfClose(ForwardingServerCallListener.java:40)
	at org.sparkproject.connect.io.grpc.PartialForwardingServerCallListener.onHalfClose(PartialForwardingServerCallListener.java:35)
	at org.sparkproject.connect.io.grpc.ForwardingServerCallListener.onHalfClose(ForwardingServerCallListener.java:23)
	at org.sparkproject.connect.io.grpc.ForwardingServerCallListener$SimpleForwardingServerCallListener.onHalfClose(ForwardingServerCallListener.java:40)
	at org.sparkproject.connect.io.grpc.PartialForwardingServerCallListener.onHalfClose(PartialForwardingServerCallListener.java:35)
	at org.sparkproject.connect.io.grpc.ForwardingServerCallListener.onHalfClose(ForwardingServerCallListener.java:23)
	at org.sparkproject.connect.io.grpc.ForwardingServerCallListener$SimpleForwardingServerCallListener.onHalfClose(ForwardingServerCallListener.java:40)
	at org.sparkproject.connect.io.grpc.Contexts$ContextualizedServerCallListener.onHalfClose(Contexts.java:86)
	at org.sparkproject.connect.io.grpc.PartialForwardingServerCallListener.onHalfClose(PartialForwardingServerCallListener.java:35)
	at org.sparkproject.connect.io.grpc.ForwardingServerCallListener.onHalfClose(ForwardingServerCallListener.java:23)
	at org.sparkproject.connect.io.grpc.ForwardingServerCallListener$SimpleForwardingServerCallListener.onHalfClose(ForwardingServerCallListener.java:40)
	at com.databricks.spark.connect.service.AuthenticationInterceptor$AuthenticatedServerCallListener.$anonfun$onHalfClose$1(AuthenticationInterceptor.scala:528)
	at scala.runtime.java8.JFunction0$mcV$sp.apply(JFunction0$mcV$sp.scala:18)
	at com.databricks.unity.UCSEphemeralState$Handle.runWith(UCSEphemeralState.scala:51)
	at com.databricks.unity.HandleImpl.runWith(UCSHandle.scala:128)
	at com.databricks.spark.connect.service.RequestContext.$anonfun$runWith$4(RequestContext.scala:494)
	at com.databricks.util.TracingSpanUtils$.withSyncTracingAndParentFromHeaders(TracingSpanUtils.scala:456)
	at com.databricks.spark.util.DatabricksTracingHelper.withSpanFromRequest(DatabricksSparkTracingHelper.scala:136)
	at com.databricks.spark.util.DBRTracing$.withSpanFromRequest(DBRTracing.scala:75)
	at com.databricks.spark.connect.service.RequestContext.runWithSpanFromTags(RequestContext.scala:517)
	at com.databricks.spark.connect.service.RequestContext.$anonfun$runWith$3(RequestContext.scala:494)
	at com.databricks.spark.connect.service.RequestContext$.com$databricks$spark$connect$service$RequestContext$$withLocalProperties(RequestContext.scala:729)
	at com.databricks.spark.connect.service.RequestContext.$anonfun$runWith$2(RequestContext.scala:493)
	at com.databricks.logging.AttributionContextTracing.$anonfun$withAttributionContext$1(AttributionContextTracing.scala:146)
	at com.databricks.logging.AttributionContext$.$anonfun$withValue$1(AttributionContext.scala:349)
	at scala.util.DynamicVariable.withValue(DynamicVariable.scala:59)
	at com.databricks.logging.AttributionContext$.withValue(AttributionContext.scala:345)
	at com.databricks.logging.AttributionContextTracing.withAttributionContext(AttributionContextTracing.scala:144)
	at com.databricks.logging.AttributionContextTracing.withAttributionContext$(AttributionContextTracing.scala:141)
	at com.databricks.spark.util.PublicDBLogging.withAttributionContext(DatabricksSparkUsageLogger.scala:29)
	at com.databricks.spark.util.UniverseAttributionContextWrapper.withValue(AttributionContextUtils.scala:242)
	at com.databricks.spark.connect.service.RequestContext.$anonfun$runWith$1(RequestContext.scala:492)
	at com.databricks.spark.connect.service.RequestContext.withContext(RequestContext.scala:525)
	at com.databricks.spark.connect.service.RequestContext.runWith(RequestContext.scala:485)
	at com.databricks.spark.connect.service.AuthenticationInterceptor$AuthenticatedServerCallListener.onHalfClose(AuthenticationInterceptor.scala:528)
	at org.sparkproject.connect.io.grpc.PartialForwardingServerCallListener.onHalfClose(PartialForwardingServerCallListener.java:35)
	at org.sparkproject.connect.io.grpc.ForwardingServerCallListener.onHalfClose(ForwardingServerCallListener.java:23)
	at org.sparkproject.connect.io.grpc.ForwardingServerCallListener$SimpleForwardingServerCallListener.onHalfClose(ForwardingServerCallListener.java:40)
	at org.sparkproject.connect.io.grpc.internal.ServerCallImpl$ServerStreamListenerImpl.halfClosed(ServerCallImpl.java:356)
	at org.sparkproject.connect.io.grpc.internal.ServerImpl$JumpToApplicationThreadServerStreamListener$1HalfClosed.runInContext(ServerImpl.java:861)
	at org.sparkproject.connect.io.grpc.internal.ContextRunnable.run(ContextRunnable.java:37)
	at org.sparkproject.connect.io.grpc.internal.SerializingExecutor.run(SerializingExecutor.java:133)
	at org.apache.spark.util.threads.SparkThreadLocalCapturingRunnable.$anonfun$run$1(SparkThreadLocalForwardingThreadPoolExecutor.scala:171)
	at scala.runtime.java8.JFunction0$mcV$sp.apply(JFunction0$mcV$sp.scala:18)
	at com.databricks.spark.util.DBRTracing$.withSpanFromParent(DBRTracing.scala:70)
	at org.apache.spark.util.threads.SparkThreadLocalCapturingHelper.$anonfun$runWithCaptured$7(SparkThreadLocalForwardingThreadPoolExecutor.scala:124)
	at com.databricks.util.LexicalThreadLocal$Handle.runWith(LexicalThreadLocal.scala:63)
	at org.apache.spark.util.threads.SparkThreadLocalCapturingHelper.$anonfun$runWithCaptured$6(SparkThreadLocalForwardingThreadPoolExecutor.scala:123)
	at com.databricks.sql.transaction.tahoe.mst.MSTThreadHelper$.runWithMSTContext(MSTThreadHelper.scala:77)
	at org.apache.spark.util.threads.SparkThreadLocalCapturingHelper.$anonfun$runWithCaptured$5(SparkThreadLocalForwardingThreadPoolExecutor.scala:120)
	at com.databricks.spark.util.IdentityClaim$.withClaim(IdentityClaim.scala:48)
	at org.apache.spark.util.threads.SparkThreadLocalCapturingHelper.$anonfun$runWithCaptured$4(SparkThreadLocalForwardingThreadPoolExecutor.scala:119)
	at com.databricks.unity.UCSEphemeralState$Handle.runWith(UCSEphemeralState.scala:51)
	at org.apache.spark.util.threads.SparkThreadLocalCapturingHelper.runWithCaptured(SparkThreadLocalForwardingThreadPoolExecutor.scala:118)
	at org.apache.spark.util.threads.SparkThreadLocalCapturingHelper.runWithCaptured$(SparkThreadLocalForwardingThreadPoolExecutor.scala:95)
	at org.apache.spark.util.threads.SparkThreadLocalCapturingRunnable.runWithCaptured(SparkThreadLocalForwardingThreadPoolExecutor.scala:168)
	at org.apache.spark.util.threads.SparkThreadLocalCapturingRunnable.run(SparkThreadLocalForwardingThreadPoolExecutor.scala:171)
	at java.util.concurrent.ThreadPoolExecutor.runWorker(ThreadPoolExecutor.java:1136)
	at java.util.concurrent.ThreadPoolExecutor$Worker.run(ThreadPoolExecutor.java:635)
	at java.lang.Thread.run(Thread.java:840)
Traceback (most recent call last):
  File "/Workspace/Users/krishnasumanbhaipatel@gmail.com/Practice Folder/lakehouse-practice-project/src/transformations/silver.py", line 127, in transform_table
    table_clean.printSchema()
  File "/databricks/python/lib/python3.12/site-packages/pyspark/sql/connect/dataframe.py", line 2015, in printSchema
    print(self.schema.treeString())
          ^^^^^^^^^^^
  File "/databricks/python/lib/python3.12/site-packages/pyspark/sql/connect/dataframe.py", line 1988, in schema
    _schema = self._schema
              ^^^^^^^^^^^^
  File "/databricks/python/lib/python3.12/site-packages/pyspark/sql/connect/dataframe.py", line 1977, in _schema
    self._cached_schema = self._session.client.schema(query)
                          ^^^^^^^^^^^^^^^^^^^^^^^^^^^^^^^^^^
  File "/databricks/python/lib/python3.12/site-packages/pyspark/sql/connect/client/core.py", line 1495, in schema
    schema = self._analyze(method="schema", plan=plan).schema
             ^^^^^^^^^^^^^^^^^^^^^^^^^^^^^^^^^^^^^^^^^
  File "/databricks/python/lib/python3.12/site-packages/pyspark/sql/connect/client/core.py", line 1808, in _analyze
    self._handle_error(error)
  File "/databricks/python/lib/python3.12/site-packages/pyspark/sql/connect/client/core.py", line 2380, in _handle_error
    self._handle_rpc_error(error)
  File "/databricks/python/lib/python3.12/site-packages/pyspark/sql/connect/client/core.py", line 2458, in _handle_rpc_error
    raise convert_exception(
pyspark.errors.exceptions.connect.ParseException: 
[UNSUPPORTED_DATATYPE] Unsupported data type "EMAIL". SQLSTATE: 0A000 (line 1, pos 0)

== SQL ==
email
^^^


JVM stacktrace:
org.apache.spark.sql.catalyst.parser.ParseException
	at org.apache.spark.sql.errors.QueryParsingErrors$.dataTypeUnsupportedError(QueryParsingErrors.scala:395)
	at org.apache.spark.sql.catalyst.parser.DataTypeAstBuilder.$anonfun$visitPrimitiveDataType$1(DataTypeAstBuilder.scala:655)
	at org.apache.spark.sql.catalyst.util.SparkParserUtils.withOrigin(SparkParserUtils.scala:213)
	at org.apache.spark.sql.catalyst.util.SparkParserUtils.withOrigin$(SparkParserUtils.scala:196)
	at org.apache.spark.sql.catalyst.util.SparkParserUtils$.withOrigin(SparkParserUtils.scala:261)
	at org.apache.spark.sql.catalyst.parser.DataTypeAstBuilder.visitPrimitiveDataType(DataTypeAstBuilder.scala:521)
	at org.apache.spark.sql.catalyst.parser.DataTypeAstBuilder.visitPrimitiveDataType(DataTypeAstBuilder.scala:93)
	at org.apache.spark.sql.catalyst.parser.SqlBaseParser$PrimitiveDataTypeContext.accept(SqlBaseParser.java:60341)
	at org.apache.spark.sql.catalyst.parser.DataTypeAstBuilder.typedVisit(DataTypeAstBuilder.scala:95)
	at org.apache.spark.sql.catalyst.parser.DataTypeAstBuilder.$anonfun$visitSingleDataType$1(DataTypeAstBuilder.scala:113)
	at org.apache.spark.sql.catalyst.util.SparkParserUtils.withOrigin(SparkParserUtils.scala:213)
	at org.apache.spark.sql.catalyst.util.SparkParserUtils.withOrigin$(SparkParserUtils.scala:196)
	at org.apache.spark.sql.catalyst.util.SparkParserUtils$.withOrigin(SparkParserUtils.scala:261)
	at org.apache.spark.sql.catalyst.parser.DataTypeAstBuilder.visitSingleDataType(DataTypeAstBuilder.scala:113)
	at org.apache.spark.sql.catalyst.parser.AbstractParser.$anonfun$parseDataType$1(parsers.scala:49)
	at org.apache.spark.sql.catalyst.parser.AbstractParser$.executeWithTwoStageStrategy(parsers.scala:313)
	at org.apache.spark.sql.catalyst.parser.AbstractParser.parse(parsers.scala:89)
	at org.apache.spark.sql.execution.SparkSqlParser.super$parse(SparkSqlParser.scala:316)
	at org.apache.spark.sql.execution.SparkSqlParser.$anonfun$parseInternal$1(SparkSqlParser.scala:316)
	at org.apache.spark.sql.catalyst.trees.CurrentOrigin$.withOrigin(origin.scala:142)
	at org.apache.spark.sql.execution.SparkSqlParser.parseInternal(SparkSqlParser.scala:316)
	at org.apache.spark.sql.execution.SparkSqlParser.parse(SparkSqlParser.scala:233)
	at org.apache.spark.sql.catalyst.parser.AbstractParser.parseDataType(parsers.scala:48)
	at org.apache.spark.sql.connect.planner.SparkConnectPlanner.transformCast(SparkConnectPlanner.scala:3178)
	at org.apache.spark.sql.connect.planner.SparkConnectPlanner.doTransformExpression(SparkConnectPlanner.scala:2654)
	at org.apache.spark.sql.connect.planner.SparkConnectPlanner.$anonfun$transformExpression$1(SparkConnectPlanner.scala:2592)
	at org.apache.spark.sql.catalyst.trees.CurrentOrigin$.withOrigin(origin.scala:142)
	at org.apache.spark.sql.connect.planner.SparkConnectPlanner.transformExpression(SparkConnectPlanner.scala:2592)
	at org.apache.spark.sql.connect.planner.SparkConnectPlanner.$anonfun$transformProject$2(SparkConnectPlanner.scala:2554)
	at scala.collection.immutable.List.map(List.scala:251)
	at scala.collection.immutable.List.map(List.scala:79)
	at org.apache.spark.sql.connect.planner.SparkConnectPlanner.transformProject(SparkConnectPlanner.scala:2554)
	at org.apache.spark.sql.connect.planner.SparkConnectPlanner.$anonfun$transformRelation$2(SparkConnectPlanner.scala:260)
	at org.apache.spark.sql.connect.service.SessionHolder.$anonfun$usePlanCache$15(SessionHolder.scala:1131)
	at org.apache.spark.sql.connect.service.SessionHolder.measureSubtreeRelationNodes(SessionHolder.scala:1151)
	at org.apache.spark.sql.connect.service.SessionHolder.$anonfun$usePlanCache$14(SessionHolder.scala:1130)
	at org.apache.spark.sql.connect.utils.TimingUtils$.withTiming(TimingUtils.scala:35)
	at org.apache.spark.sql.connect.service.SessionHolder.$anonfun$usePlanCache$11(SessionHolder.scala:1130)
	at scala.Option.getOrElse(Option.scala:201)
	at org.apache.spark.sql.connect.service.SessionHolder.usePlanCache(SessionHolder.scala:1122)
	at org.apache.spark.sql.connect.planner.SparkConnectPlanner.$anonfun$transformRelation$1(SparkConnectPlanner.scala:252)
	at scala.Option.getOrElse(Option.scala:201)
	at org.apache.spark.sql.connect.planner.SparkConnectPlanner.transformRelation(SparkConnectPlanner.scala:252)
	at org.apache.spark.sql.connect.service.SparkConnectAnalyzeHandler.$anonfun$process$3(SparkConnectAnalyzeHandler.scala:124)
	at org.apache.spark.sql.connect.utils.TimingUtils$.withTiming(TimingUtils.scala:35)
	at org.apache.spark.sql.connect.service.SparkConnectAnalyzeHandler.transformRelation$1(SparkConnectAnalyzeHandler.scala:124)
	at org.apache.spark.sql.connect.service.SparkConnectAnalyzeHandler.transformRelationPlan$1(SparkConnectAnalyzeHandler.scala:135)
	at org.apache.spark.sql.connect.service.SparkConnectAnalyzeHandler.process(SparkConnectAnalyzeHandler.scala:173)
	at org.apache.spark.sql.connect.service.SparkConnectAnalyzeHandler.$anonfun$handle$5(SparkConnectAnalyzeHandler.scala:95)
	at org.apache.spark.sql.connect.service.SparkConnectAnalyzeHandler.$anonfun$handle$5$adapted(SparkConnectAnalyzeHandler.scala:87)
	at org.apache.spark.sql.connect.service.SessionHolder.$anonfun$withSession$2(SessionHolder.scala:844)
	at org.apache.spark.sql.SparkSession.withActive(SparkSession.scala:866)
	at org.apache.spark.sql.connect.service.SessionHolder.$anonfun$withSession$1(SessionHolder.scala:844)
	at org.apache.spark.JobArtifactSet$.withActiveJobArtifactState(JobArtifactSet.scala:97)
	at org.apache.spark.sql.artifact.ArtifactManager.$anonfun$withResources$1(ArtifactManager.scala:124)
	at org.apache.spark.sql.artifact.ArtifactManager.withClassLoaderIfNeeded(ArtifactManager.scala:118)
	at org.apache.spark.sql.artifact.ArtifactManager.withResources(ArtifactManager.scala:123)
	at org.apache.spark.sql.connect.service.SessionHolder.withSession(SessionHolder.scala:843)
	at org.apache.spark.sql.connect.service.SparkConnectAnalyzeHandler.$anonfun$handle$1(SparkConnectAnalyzeHandler.scala:87)
	at org.apache.spark.sql.connect.service.SparkConnectAnalyzeHandler.$anonfun$handle$1$adapted(SparkConnectAnalyzeHandler.scala:54)
	at com.databricks.spark.connect.logging.rpc.SparkConnectRpcMetricsCollectorUtils$.collectMetrics(SparkConnectRpcMetricsCollector.scala:293)
	at org.apache.spark.sql.connect.service.SparkConnectAnalyzeHandler.handle(SparkConnectAnalyzeHandler.scala:53)
	at org.apache.spark.sql.connect.service.SparkConnectService.analyzePlan(SparkConnectService.scala:117)
	at org.apache.spark.connect.proto.SparkConnectServiceGrpc$MethodHandlers.invoke(SparkConnectServiceGrpc.java:1008)
	at org.sparkproject.connect.io.grpc.stub.ServerCalls$UnaryServerCallHandler$UnaryServerCallListener.onHalfClose(ServerCalls.java:182)
	at org.sparkproject.connect.io.grpc.PartialForwardingServerCallListener.onHalfClose(PartialForwardingServerCallListener.java:35)
	at org.sparkproject.connect.io.grpc.ForwardingServerCallListener.onHalfClose(ForwardingServerCallListener.java:23)
	at org.sparkproject.connect.io.grpc.ForwardingServerCallListener$SimpleForwardingServerCallListener.onHalfClose(ForwardingServerCallListener.java:40)
	at org.sparkproject.connect.io.grpc.PartialForwardingServerCallListener.onHalfClose(PartialForwardingServerCallListener.java:35)
	at org.sparkproject.connect.io.grpc.ForwardingServerCallListener.onHalfClose(ForwardingServerCallListener.java:23)
	at org.sparkproject.connect.io.grpc.ForwardingServerCallListener$SimpleForwardingServerCallListener.onHalfClose(ForwardingServerCallListener.java:40)
	at org.sparkproject.connect.io.grpc.PartialForwardingServerCallListener.onHalfClose(PartialForwardingServerCallListener.java:35)
	at org.sparkproject.connect.io.grpc.ForwardingServerCallListener.onHalfClose(ForwardingServerCallListener.java:23)
	at org.sparkproject.connect.io.grpc.ForwardingServerCallListener$SimpleForwardingServerCallListener.onHalfClose(ForwardingServerCallListener.java:40)
	at org.sparkproject.connect.io.grpc.Contexts$ContextualizedServerCallListener.onHalfClose(Contexts.java:86)
	at org.sparkproject.connect.io.grpc.PartialForwardingServerCallListener.onHalfClose(PartialForwardingServerCallListener.java:35)
	at org.sparkproject.connect.io.grpc.ForwardingServerCallListener.onHalfClose(ForwardingServerCallListener.java:23)
	at org.sparkproject.connect.io.grpc.ForwardingServerCallListener$SimpleForwardingServerCallListener.onHalfClose(ForwardingServerCallListener.java:40)
	at com.databricks.spark.connect.service.AuthenticationInterceptor$AuthenticatedServerCallListener.$anonfun$onHalfClose$1(AuthenticationInterceptor.scala:528)
	at scala.runtime.java8.JFunction0$mcV$sp.apply(JFunction0$mcV$sp.scala:18)
	at com.databricks.unity.UCSEphemeralState$Handle.runWith(UCSEphemeralState.scala:51)
	at com.databricks.unity.HandleImpl.runWith(UCSHandle.scala:128)
	at com.databricks.spark.connect.service.RequestContext.$anonfun$runWith$4(RequestContext.scala:494)
	at com.databricks.util.TracingSpanUtils$.withSyncTracingAndParentFromHeaders(TracingSpanUtils.scala:456)
	at com.databricks.spark.util.DatabricksTracingHelper.withSpanFromRequest(DatabricksSparkTracingHelper.scala:136)
	at com.databricks.spark.util.DBRTracing$.withSpanFromRequest(DBRTracing.scala:75)
	at com.databricks.spark.connect.service.RequestContext.runWithSpanFromTags(RequestContext.scala:517)
	at com.databricks.spark.connect.service.RequestContext.$anonfun$runWith$3(RequestContext.scala:494)
	at com.databricks.spark.connect.service.RequestContext$.com$databricks$spark$connect$service$RequestContext$$withLocalProperties(RequestContext.scala:729)
	at com.databricks.spark.connect.service.RequestContext.$anonfun$runWith$2(RequestContext.scala:493)
	at com.databricks.logging.AttributionContextTracing.$anonfun$withAttributionContext$1(AttributionContextTracing.scala:146)
	at com.databricks.logging.AttributionContext$.$anonfun$withValue$1(AttributionContext.scala:349)
	at scala.util.DynamicVariable.withValue(DynamicVariable.scala:59)
	at com.databricks.logging.AttributionContext$.withValue(AttributionContext.scala:345)
	at com.databricks.logging.AttributionContextTracing.withAttributionContext(AttributionContextTracing.scala:144)
	at com.databricks.logging.AttributionContextTracing.withAttributionContext$(AttributionContextTracing.scala:141)
	at com.databricks.spark.util.PublicDBLogging.withAttributionContext(DatabricksSparkUsageLogger.scala:29)
	at com.databricks.spark.util.UniverseAttributionContextWrapper.withValue(AttributionContextUtils.scala:242)
	at com.databricks.spark.connect.service.RequestContext.$anonfun$runWith$1(RequestContext.scala:492)
	at com.databricks.spark.connect.service.RequestContext.withContext(RequestContext.scala:525)
	at com.databricks.spark.connect.service.RequestContext.runWith(RequestContext.scala:485)
	at com.databricks.spark.connect.service.AuthenticationInterceptor$AuthenticatedServerCallListener.onHalfClose(AuthenticationInterceptor.scala:528)
	at org.sparkproject.connect.io.grpc.PartialForwardingServerCallListener.onHalfClose(PartialForwardingServerCallListener.java:35)
	at org.sparkproject.connect.io.grpc.ForwardingServerCallListener.onHalfClose(ForwardingServerCallListener.java:23)
	at org.sparkproject.connect.io.grpc.ForwardingServerCallListener$SimpleForwardingServerCallListener.onHalfClose(ForwardingServerCallListener.java:40)
	at org.sparkproject.connect.io.grpc.internal.ServerCallImpl$ServerStreamListenerImpl.halfClosed(ServerCallImpl.java:356)
	at org.sparkproject.connect.io.grpc.internal.ServerImpl$JumpToApplicationThreadServerStreamListener$1HalfClosed.runInContext(ServerImpl.java:861)
	at org.sparkproject.connect.io.grpc.internal.ContextRunnable.run(ContextRunnable.java:37)
	at org.sparkproject.connect.io.grpc.internal.SerializingExecutor.run(SerializingExecutor.java:133)
	at org.apache.spark.util.threads.SparkThreadLocalCapturingRunnable.$anonfun$run$1(SparkThreadLocalForwardingThreadPoolExecutor.scala:171)
	at scala.runtime.java8.JFunction0$mcV$sp.apply(JFunction0$mcV$sp.scala:18)
	at com.databricks.spark.util.DBRTracing$.withSpanFromParent(DBRTracing.scala:70)
	at org.apache.spark.util.threads.SparkThreadLocalCapturingHelper.$anonfun$runWithCaptured$7(SparkThreadLocalForwardingThreadPoolExecutor.scala:124)
	at com.databricks.util.LexicalThreadLocal$Handle.runWith(LexicalThreadLocal.scala:63)
	at org.apache.spark.util.threads.SparkThreadLocalCapturingHelper.$anonfun$runWithCaptured$6(SparkThreadLocalForwardingThreadPoolExecutor.scala:123)
	at com.databricks.sql.transaction.tahoe.mst.MSTThreadHelper$.runWithMSTContext(MSTThreadHelper.scala:77)
	at org.apache.spark.util.threads.SparkThreadLocalCapturingHelper.$anonfun$runWithCaptured$5(SparkThreadLocalForwardingThreadPoolExecutor.scala:120)
	at com.databricks.spark.util.IdentityClaim$.withClaim(IdentityClaim.scala:48)
	at org.apache.spark.util.threads.SparkThreadLocalCapturingHelper.$anonfun$runWithCaptured$4(SparkThreadLocalForwardingThreadPoolExecutor.scala:119)
	at com.databricks.unity.UCSEphemeralState$Handle.runWith(UCSEphemeralState.scala:51)
	at org.apache.spark.util.threads.SparkThreadLocalCapturingHelper.runWithCaptured(SparkThreadLocalForwardingThreadPoolExecutor.scala:118)
	at org.apache.spark.util.threads.SparkThreadLocalCapturingHelper.runWithCaptured$(SparkThreadLocalForwardingThreadPoolExecutor.scala:95)
	at org.apache.spark.util.threads.SparkThreadLocalCapturingRunnable.runWithCaptured(SparkThreadLocalForwardingThreadPoolExecutor.scala:168)
	at org.apache.spark.util.threads.SparkThreadLocalCapturingRunnable.run(SparkThreadLocalForwardingThreadPoolExecutor.scala:171)
	at java.util.concurrent.ThreadPoolExecutor.runWorker(ThreadPoolExecutor.java:1136)
	at java.util.concurrent.ThreadPoolExecutor$Worker.run(ThreadPoolExecutor.java:635)
	at java.lang.Thread.run(Thread.java:840)
2026-07-28 10:05:25,074 | INFO     | silver.clean_customers | Audit for catalog_project1.silver.clean_customers written successfully
2026-07-28 10:06:59,832 | INFO     | silver.clean_customers | Logging to file: /Workspace/Users/krishnasumanbhaipatel@gmail.com/Practice Folder/lakehouse-practice-project/logs/silver_clean_customers_20260728.log
2026-07-28 10:06:59,833 | INFO     | silver.clean_customers | Starting Silver pipeline at 2026-07-28 10:06:59.804670
2026-07-28 10:07:00,223 | INFO     | silver.clean_customers | Reading catalog_project1.bronze.customers table
2026-07-28 10:07:01,388 | INFO     | silver.clean_customers | Read 10 records from catalog_project1.bronze.customers
2026-07-28 10:07:01,389 | INFO     | silver.clean_customers | All required columns exists in the catalog_project1.bronze.customers
2026-07-28 10:07:02,076 | INFO     | silver.clean_customers | Data standardization completed for the catalog_project1.bronze.customers
2026-07-28 10:07:02,426 | ERROR    | silver.clean_customers | Silver catalog_project1.silver.clean_customers pipeline failed: 
[UNSUPPORTED_DATATYPE] Unsupported data type "EMAIL". SQLSTATE: 0A000 (line 1, pos 0)

== SQL ==
email
^^^


JVM stacktrace:
org.apache.spark.sql.catalyst.parser.ParseException
	at org.apache.spark.sql.errors.QueryParsingErrors$.dataTypeUnsupportedError(QueryParsingErrors.scala:395)
	at org.apache.spark.sql.catalyst.parser.DataTypeAstBuilder.$anonfun$visitPrimitiveDataType$1(DataTypeAstBuilder.scala:655)
	at org.apache.spark.sql.catalyst.util.SparkParserUtils.withOrigin(SparkParserUtils.scala:213)
	at org.apache.spark.sql.catalyst.util.SparkParserUtils.withOrigin$(SparkParserUtils.scala:196)
	at org.apache.spark.sql.catalyst.util.SparkParserUtils$.withOrigin(SparkParserUtils.scala:261)
	at org.apache.spark.sql.catalyst.parser.DataTypeAstBuilder.visitPrimitiveDataType(DataTypeAstBuilder.scala:521)
	at org.apache.spark.sql.catalyst.parser.DataTypeAstBuilder.visitPrimitiveDataType(DataTypeAstBuilder.scala:93)
	at org.apache.spark.sql.catalyst.parser.SqlBaseParser$PrimitiveDataTypeContext.accept(SqlBaseParser.java:60341)
	at org.apache.spark.sql.catalyst.parser.DataTypeAstBuilder.typedVisit(DataTypeAstBuilder.scala:95)
	at org.apache.spark.sql.catalyst.parser.DataTypeAstBuilder.$anonfun$visitSingleDataType$1(DataTypeAstBuilder.scala:113)
	at org.apache.spark.sql.catalyst.util.SparkParserUtils.withOrigin(SparkParserUtils.scala:213)
	at org.apache.spark.sql.catalyst.util.SparkParserUtils.withOrigin$(SparkParserUtils.scala:196)
	at org.apache.spark.sql.catalyst.util.SparkParserUtils$.withOrigin(SparkParserUtils.scala:261)
	at org.apache.spark.sql.catalyst.parser.DataTypeAstBuilder.visitSingleDataType(DataTypeAstBuilder.scala:113)
	at org.apache.spark.sql.catalyst.parser.AbstractParser.$anonfun$parseDataType$1(parsers.scala:49)
	at org.apache.spark.sql.catalyst.parser.AbstractParser$.executeWithTwoStageStrategy(parsers.scala:313)
	at org.apache.spark.sql.catalyst.parser.AbstractParser.parse(parsers.scala:89)
	at org.apache.spark.sql.execution.SparkSqlParser.super$parse(SparkSqlParser.scala:316)
	at org.apache.spark.sql.execution.SparkSqlParser.$anonfun$parseInternal$1(SparkSqlParser.scala:316)
	at org.apache.spark.sql.catalyst.trees.CurrentOrigin$.withOrigin(origin.scala:142)
	at org.apache.spark.sql.execution.SparkSqlParser.parseInternal(SparkSqlParser.scala:316)
	at org.apache.spark.sql.execution.SparkSqlParser.parse(SparkSqlParser.scala:233)
	at org.apache.spark.sql.catalyst.parser.AbstractParser.parseDataType(parsers.scala:48)
	at org.apache.spark.sql.connect.planner.SparkConnectPlanner.transformCast(SparkConnectPlanner.scala:3178)
	at org.apache.spark.sql.connect.planner.SparkConnectPlanner.doTransformExpression(SparkConnectPlanner.scala:2654)
	at org.apache.spark.sql.connect.planner.SparkConnectPlanner.$anonfun$transformExpression$1(SparkConnectPlanner.scala:2592)
	at org.apache.spark.sql.catalyst.trees.CurrentOrigin$.withOrigin(origin.scala:142)
	at org.apache.spark.sql.connect.planner.SparkConnectPlanner.transformExpression(SparkConnectPlanner.scala:2592)
	at org.apache.spark.sql.connect.planner.SparkConnectPlanner.$anonfun$transformProject$2(SparkConnectPlanner.scala:2554)
	at scala.collection.immutable.List.map(List.scala:251)
	at scala.collection.immutable.List.map(List.scala:79)
	at org.apache.spark.sql.connect.planner.SparkConnectPlanner.transformProject(SparkConnectPlanner.scala:2554)
	at org.apache.spark.sql.connect.planner.SparkConnectPlanner.$anonfun$transformRelation$2(SparkConnectPlanner.scala:260)
	at org.apache.spark.sql.connect.service.SessionHolder.$anonfun$usePlanCache$15(SessionHolder.scala:1131)
	at org.apache.spark.sql.connect.service.SessionHolder.measureSubtreeRelationNodes(SessionHolder.scala:1151)
	at org.apache.spark.sql.connect.service.SessionHolder.$anonfun$usePlanCache$14(SessionHolder.scala:1130)
	at org.apache.spark.sql.connect.utils.TimingUtils$.withTiming(TimingUtils.scala:35)
	at org.apache.spark.sql.connect.service.SessionHolder.$anonfun$usePlanCache$11(SessionHolder.scala:1130)
	at scala.Option.getOrElse(Option.scala:201)
	at org.apache.spark.sql.connect.service.SessionHolder.usePlanCache(SessionHolder.scala:1122)
	at org.apache.spark.sql.connect.planner.SparkConnectPlanner.$anonfun$transformRelation$1(SparkConnectPlanner.scala:252)
	at scala.Option.getOrElse(Option.scala:201)
	at org.apache.spark.sql.connect.planner.SparkConnectPlanner.transformRelation(SparkConnectPlanner.scala:252)
	at org.apache.spark.sql.connect.service.SparkConnectAnalyzeHandler.$anonfun$process$3(SparkConnectAnalyzeHandler.scala:124)
	at org.apache.spark.sql.connect.utils.TimingUtils$.withTiming(TimingUtils.scala:35)
	at org.apache.spark.sql.connect.service.SparkConnectAnalyzeHandler.transformRelation$1(SparkConnectAnalyzeHandler.scala:124)
	at org.apache.spark.sql.connect.service.SparkConnectAnalyzeHandler.transformRelationPlan$1(SparkConnectAnalyzeHandler.scala:135)
	at org.apache.spark.sql.connect.service.SparkConnectAnalyzeHandler.process(SparkConnectAnalyzeHandler.scala:173)
	at org.apache.spark.sql.connect.service.SparkConnectAnalyzeHandler.$anonfun$handle$5(SparkConnectAnalyzeHandler.scala:95)
	at org.apache.spark.sql.connect.service.SparkConnectAnalyzeHandler.$anonfun$handle$5$adapted(SparkConnectAnalyzeHandler.scala:87)
	at org.apache.spark.sql.connect.service.SessionHolder.$anonfun$withSession$2(SessionHolder.scala:844)
	at org.apache.spark.sql.SparkSession.withActive(SparkSession.scala:866)
	at org.apache.spark.sql.connect.service.SessionHolder.$anonfun$withSession$1(SessionHolder.scala:844)
	at org.apache.spark.JobArtifactSet$.withActiveJobArtifactState(JobArtifactSet.scala:97)
	at org.apache.spark.sql.artifact.ArtifactManager.$anonfun$withResources$1(ArtifactManager.scala:124)
	at org.apache.spark.sql.artifact.ArtifactManager.withClassLoaderIfNeeded(ArtifactManager.scala:118)
	at org.apache.spark.sql.artifact.ArtifactManager.withResources(ArtifactManager.scala:123)
	at org.apache.spark.sql.connect.service.SessionHolder.withSession(SessionHolder.scala:843)
	at org.apache.spark.sql.connect.service.SparkConnectAnalyzeHandler.$anonfun$handle$1(SparkConnectAnalyzeHandler.scala:87)
	at org.apache.spark.sql.connect.service.SparkConnectAnalyzeHandler.$anonfun$handle$1$adapted(SparkConnectAnalyzeHandler.scala:54)
	at com.databricks.spark.connect.logging.rpc.SparkConnectRpcMetricsCollectorUtils$.collectMetrics(SparkConnectRpcMetricsCollector.scala:293)
	at org.apache.spark.sql.connect.service.SparkConnectAnalyzeHandler.handle(SparkConnectAnalyzeHandler.scala:53)
	at org.apache.spark.sql.connect.service.SparkConnectService.analyzePlan(SparkConnectService.scala:117)
	at org.apache.spark.connect.proto.SparkConnectServiceGrpc$MethodHandlers.invoke(SparkConnectServiceGrpc.java:1008)
	at org.sparkproject.connect.io.grpc.stub.ServerCalls$UnaryServerCallHandler$UnaryServerCallListener.onHalfClose(ServerCalls.java:182)
	at org.sparkproject.connect.io.grpc.PartialForwardingServerCallListener.onHalfClose(PartialForwardingServerCallListener.java:35)
	at org.sparkproject.connect.io.grpc.ForwardingServerCallListener.onHalfClose(ForwardingServerCallListener.java:23)
	at org.sparkproject.connect.io.grpc.ForwardingServerCallListener$SimpleForwardingServerCallListener.onHalfClose(ForwardingServerCallListener.java:40)
	at org.sparkproject.connect.io.grpc.PartialForwardingServerCallListener.onHalfClose(PartialForwardingServerCallListener.java:35)
	at org.sparkproject.connect.io.grpc.ForwardingServerCallListener.onHalfClose(ForwardingServerCallListener.java:23)
	at org.sparkproject.connect.io.grpc.ForwardingServerCallListener$SimpleForwardingServerCallListener.onHalfClose(ForwardingServerCallListener.java:40)
	at org.sparkproject.connect.io.grpc.PartialForwardingServerCallListener.onHalfClose(PartialForwardingServerCallListener.java:35)
	at org.sparkproject.connect.io.grpc.ForwardingServerCallListener.onHalfClose(ForwardingServerCallListener.java:23)
	at org.sparkproject.connect.io.grpc.ForwardingServerCallListener$SimpleForwardingServerCallListener.onHalfClose(ForwardingServerCallListener.java:40)
	at org.sparkproject.connect.io.grpc.Contexts$ContextualizedServerCallListener.onHalfClose(Contexts.java:86)
	at org.sparkproject.connect.io.grpc.PartialForwardingServerCallListener.onHalfClose(PartialForwardingServerCallListener.java:35)
	at org.sparkproject.connect.io.grpc.ForwardingServerCallListener.onHalfClose(ForwardingServerCallListener.java:23)
	at org.sparkproject.connect.io.grpc.ForwardingServerCallListener$SimpleForwardingServerCallListener.onHalfClose(ForwardingServerCallListener.java:40)
	at com.databricks.spark.connect.service.AuthenticationInterceptor$AuthenticatedServerCallListener.$anonfun$onHalfClose$1(AuthenticationInterceptor.scala:528)
	at scala.runtime.java8.JFunction0$mcV$sp.apply(JFunction0$mcV$sp.scala:18)
	at com.databricks.unity.UCSEphemeralState$Handle.runWith(UCSEphemeralState.scala:51)
	at com.databricks.unity.HandleImpl.runWith(UCSHandle.scala:128)
	at com.databricks.spark.connect.service.RequestContext.$anonfun$runWith$4(RequestContext.scala:494)
	at com.databricks.util.TracingSpanUtils$.withSyncTracingAndParentFromHeaders(TracingSpanUtils.scala:456)
	at com.databricks.spark.util.DatabricksTracingHelper.withSpanFromRequest(DatabricksSparkTracingHelper.scala:136)
	at com.databricks.spark.util.DBRTracing$.withSpanFromRequest(DBRTracing.scala:75)
	at com.databricks.spark.connect.service.RequestContext.runWithSpanFromTags(RequestContext.scala:517)
	at com.databricks.spark.connect.service.RequestContext.$anonfun$runWith$3(RequestContext.scala:494)
	at com.databricks.spark.connect.service.RequestContext$.com$databricks$spark$connect$service$RequestContext$$withLocalProperties(RequestContext.scala:729)
	at com.databricks.spark.connect.service.RequestContext.$anonfun$runWith$2(RequestContext.scala:493)
	at com.databricks.logging.AttributionContextTracing.$anonfun$withAttributionContext$1(AttributionContextTracing.scala:146)
	at com.databricks.logging.AttributionContext$.$anonfun$withValue$1(AttributionContext.scala:349)
	at scala.util.DynamicVariable.withValue(DynamicVariable.scala:59)
	at com.databricks.logging.AttributionContext$.withValue(AttributionContext.scala:345)
	at com.databricks.logging.AttributionContextTracing.withAttributionContext(AttributionContextTracing.scala:144)
	at com.databricks.logging.AttributionContextTracing.withAttributionContext$(AttributionContextTracing.scala:141)
	at com.databricks.spark.util.PublicDBLogging.withAttributionContext(DatabricksSparkUsageLogger.scala:29)
	at com.databricks.spark.util.UniverseAttributionContextWrapper.withValue(AttributionContextUtils.scala:242)
	at com.databricks.spark.connect.service.RequestContext.$anonfun$runWith$1(RequestContext.scala:492)
	at com.databricks.spark.connect.service.RequestContext.withContext(RequestContext.scala:525)
	at com.databricks.spark.connect.service.RequestContext.runWith(RequestContext.scala:485)
	at com.databricks.spark.connect.service.AuthenticationInterceptor$AuthenticatedServerCallListener.onHalfClose(AuthenticationInterceptor.scala:528)
	at org.sparkproject.connect.io.grpc.PartialForwardingServerCallListener.onHalfClose(PartialForwardingServerCallListener.java:35)
	at org.sparkproject.connect.io.grpc.ForwardingServerCallListener.onHalfClose(ForwardingServerCallListener.java:23)
	at org.sparkproject.connect.io.grpc.ForwardingServerCallListener$SimpleForwardingServerCallListener.onHalfClose(ForwardingServerCallListener.java:40)
	at org.sparkproject.connect.io.grpc.internal.ServerCallImpl$ServerStreamListenerImpl.halfClosed(ServerCallImpl.java:356)
	at org.sparkproject.connect.io.grpc.internal.ServerImpl$JumpToApplicationThreadServerStreamListener$1HalfClosed.runInContext(ServerImpl.java:861)
	at org.sparkproject.connect.io.grpc.internal.ContextRunnable.run(ContextRunnable.java:37)
	at org.sparkproject.connect.io.grpc.internal.SerializingExecutor.run(SerializingExecutor.java:133)
	at org.apache.spark.util.threads.SparkThreadLocalCapturingRunnable.$anonfun$run$1(SparkThreadLocalForwardingThreadPoolExecutor.scala:171)
	at scala.runtime.java8.JFunction0$mcV$sp.apply(JFunction0$mcV$sp.scala:18)
	at com.databricks.spark.util.DBRTracing$.withSpanFromParent(DBRTracing.scala:70)
	at org.apache.spark.util.threads.SparkThreadLocalCapturingHelper.$anonfun$runWithCaptured$7(SparkThreadLocalForwardingThreadPoolExecutor.scala:124)
	at com.databricks.util.LexicalThreadLocal$Handle.runWith(LexicalThreadLocal.scala:63)
	at org.apache.spark.util.threads.SparkThreadLocalCapturingHelper.$anonfun$runWithCaptured$6(SparkThreadLocalForwardingThreadPoolExecutor.scala:123)
	at com.databricks.sql.transaction.tahoe.mst.MSTThreadHelper$.runWithMSTContext(MSTThreadHelper.scala:77)
	at org.apache.spark.util.threads.SparkThreadLocalCapturingHelper.$anonfun$runWithCaptured$5(SparkThreadLocalForwardingThreadPoolExecutor.scala:120)
	at com.databricks.spark.util.IdentityClaim$.withClaim(IdentityClaim.scala:48)
	at org.apache.spark.util.threads.SparkThreadLocalCapturingHelper.$anonfun$runWithCaptured$4(SparkThreadLocalForwardingThreadPoolExecutor.scala:119)
	at com.databricks.unity.UCSEphemeralState$Handle.runWith(UCSEphemeralState.scala:51)
	at org.apache.spark.util.threads.SparkThreadLocalCapturingHelper.runWithCaptured(SparkThreadLocalForwardingThreadPoolExecutor.scala:118)
	at org.apache.spark.util.threads.SparkThreadLocalCapturingHelper.runWithCaptured$(SparkThreadLocalForwardingThreadPoolExecutor.scala:95)
	at org.apache.spark.util.threads.SparkThreadLocalCapturingRunnable.runWithCaptured(SparkThreadLocalForwardingThreadPoolExecutor.scala:168)
	at org.apache.spark.util.threads.SparkThreadLocalCapturingRunnable.run(SparkThreadLocalForwardingThreadPoolExecutor.scala:171)
	at java.util.concurrent.ThreadPoolExecutor.runWorker(ThreadPoolExecutor.java:1136)
	at java.util.concurrent.ThreadPoolExecutor$Worker.run(ThreadPoolExecutor.java:635)
	at java.lang.Thread.run(Thread.java:840)
Traceback (most recent call last):
  File "/Workspace/Users/krishnasumanbhaipatel@gmail.com/Practice Folder/lakehouse-practice-project/src/transformations/silver.py", line 127, in transform_table
    table_clean.printSchema()
  File "/databricks/python/lib/python3.12/site-packages/pyspark/sql/connect/dataframe.py", line 2015, in printSchema
    print(self.schema.treeString())
          ^^^^^^^^^^^
  File "/databricks/python/lib/python3.12/site-packages/pyspark/sql/connect/dataframe.py", line 1988, in schema
    _schema = self._schema
              ^^^^^^^^^^^^
  File "/databricks/python/lib/python3.12/site-packages/pyspark/sql/connect/dataframe.py", line 1977, in _schema
    self._cached_schema = self._session.client.schema(query)
                          ^^^^^^^^^^^^^^^^^^^^^^^^^^^^^^^^^^
  File "/databricks/python/lib/python3.12/site-packages/pyspark/sql/connect/client/core.py", line 1495, in schema
    schema = self._analyze(method="schema", plan=plan).schema
             ^^^^^^^^^^^^^^^^^^^^^^^^^^^^^^^^^^^^^^^^^
  File "/databricks/python/lib/python3.12/site-packages/pyspark/sql/connect/client/core.py", line 1808, in _analyze
    self._handle_error(error)
  File "/databricks/python/lib/python3.12/site-packages/pyspark/sql/connect/client/core.py", line 2380, in _handle_error
    self._handle_rpc_error(error)
  File "/databricks/python/lib/python3.12/site-packages/pyspark/sql/connect/client/core.py", line 2458, in _handle_rpc_error
    raise convert_exception(
pyspark.errors.exceptions.connect.ParseException: 
[UNSUPPORTED_DATATYPE] Unsupported data type "EMAIL". SQLSTATE: 0A000 (line 1, pos 0)

== SQL ==
email
^^^


JVM stacktrace:
org.apache.spark.sql.catalyst.parser.ParseException
	at org.apache.spark.sql.errors.QueryParsingErrors$.dataTypeUnsupportedError(QueryParsingErrors.scala:395)
	at org.apache.spark.sql.catalyst.parser.DataTypeAstBuilder.$anonfun$visitPrimitiveDataType$1(DataTypeAstBuilder.scala:655)
	at org.apache.spark.sql.catalyst.util.SparkParserUtils.withOrigin(SparkParserUtils.scala:213)
	at org.apache.spark.sql.catalyst.util.SparkParserUtils.withOrigin$(SparkParserUtils.scala:196)
	at org.apache.spark.sql.catalyst.util.SparkParserUtils$.withOrigin(SparkParserUtils.scala:261)
	at org.apache.spark.sql.catalyst.parser.DataTypeAstBuilder.visitPrimitiveDataType(DataTypeAstBuilder.scala:521)
	at org.apache.spark.sql.catalyst.parser.DataTypeAstBuilder.visitPrimitiveDataType(DataTypeAstBuilder.scala:93)
	at org.apache.spark.sql.catalyst.parser.SqlBaseParser$PrimitiveDataTypeContext.accept(SqlBaseParser.java:60341)
	at org.apache.spark.sql.catalyst.parser.DataTypeAstBuilder.typedVisit(DataTypeAstBuilder.scala:95)
	at org.apache.spark.sql.catalyst.parser.DataTypeAstBuilder.$anonfun$visitSingleDataType$1(DataTypeAstBuilder.scala:113)
	at org.apache.spark.sql.catalyst.util.SparkParserUtils.withOrigin(SparkParserUtils.scala:213)
	at org.apache.spark.sql.catalyst.util.SparkParserUtils.withOrigin$(SparkParserUtils.scala:196)
	at org.apache.spark.sql.catalyst.util.SparkParserUtils$.withOrigin(SparkParserUtils.scala:261)
	at org.apache.spark.sql.catalyst.parser.DataTypeAstBuilder.visitSingleDataType(DataTypeAstBuilder.scala:113)
	at org.apache.spark.sql.catalyst.parser.AbstractParser.$anonfun$parseDataType$1(parsers.scala:49)
	at org.apache.spark.sql.catalyst.parser.AbstractParser$.executeWithTwoStageStrategy(parsers.scala:313)
	at org.apache.spark.sql.catalyst.parser.AbstractParser.parse(parsers.scala:89)
	at org.apache.spark.sql.execution.SparkSqlParser.super$parse(SparkSqlParser.scala:316)
	at org.apache.spark.sql.execution.SparkSqlParser.$anonfun$parseInternal$1(SparkSqlParser.scala:316)
	at org.apache.spark.sql.catalyst.trees.CurrentOrigin$.withOrigin(origin.scala:142)
	at org.apache.spark.sql.execution.SparkSqlParser.parseInternal(SparkSqlParser.scala:316)
	at org.apache.spark.sql.execution.SparkSqlParser.parse(SparkSqlParser.scala:233)
	at org.apache.spark.sql.catalyst.parser.AbstractParser.parseDataType(parsers.scala:48)
	at org.apache.spark.sql.connect.planner.SparkConnectPlanner.transformCast(SparkConnectPlanner.scala:3178)
	at org.apache.spark.sql.connect.planner.SparkConnectPlanner.doTransformExpression(SparkConnectPlanner.scala:2654)
	at org.apache.spark.sql.connect.planner.SparkConnectPlanner.$anonfun$transformExpression$1(SparkConnectPlanner.scala:2592)
	at org.apache.spark.sql.catalyst.trees.CurrentOrigin$.withOrigin(origin.scala:142)
	at org.apache.spark.sql.connect.planner.SparkConnectPlanner.transformExpression(SparkConnectPlanner.scala:2592)
	at org.apache.spark.sql.connect.planner.SparkConnectPlanner.$anonfun$transformProject$2(SparkConnectPlanner.scala:2554)
	at scala.collection.immutable.List.map(List.scala:251)
	at scala.collection.immutable.List.map(List.scala:79)
	at org.apache.spark.sql.connect.planner.SparkConnectPlanner.transformProject(SparkConnectPlanner.scala:2554)
	at org.apache.spark.sql.connect.planner.SparkConnectPlanner.$anonfun$transformRelation$2(SparkConnectPlanner.scala:260)
	at org.apache.spark.sql.connect.service.SessionHolder.$anonfun$usePlanCache$15(SessionHolder.scala:1131)
	at org.apache.spark.sql.connect.service.SessionHolder.measureSubtreeRelationNodes(SessionHolder.scala:1151)
	at org.apache.spark.sql.connect.service.SessionHolder.$anonfun$usePlanCache$14(SessionHolder.scala:1130)
	at org.apache.spark.sql.connect.utils.TimingUtils$.withTiming(TimingUtils.scala:35)
	at org.apache.spark.sql.connect.service.SessionHolder.$anonfun$usePlanCache$11(SessionHolder.scala:1130)
	at scala.Option.getOrElse(Option.scala:201)
	at org.apache.spark.sql.connect.service.SessionHolder.usePlanCache(SessionHolder.scala:1122)
	at org.apache.spark.sql.connect.planner.SparkConnectPlanner.$anonfun$transformRelation$1(SparkConnectPlanner.scala:252)
	at scala.Option.getOrElse(Option.scala:201)
	at org.apache.spark.sql.connect.planner.SparkConnectPlanner.transformRelation(SparkConnectPlanner.scala:252)
	at org.apache.spark.sql.connect.service.SparkConnectAnalyzeHandler.$anonfun$process$3(SparkConnectAnalyzeHandler.scala:124)
	at org.apache.spark.sql.connect.utils.TimingUtils$.withTiming(TimingUtils.scala:35)
	at org.apache.spark.sql.connect.service.SparkConnectAnalyzeHandler.transformRelation$1(SparkConnectAnalyzeHandler.scala:124)
	at org.apache.spark.sql.connect.service.SparkConnectAnalyzeHandler.transformRelationPlan$1(SparkConnectAnalyzeHandler.scala:135)
	at org.apache.spark.sql.connect.service.SparkConnectAnalyzeHandler.process(SparkConnectAnalyzeHandler.scala:173)
	at org.apache.spark.sql.connect.service.SparkConnectAnalyzeHandler.$anonfun$handle$5(SparkConnectAnalyzeHandler.scala:95)
	at org.apache.spark.sql.connect.service.SparkConnectAnalyzeHandler.$anonfun$handle$5$adapted(SparkConnectAnalyzeHandler.scala:87)
	at org.apache.spark.sql.connect.service.SessionHolder.$anonfun$withSession$2(SessionHolder.scala:844)
	at org.apache.spark.sql.SparkSession.withActive(SparkSession.scala:866)
	at org.apache.spark.sql.connect.service.SessionHolder.$anonfun$withSession$1(SessionHolder.scala:844)
	at org.apache.spark.JobArtifactSet$.withActiveJobArtifactState(JobArtifactSet.scala:97)
	at org.apache.spark.sql.artifact.ArtifactManager.$anonfun$withResources$1(ArtifactManager.scala:124)
	at org.apache.spark.sql.artifact.ArtifactManager.withClassLoaderIfNeeded(ArtifactManager.scala:118)
	at org.apache.spark.sql.artifact.ArtifactManager.withResources(ArtifactManager.scala:123)
	at org.apache.spark.sql.connect.service.SessionHolder.withSession(SessionHolder.scala:843)
	at org.apache.spark.sql.connect.service.SparkConnectAnalyzeHandler.$anonfun$handle$1(SparkConnectAnalyzeHandler.scala:87)
	at org.apache.spark.sql.connect.service.SparkConnectAnalyzeHandler.$anonfun$handle$1$adapted(SparkConnectAnalyzeHandler.scala:54)
	at com.databricks.spark.connect.logging.rpc.SparkConnectRpcMetricsCollectorUtils$.collectMetrics(SparkConnectRpcMetricsCollector.scala:293)
	at org.apache.spark.sql.connect.service.SparkConnectAnalyzeHandler.handle(SparkConnectAnalyzeHandler.scala:53)
	at org.apache.spark.sql.connect.service.SparkConnectService.analyzePlan(SparkConnectService.scala:117)
	at org.apache.spark.connect.proto.SparkConnectServiceGrpc$MethodHandlers.invoke(SparkConnectServiceGrpc.java:1008)
	at org.sparkproject.connect.io.grpc.stub.ServerCalls$UnaryServerCallHandler$UnaryServerCallListener.onHalfClose(ServerCalls.java:182)
	at org.sparkproject.connect.io.grpc.PartialForwardingServerCallListener.onHalfClose(PartialForwardingServerCallListener.java:35)
	at org.sparkproject.connect.io.grpc.ForwardingServerCallListener.onHalfClose(ForwardingServerCallListener.java:23)
	at org.sparkproject.connect.io.grpc.ForwardingServerCallListener$SimpleForwardingServerCallListener.onHalfClose(ForwardingServerCallListener.java:40)
	at org.sparkproject.connect.io.grpc.PartialForwardingServerCallListener.onHalfClose(PartialForwardingServerCallListener.java:35)
	at org.sparkproject.connect.io.grpc.ForwardingServerCallListener.onHalfClose(ForwardingServerCallListener.java:23)
	at org.sparkproject.connect.io.grpc.ForwardingServerCallListener$SimpleForwardingServerCallListener.onHalfClose(ForwardingServerCallListener.java:40)
	at org.sparkproject.connect.io.grpc.PartialForwardingServerCallListener.onHalfClose(PartialForwardingServerCallListener.java:35)
	at org.sparkproject.connect.io.grpc.ForwardingServerCallListener.onHalfClose(ForwardingServerCallListener.java:23)
	at org.sparkproject.connect.io.grpc.ForwardingServerCallListener$SimpleForwardingServerCallListener.onHalfClose(ForwardingServerCallListener.java:40)
	at org.sparkproject.connect.io.grpc.Contexts$ContextualizedServerCallListener.onHalfClose(Contexts.java:86)
	at org.sparkproject.connect.io.grpc.PartialForwardingServerCallListener.onHalfClose(PartialForwardingServerCallListener.java:35)
	at org.sparkproject.connect.io.grpc.ForwardingServerCallListener.onHalfClose(ForwardingServerCallListener.java:23)
	at org.sparkproject.connect.io.grpc.ForwardingServerCallListener$SimpleForwardingServerCallListener.onHalfClose(ForwardingServerCallListener.java:40)
	at com.databricks.spark.connect.service.AuthenticationInterceptor$AuthenticatedServerCallListener.$anonfun$onHalfClose$1(AuthenticationInterceptor.scala:528)
	at scala.runtime.java8.JFunction0$mcV$sp.apply(JFunction0$mcV$sp.scala:18)
	at com.databricks.unity.UCSEphemeralState$Handle.runWith(UCSEphemeralState.scala:51)
	at com.databricks.unity.HandleImpl.runWith(UCSHandle.scala:128)
	at com.databricks.spark.connect.service.RequestContext.$anonfun$runWith$4(RequestContext.scala:494)
	at com.databricks.util.TracingSpanUtils$.withSyncTracingAndParentFromHeaders(TracingSpanUtils.scala:456)
	at com.databricks.spark.util.DatabricksTracingHelper.withSpanFromRequest(DatabricksSparkTracingHelper.scala:136)
	at com.databricks.spark.util.DBRTracing$.withSpanFromRequest(DBRTracing.scala:75)
	at com.databricks.spark.connect.service.RequestContext.runWithSpanFromTags(RequestContext.scala:517)
	at com.databricks.spark.connect.service.RequestContext.$anonfun$runWith$3(RequestContext.scala:494)
	at com.databricks.spark.connect.service.RequestContext$.com$databricks$spark$connect$service$RequestContext$$withLocalProperties(RequestContext.scala:729)
	at com.databricks.spark.connect.service.RequestContext.$anonfun$runWith$2(RequestContext.scala:493)
	at com.databricks.logging.AttributionContextTracing.$anonfun$withAttributionContext$1(AttributionContextTracing.scala:146)
	at com.databricks.logging.AttributionContext$.$anonfun$withValue$1(AttributionContext.scala:349)
	at scala.util.DynamicVariable.withValue(DynamicVariable.scala:59)
	at com.databricks.logging.AttributionContext$.withValue(AttributionContext.scala:345)
	at com.databricks.logging.AttributionContextTracing.withAttributionContext(AttributionContextTracing.scala:144)
	at com.databricks.logging.AttributionContextTracing.withAttributionContext$(AttributionContextTracing.scala:141)
	at com.databricks.spark.util.PublicDBLogging.withAttributionContext(DatabricksSparkUsageLogger.scala:29)
	at com.databricks.spark.util.UniverseAttributionContextWrapper.withValue(AttributionContextUtils.scala:242)
	at com.databricks.spark.connect.service.RequestContext.$anonfun$runWith$1(RequestContext.scala:492)
	at com.databricks.spark.connect.service.RequestContext.withContext(RequestContext.scala:525)
	at com.databricks.spark.connect.service.RequestContext.runWith(RequestContext.scala:485)
	at com.databricks.spark.connect.service.AuthenticationInterceptor$AuthenticatedServerCallListener.onHalfClose(AuthenticationInterceptor.scala:528)
	at org.sparkproject.connect.io.grpc.PartialForwardingServerCallListener.onHalfClose(PartialForwardingServerCallListener.java:35)
	at org.sparkproject.connect.io.grpc.ForwardingServerCallListener.onHalfClose(ForwardingServerCallListener.java:23)
	at org.sparkproject.connect.io.grpc.ForwardingServerCallListener$SimpleForwardingServerCallListener.onHalfClose(ForwardingServerCallListener.java:40)
	at org.sparkproject.connect.io.grpc.internal.ServerCallImpl$ServerStreamListenerImpl.halfClosed(ServerCallImpl.java:356)
	at org.sparkproject.connect.io.grpc.internal.ServerImpl$JumpToApplicationThreadServerStreamListener$1HalfClosed.runInContext(ServerImpl.java:861)
	at org.sparkproject.connect.io.grpc.internal.ContextRunnable.run(ContextRunnable.java:37)
	at org.sparkproject.connect.io.grpc.internal.SerializingExecutor.run(SerializingExecutor.java:133)
	at org.apache.spark.util.threads.SparkThreadLocalCapturingRunnable.$anonfun$run$1(SparkThreadLocalForwardingThreadPoolExecutor.scala:171)
	at scala.runtime.java8.JFunction0$mcV$sp.apply(JFunction0$mcV$sp.scala:18)
	at com.databricks.spark.util.DBRTracing$.withSpanFromParent(DBRTracing.scala:70)
	at org.apache.spark.util.threads.SparkThreadLocalCapturingHelper.$anonfun$runWithCaptured$7(SparkThreadLocalForwardingThreadPoolExecutor.scala:124)
	at com.databricks.util.LexicalThreadLocal$Handle.runWith(LexicalThreadLocal.scala:63)
	at org.apache.spark.util.threads.SparkThreadLocalCapturingHelper.$anonfun$runWithCaptured$6(SparkThreadLocalForwardingThreadPoolExecutor.scala:123)
	at com.databricks.sql.transaction.tahoe.mst.MSTThreadHelper$.runWithMSTContext(MSTThreadHelper.scala:77)
	at org.apache.spark.util.threads.SparkThreadLocalCapturingHelper.$anonfun$runWithCaptured$5(SparkThreadLocalForwardingThreadPoolExecutor.scala:120)
	at com.databricks.spark.util.IdentityClaim$.withClaim(IdentityClaim.scala:48)
	at org.apache.spark.util.threads.SparkThreadLocalCapturingHelper.$anonfun$runWithCaptured$4(SparkThreadLocalForwardingThreadPoolExecutor.scala:119)
	at com.databricks.unity.UCSEphemeralState$Handle.runWith(UCSEphemeralState.scala:51)
	at org.apache.spark.util.threads.SparkThreadLocalCapturingHelper.runWithCaptured(SparkThreadLocalForwardingThreadPoolExecutor.scala:118)
	at org.apache.spark.util.threads.SparkThreadLocalCapturingHelper.runWithCaptured$(SparkThreadLocalForwardingThreadPoolExecutor.scala:95)
	at org.apache.spark.util.threads.SparkThreadLocalCapturingRunnable.runWithCaptured(SparkThreadLocalForwardingThreadPoolExecutor.scala:168)
	at org.apache.spark.util.threads.SparkThreadLocalCapturingRunnable.run(SparkThreadLocalForwardingThreadPoolExecutor.scala:171)
	at java.util.concurrent.ThreadPoolExecutor.runWorker(ThreadPoolExecutor.java:1136)
	at java.util.concurrent.ThreadPoolExecutor$Worker.run(ThreadPoolExecutor.java:635)
	at java.lang.Thread.run(Thread.java:840)
2026-07-28 10:07:04,601 | INFO     | silver.clean_customers | Audit for catalog_project1.silver.clean_customers written successfully
2026-07-28 10:07:41,859 | INFO     | silver.clean_customers | Logging to file: /Workspace/Users/krishnasumanbhaipatel@gmail.com/Practice Folder/lakehouse-practice-project/logs/silver_clean_customers_20260728.log
2026-07-28 10:07:41,860 | INFO     | silver.clean_customers | Starting Silver pipeline at 2026-07-28 10:07:41.830903
2026-07-28 10:07:42,101 | INFO     | silver.clean_customers | Reading catalog_project1.bronze.customers table
2026-07-28 10:07:43,482 | INFO     | silver.clean_customers | Read 10 records from catalog_project1.bronze.customers
2026-07-28 10:07:43,483 | INFO     | silver.clean_customers | All required columns exists in the catalog_project1.bronze.customers
2026-07-28 10:07:44,177 | INFO     | silver.clean_customers | Data standardization completed for the catalog_project1.bronze.customers
2026-07-28 10:07:44,613 | INFO     | silver.clean_customers | Data type casting completed for the catalog_project1.bronze.customers
2026-07-28 10:07:45,103 | ERROR    | silver.clean_customers | Silver catalog_project1.silver.clean_customers pipeline failed: name 'col' is not defined
Traceback (most recent call last):
  File "/Workspace/Users/krishnasumanbhaipatel@gmail.com/Practice Folder/lakehouse-practice-project/src/transformations/silver.py", line 136, in transform_table
    null_count = get_null_count(table_clean)
                 ^^^^^^^^^^^^^^^^^^^^^^^^^^^
  File "/Workspace/Users/krishnasumanbhaipatel@gmail.com/Practice Folder/lakehouse-practice-project/src/validation/quality_checks.py", line 25, in get_null_count
    null_count = table.filter(reduce(or_, [col(c).isNull() for c in table.columns])).count()
                                           ^^^
NameError: name 'col' is not defined
2026-07-28 10:07:47,094 | INFO     | silver.clean_customers | Audit for catalog_project1.silver.clean_customers written successfully
2026-07-28 10:13:28,401 | INFO     | silver.clean_customers | Logging to file: /Workspace/Users/krishnasumanbhaipatel@gmail.com/Practice Folder/lakehouse-practice-project/logs/silver_clean_customers_20260728.log
2026-07-28 10:13:28,402 | INFO     | silver.clean_customers | Starting Silver pipeline at 2026-07-28 10:13:28.367462
2026-07-28 10:13:28,672 | INFO     | silver.clean_customers | Reading catalog_project1.bronze.customers table
2026-07-28 10:13:29,765 | INFO     | silver.clean_customers | Read 10 records from catalog_project1.bronze.customers
2026-07-28 10:13:29,766 | INFO     | silver.clean_customers | All required columns exists in the catalog_project1.bronze.customers
2026-07-28 10:13:30,560 | INFO     | silver.clean_customers | Data standardization completed for the catalog_project1.bronze.customers
2026-07-28 10:13:31,077 | INFO     | silver.clean_customers | Data type casting completed for the catalog_project1.bronze.customers
2026-07-28 10:13:32,717 | INFO     | silver.clean_customers | Business rule validation completed for catalog_project1.bronze.customers
2026-07-28 10:13:32,718 | INFO     | silver.clean_customers | Data validation completed for the catalog_project1.bronze.customers
2026-07-28 10:13:33,284 | INFO     | silver.clean_customers | Deduplication completed for the catalog_project1.bronze.customers
2026-07-28 10:13:41,330 | INFO     | silver.clean_customers | Data written to the catalog_project1.silver.clean_customers
2026-07-28 10:13:43,420 | INFO     | silver.clean_customers | Business rule validation for catalog_project1.silver.clean_customers completed
2026-07-28 10:13:43,421 | INFO     | silver.clean_customers | Data validation for catalog_project1.silver.clean_customers completed
2026-07-28 10:13:43,424 | INFO     | silver.clean_customers | Silver pipeline for catalog_project1.silver.clean_customers completed successfully
2026-07-28 10:13:45,611 | INFO     | silver.clean_customers | Audit for catalog_project1.silver.clean_customers written successfully
2026-07-28 11:34:47,920 | INFO     | silver.clean_customers | Logging to file: /Workspace/Users/krishnasumanbhaipatel@gmail.com/Practice Folder/lakehouse-practice-project/logs/silver_clean_customers_20260728.log
2026-07-28 11:34:47,921 | INFO     | silver.clean_customers | Starting Silver pipeline at 2026-07-28 11:34:47.815049
2026-07-28 11:34:49,232 | INFO     | silver.clean_customers | Reading catalog_project1.bronze.products table
2026-07-28 11:34:51,792 | INFO     | silver.clean_customers | Read 10 records from catalog_project1.bronze.products
2026-07-28 11:34:51,793 | INFO     | silver.clean_customers | All required columns exists in the catalog_project1.bronze.products
2026-07-28 11:34:52,599 | INFO     | silver.clean_customers | Data standardization completed for the catalog_project1.bronze.products
2026-07-28 11:34:53,142 | INFO     | silver.clean_customers | Data type casting completed for the catalog_project1.bronze.products
2026-07-28 11:34:54,442 | INFO     | silver.clean_customers | Data validation completed for the catalog_project1.bronze.products
2026-07-28 11:34:55,013 | ERROR    | silver.clean_customers | Silver catalog_project1.silver.clean_products pipeline failed: [UNRESOLVED_COLUMN.WITH_SUGGESTION] A column, variable, or function parameter with name `customer_id` cannot be resolved. Did you mean one of the following? [`category`, `product_id`, `brand`, `price`, `created_date`]. SQLSTATE: 42703;
'Aggregate [unresolvedalias(count(1))]
+- 'Filter '`>`('count, 1)
   +- 'Aggregate ['customer_id], ['customer_id, count(1) AS count#11588L]
      +- Project [cast(product_id#11601 as int) AS product_id#11617, cast(product_name#11414 as string) AS product_name#11618, cast(category#11415 as string) AS category#11619, cast(brand#11416 as string) AS brand#11620, cast(price#11605 as double) AS price#11621, cast(created_date#11606 as timestamp) AS created_date#11622, cast(modified_date#11607 as timestamp) AS modified_date#11623, cast(_ingestion_job_id#11611 as string) AS _ingestion_job_id#11624]
         +- Project [product_id#11601, product_name#11414, category#11415, brand#11416, price#11605, created_date#11606, modified_date#11607, _ingestion_job_id#11611]
            +- Project [product_id#11601, initcap(product_name#11384) AS product_name#11414, initcap(category#11385) AS category#11415, initcap(brand#11386) AS brand#11416, price#11605, created_date#11606, modified_date#11607, _ingestion_job_id#11611]
               +- Project [product_id#11601, trim(product_name#11602, None) AS product_name#11384, trim(category#11603, None) AS category#11385, trim(brand#11604, None) AS brand#11386, price#11605, created_date#11606, modified_date#11607, _ingestion_job_id#11611]
                  +- Project [product_id#11601, product_name#11602, category#11603, brand#11604, price#11605, created_date#11606, modified_date#11607, _ingestion_job_id#11611]
                     +- SubqueryAlias catalog_project1.bronze.products
                        +- Relation catalog_project1.bronze.products[product_id#11601,product_name#11602,category#11603,brand#11604,price#11605,created_date#11606,modified_date#11607,_ingestion_timestamp#11608,_source_file#11609,_source_table#11610,_ingestion_job_id#11611,_ingestion_pipeline_id#11612] parquet


JVM stacktrace:
org.apache.spark.sql.catalyst.ExtendedAnalysisException
	at org.apache.spark.sql.errors.QueryCompilationErrors$.unresolvedAttributeError(QueryCompilationErrors.scala:727)
	at org.apache.spark.sql.catalyst.analysis.CheckAnalysis.org$apache$spark$sql$catalyst$analysis$CheckAnalysis$$failUnresolvedAttribute(CheckAnalysis.scala:274)
	at org.apache.spark.sql.catalyst.analysis.CheckAnalysis.$anonfun$checkAnalysis0$18(CheckAnalysis.scala:664)
	at org.apache.spark.sql.catalyst.analysis.CheckAnalysis.$anonfun$checkAnalysis0$18$adapted(CheckAnalysis.scala:649)
	at org.apache.spark.sql.catalyst.analysis.CheckAnalysis.traverse$1(CheckAnalysis.scala:1378)
	at org.apache.spark.sql.catalyst.analysis.CheckAnalysis.foreachUpSkippingSecureView(CheckAnalysis.scala:1380)
	at org.apache.spark.sql.catalyst.analysis.CheckAnalysis.$anonfun$checkAnalysis0$17(CheckAnalysis.scala:649)
	at org.apache.spark.sql.catalyst.analysis.CheckAnalysis.$anonfun$checkAnalysis0$17$adapted(CheckAnalysis.scala:649)
	at scala.collection.immutable.List.foreach(List.scala:334)
	at org.apache.spark.sql.catalyst.analysis.CheckAnalysis.$anonfun$checkAnalysis0$2(CheckAnalysis.scala:649)
	at org.apache.spark.sql.catalyst.analysis.CheckAnalysis.$anonfun$checkAnalysis0$2$adapted(CheckAnalysis.scala:410)
	at org.apache.spark.sql.catalyst.trees.TreeNode.foreachUp(TreeNode.scala:392)
	at org.apache.spark.sql.catalyst.trees.TreeNode.$anonfun$foreachUp$1(TreeNode.scala:391)
	at org.apache.spark.sql.catalyst.trees.TreeNode.$anonfun$foreachUp$1$adapted(TreeNode.scala:391)
	at scala.collection.immutable.Vector.foreach(Vector.scala:2125)
	at org.apache.spark.sql.catalyst.trees.TreeNode.foreachUp(TreeNode.scala:391)
	at org.apache.spark.sql.catalyst.trees.TreeNode.$anonfun$foreachUp$1(TreeNode.scala:391)
	at org.apache.spark.sql.catalyst.trees.TreeNode.$anonfun$foreachUp$1$adapted(TreeNode.scala:391)
	at scala.collection.immutable.Vector.foreach(Vector.scala:2125)
	at org.apache.spark.sql.catalyst.trees.TreeNode.foreachUp(TreeNode.scala:391)
	at org.apache.spark.sql.catalyst.analysis.CheckAnalysis.checkAnalysis0(CheckAnalysis.scala:410)
	at org.apache.spark.sql.catalyst.analysis.CheckAnalysis.checkAnalysis0$(CheckAnalysis.scala:377)
	at org.apache.spark.sql.catalyst.analysis.Analyzer.checkAnalysis0(Analyzer.scala:610)
	at org.apache.spark.sql.catalyst.analysis.CheckAnalysis.$anonfun$checkAnalysis$1(CheckAnalysis.scala:362)
	at scala.runtime.java8.JFunction0$mcV$sp.apply(JFunction0$mcV$sp.scala:18)
	at com.databricks.spark.util.FrameProfiler$.$anonfun$record$1(FrameProfiler.scala:114)
	at com.databricks.spark.util.FrameProfilerExporter$.maybeExportFrameProfiler(FrameProfilerExporter.scala:201)
	at com.databricks.spark.util.FrameProfiler$.record(FrameProfiler.scala:105)
	at org.apache.spark.sql.catalyst.analysis.CheckAnalysis.checkAnalysis(CheckAnalysis.scala:349)
	at org.apache.spark.sql.catalyst.analysis.CheckAnalysis.checkAnalysis$(CheckAnalysis.scala:345)
	at org.apache.spark.sql.catalyst.analysis.Analyzer.checkAnalysis(Analyzer.scala:610)
	at org.apache.spark.sql.catalyst.analysis.resolver.HybridAnalyzer.$anonfun$resolveInFixedPoint$1(HybridAnalyzer.scala:417)
	at scala.runtime.java8.JFunction0$mcV$sp.apply(JFunction0$mcV$sp.scala:18)
	at org.apache.spark.sql.catalyst.QueryPlanningTracker$.withTracker(QueryPlanningTracker.scala:275)
	at org.apache.spark.sql.catalyst.analysis.resolver.HybridAnalyzer.resolveInFixedPoint(HybridAnalyzer.scala:417)
	at org.apache.spark.sql.catalyst.analysis.resolver.HybridAnalyzer.$anonfun$apply$1(HybridAnalyzer.scala:98)
	at org.apache.spark.sql.catalyst.analysis.resolver.HybridAnalyzer.withTrackedAnalyzerBridgeState(HybridAnalyzer.scala:135)
	at org.apache.spark.sql.catalyst.analysis.resolver.HybridAnalyzer.apply(HybridAnalyzer.scala:91)
	at org.apache.spark.sql.catalyst.analysis.Analyzer.$anonfun$executeAndCheck$2(Analyzer.scala:677)
	at org.apache.spark.sql.catalyst.plans.logical.AnalysisHelper$.markInAnalyzer(AnalysisHelper.scala:425)
	at org.apache.spark.sql.catalyst.analysis.Analyzer.$anonfun$executeAndCheck$1(Analyzer.scala:677)
	at com.databricks.sql.unity.SAMSnapshotHelper$.visitPlansDuringAnalysis(SAMSnapshotHelper.scala:43)
	at org.apache.spark.sql.catalyst.analysis.Analyzer.executeAndCheck(Analyzer.scala:666)
	at org.apache.spark.sql.execution.QueryExecution.$anonfun$lazyAnalyzed$3(QueryExecution.scala:607)
	at com.databricks.spark.util.FrameProfiler$.$anonfun$record$1(FrameProfiler.scala:114)
	at com.databricks.spark.util.FrameProfilerExporter$.maybeExportFrameProfiler(FrameProfilerExporter.scala:201)
	at com.databricks.spark.util.FrameProfiler$.record(FrameProfiler.scala:105)
	at org.apache.spark.sql.catalyst.QueryPlanningTracker.measurePhase(QueryPlanningTracker.scala:1021)
	at org.apache.spark.sql.execution.QueryExecution.$anonfun$executePhase$8(QueryExecution.scala:1073)
	at org.apache.spark.sql.execution.SQLExecution$.$anonfun$withExecutionPhase$1(SQLExecution.scala:335)
	at com.databricks.util.TracingSpanUtils$.withTracing(TracingSpanUtils.scala:251)
	at com.databricks.spark.util.DatabricksTracingHelper.withSpan(DatabricksSparkTracingHelper.scala:154)
	at com.databricks.spark.util.DBRTracing$.withSpan(DBRTracing.scala:87)
	at org.apache.spark.sql.execution.SQLExecution$.withExecutionPhase(SQLExecution.scala:316)
	at org.apache.spark.sql.execution.QueryExecution.$anonfun$executePhase$7(QueryExecution.scala:1073)
	at org.apache.spark.sql.execution.QueryExecution$.withInternalError(QueryExecution.scala:1822)
	at org.apache.spark.sql.execution.QueryExecution.$anonfun$executePhase$5(QueryExecution.scala:1066)
	at com.databricks.util.LexicalThreadLocal$Handle.runWith(LexicalThreadLocal.scala:63)
	at org.apache.spark.sql.execution.QueryExecution.$anonfun$executePhase$4(QueryExecution.scala:1063)
	at com.databricks.util.LexicalThreadLocal$Handle.runWith(LexicalThreadLocal.scala:63)
	at org.apache.spark.sql.execution.QueryExecution.$anonfun$executePhase$3(QueryExecution.scala:1063)
	at com.databricks.util.LexicalThreadLocal$Handle.runWith(LexicalThreadLocal.scala:63)
	at org.apache.spark.sql.execution.QueryExecution.$anonfun$executePhase$2(QueryExecution.scala:1062)
	at com.databricks.util.LexicalThreadLocal$Handle.runWith(LexicalThreadLocal.scala:63)
	at org.apache.spark.sql.execution.QueryExecution.localBlock$1(QueryExecution.scala:1043)
	at org.apache.spark.sql.execution.QueryExecution.$anonfun$withQueryExecutionId$4(QueryExecution.scala:1053)
	at com.databricks.unity.UCSManager$.withTemporaryScope(UCSManager.scala:168)
	at org.apache.spark.sql.execution.QueryExecution.$anonfun$withQueryExecutionId$3(QueryExecution.scala:1052)
	at org.apache.spark.sql.execution.QueryExecution$.$anonfun$runWithWrappers$2(QueryExecution.scala:2075)
	at org.apache.spark.sql.execution.QueryExecution$.org$apache$spark$sql$execution$QueryExecution$$runWithWrappers(QueryExecution.scala:2074)
	at org.apache.spark.sql.execution.QueryExecution.withQueryExecutionId(QueryExecution.scala:1053)
	at org.apache.spark.sql.execution.QueryExecution.$anonfun$executePhase$1(QueryExecution.scala:1061)
	at org.apache.spark.sql.SparkSession.withActive(SparkSession.scala:866)
	at org.apache.spark.sql.execution.QueryExecution.executePhase(QueryExecution.scala:1060)
	at org.apache.spark.sql.execution.QueryExecution.$anonfun$lazyAnalyzed$2(QueryExecution.scala:598)
	at com.databricks.sql.util.MemoryTrackerHelper.withMemoryTracking(MemoryTrackerHelper.scala:111)
	at org.apache.spark.sql.execution.QueryExecution.$anonfun$lazyAnalyzed$1(QueryExecution.scala:597)
	at scala.util.Try$.apply(Try.scala:217)
	at org.apache.spark.util.Utils$.doTryWithCallerStacktrace(Utils.scala:1796)
	at org.apache.spark.util.Utils$.getTryWithCallerStacktrace(Utils.scala:1846)
	at org.apache.spark.util.LazyTry.get(LazyTry.scala:78)
	at org.apache.spark.sql.execution.QueryExecution.analyzed(QueryExecution.scala:661)
	at org.apache.spark.sql.execution.QueryExecution.assertAnalyzed(QueryExecution.scala:520)
	at org.apache.spark.sql.classic.Dataset$.$anonfun$ofRows$13(Dataset.scala:256)
	at org.apache.spark.sql.SparkSession.withActive(SparkSession.scala:866)
	at org.apache.spark.sql.classic.Dataset$.ofRows(Dataset.scala:253)
	at org.apache.spark.sql.connect.execution.SparkConnectPlanExecution.$anonfun$handlePlan$11(SparkConnectPlanExecution.scala:149)
	at org.apache.spark.sql.connect.utils.TimingUtils$.withTiming(TimingUtils.scala:35)
	at org.apache.spark.sql.connect.execution.SparkConnectPlanExecution.handlePlan(SparkConnectPlanExecution.scala:144)
	at org.apache.spark.sql.connect.execution.ExecuteThreadRunner.handlePlan(ExecuteThreadRunner.scala:522)
	at org.apache.spark.sql.connect.execution.ExecuteThreadRunner.$anonfun$executeInternal$1(ExecuteThreadRunner.scala:421)
	at org.apache.spark.sql.connect.execution.ExecuteThreadRunner.$anonfun$executeInternal$1$adapted(ExecuteThreadRunner.scala:340)
	at org.apache.spark.sql.connect.service.SessionHolder.$anonfun$withSession$2(SessionHolder.scala:844)
	at org.apache.spark.sql.SparkSession.withActive(SparkSession.scala:866)
	at org.apache.spark.sql.connect.service.SessionHolder.$anonfun$withSession$1(SessionHolder.scala:844)
	at org.apache.spark.JobArtifactSet$.withActiveJobArtifactState(JobArtifactSet.scala:97)
	at org.apache.spark.sql.artifact.ArtifactManager.$anonfun$withResources$1(ArtifactManager.scala:124)
	at org.apache.spark.sql.artifact.ArtifactManager.withClassLoaderIfNeeded(ArtifactManager.scala:118)
	at org.apache.spark.sql.artifact.ArtifactManager.withResources(ArtifactManager.scala:123)
	at org.apache.spark.sql.connect.service.SessionHolder.withSession(SessionHolder.scala:843)
	at org.apache.spark.sql.connect.execution.ExecuteThreadRunner.executeInternal(ExecuteThreadRunner.scala:340)
	at org.apache.spark.sql.connect.execution.ExecuteThreadRunner.$anonfun$execute$1(ExecuteThreadRunner.scala:200)
	at scala.runtime.java8.JFunction0$mcV$sp.apply(JFunction0$mcV$sp.scala:18)
	at com.databricks.spark.connect.service.UtilizationMetrics.recordActiveQueries(UtilizationMetrics.scala:92)
	at com.databricks.spark.connect.service.UtilizationMetrics.recordActiveQueries$(UtilizationMetrics.scala:89)
	at org.apache.spark.sql.connect.execution.ExecuteThreadRunner.recordActiveQueries(ExecuteThreadRunner.scala:61)
	at org.apache.spark.sql.connect.execution.ExecuteThreadRunner.org$apache$spark$sql$connect$execution$ExecuteThreadRunner$$execute(ExecuteThreadRunner.scala:192)
	at org.apache.spark.sql.connect.execution.ExecuteThreadRunner$ExecutionThread.$anonfun$run$3(ExecuteThreadRunner.scala:601)
	at scala.runtime.java8.JFunction0$mcV$sp.apply(JFunction0$mcV$sp.scala:18)
	at com.databricks.spark.util.DBRTracing$.withSpanFromParent(DBRTracing.scala:70)
	at org.apache.spark.sql.connect.execution.ExecuteThreadRunner$ExecutionThread.$anonfun$run$2(ExecuteThreadRunner.scala:601)
	at scala.runtime.java8.JFunction0$mcV$sp.apply(JFunction0$mcV$sp.scala:18)
	at com.databricks.unity.UCSEphemeralState$Handle.runWith(UCSEphemeralState.scala:51)
	at com.databricks.unity.HandleImpl.runWith(UCSHandle.scala:128)
	at com.databricks.unity.HandleImpl.$anonfun$runWithAndClose$1(UCSHandle.scala:133)
	at scala.util.Using$.resource(Using.scala:296)
	at com.databricks.unity.HandleImpl.runWithAndClose(UCSHandle.scala:132)
	at org.apache.spark.sql.connect.execution.ExecuteThreadRunner$ExecutionThread.run(ExecuteThreadRunner.scala:600)
Traceback (most recent call last):
  File "/Workspace/Users/krishnasumanbhaipatel@gmail.com/Practice Folder/lakehouse-practice-project/src/transformations/silver.py", line 147, in transform_table
    duplicates = get_duplicate_records(table_clean, "customer_id")
                ^^^^^^^^^^^^^^^^^^^^^^^^^^^^^^^^^^^^^^^^^^^^^^^^^
  File "/Workspace/Users/krishnasumanbhaipatel@gmail.com/Practice Folder/lakehouse-practice-project/src/validation/quality_checks.py", line 13, in get_duplicate_records
    duplicate_count = table.groupBy(*columns).count().filter(F.col("count") > 1).count()
                      ^^^^^^^^^^^^^^^^^^^^^^^^^^^^^^^^^^^^^^^^^^^^^^^^^^^^^^^^^^^^^^^^^^
  File "/databricks/python/lib/python3.12/site-packages/pyspark/sql/connect/dataframe.py", line 318, in count
    )._to_table()  # type: ignore[operator]
      ^^^^^^^^^^^
  File "/databricks/python/lib/python3.12/site-packages/pyspark/sql/connect/dataframe.py", line 1930, in _to_table
    table, schema, self._execution_info = self._session.client.to_table(
                                          ^^^^^^^^^^^^^^^^^^^^^^^^^^^^^^
  File "/databricks/python/lib/python3.12/site-packages/pyspark/sql/connect/client/core.py", line 1273, in to_table
    table, schema, metrics, observed_metrics, _ = self._execute_and_fetch(req, observations)
                                                  ^^^^^^^^^^^^^^^^^^^^^^^^^^^^^^^^^^^^^^^^^^
  File "/databricks/python/lib/python3.12/site-packages/pyspark/sql/connect/client/core.py", line 2086, in _execute_and_fetch
    for response in self._execute_and_fetch_as_iterator(
  File "/databricks/python/lib/python3.12/site-packages/pyspark/sql/connect/client/core.py", line 2062, in _execute_and_fetch_as_iterator
    self._handle_error(error)
  File "/databricks/python/lib/python3.12/site-packages/pyspark/sql/connect/client/core.py", line 2380, in _handle_error
    self._handle_rpc_error(error)
  File "/databricks/python/lib/python3.12/site-packages/pyspark/sql/connect/client/core.py", line 2458, in _handle_rpc_error
    raise convert_exception(
pyspark.errors.exceptions.connect.AnalysisException: [UNRESOLVED_COLUMN.WITH_SUGGESTION] A column, variable, or function parameter with name `customer_id` cannot be resolved. Did you mean one of the following? [`category`, `product_id`, `brand`, `price`, `created_date`]. SQLSTATE: 42703;
'Aggregate [unresolvedalias(count(1))]
+- 'Filter '`>`('count, 1)
   +- 'Aggregate ['customer_id], ['customer_id, count(1) AS count#11588L]
      +- Project [cast(product_id#11601 as int) AS product_id#11617, cast(product_name#11414 as string) AS product_name#11618, cast(category#11415 as string) AS category#11619, cast(brand#11416 as string) AS brand#11620, cast(price#11605 as double) AS price#11621, cast(created_date#11606 as timestamp) AS created_date#11622, cast(modified_date#11607 as timestamp) AS modified_date#11623, cast(_ingestion_job_id#11611 as string) AS _ingestion_job_id#11624]
         +- Project [product_id#11601, product_name#11414, category#11415, brand#11416, price#11605, created_date#11606, modified_date#11607, _ingestion_job_id#11611]
            +- Project [product_id#11601, initcap(product_name#11384) AS product_name#11414, initcap(category#11385) AS category#11415, initcap(brand#11386) AS brand#11416, price#11605, created_date#11606, modified_date#11607, _ingestion_job_id#11611]
               +- Project [product_id#11601, trim(product_name#11602, None) AS product_name#11384, trim(category#11603, None) AS category#11385, trim(brand#11604, None) AS brand#11386, price#11605, created_date#11606, modified_date#11607, _ingestion_job_id#11611]
                  +- Project [product_id#11601, product_name#11602, category#11603, brand#11604, price#11605, created_date#11606, modified_date#11607, _ingestion_job_id#11611]
                     +- SubqueryAlias catalog_project1.bronze.products
                        +- Relation catalog_project1.bronze.products[product_id#11601,product_name#11602,category#11603,brand#11604,price#11605,created_date#11606,modified_date#11607,_ingestion_timestamp#11608,_source_file#11609,_source_table#11610,_ingestion_job_id#11611,_ingestion_pipeline_id#11612] parquet


JVM stacktrace:
org.apache.spark.sql.catalyst.ExtendedAnalysisException
	at org.apache.spark.sql.errors.QueryCompilationErrors$.unresolvedAttributeError(QueryCompilationErrors.scala:727)
	at org.apache.spark.sql.catalyst.analysis.CheckAnalysis.org$apache$spark$sql$catalyst$analysis$CheckAnalysis$$failUnresolvedAttribute(CheckAnalysis.scala:274)
	at org.apache.spark.sql.catalyst.analysis.CheckAnalysis.$anonfun$checkAnalysis0$18(CheckAnalysis.scala:664)
	at org.apache.spark.sql.catalyst.analysis.CheckAnalysis.$anonfun$checkAnalysis0$18$adapted(CheckAnalysis.scala:649)
	at org.apache.spark.sql.catalyst.analysis.CheckAnalysis.traverse$1(CheckAnalysis.scala:1378)
	at org.apache.spark.sql.catalyst.analysis.CheckAnalysis.foreachUpSkippingSecureView(CheckAnalysis.scala:1380)
	at org.apache.spark.sql.catalyst.analysis.CheckAnalysis.$anonfun$checkAnalysis0$17(CheckAnalysis.scala:649)
	at org.apache.spark.sql.catalyst.analysis.CheckAnalysis.$anonfun$checkAnalysis0$17$adapted(CheckAnalysis.scala:649)
	at scala.collection.immutable.List.foreach(List.scala:334)
	at org.apache.spark.sql.catalyst.analysis.CheckAnalysis.$anonfun$checkAnalysis0$2(CheckAnalysis.scala:649)
	at org.apache.spark.sql.catalyst.analysis.CheckAnalysis.$anonfun$checkAnalysis0$2$adapted(CheckAnalysis.scala:410)
	at org.apache.spark.sql.catalyst.trees.TreeNode.foreachUp(TreeNode.scala:392)
	at org.apache.spark.sql.catalyst.trees.TreeNode.$anonfun$foreachUp$1(TreeNode.scala:391)
	at org.apache.spark.sql.catalyst.trees.TreeNode.$anonfun$foreachUp$1$adapted(TreeNode.scala:391)
	at scala.collection.immutable.Vector.foreach(Vector.scala:2125)
	at org.apache.spark.sql.catalyst.trees.TreeNode.foreachUp(TreeNode.scala:391)
	at org.apache.spark.sql.catalyst.trees.TreeNode.$anonfun$foreachUp$1(TreeNode.scala:391)
	at org.apache.spark.sql.catalyst.trees.TreeNode.$anonfun$foreachUp$1$adapted(TreeNode.scala:391)
	at scala.collection.immutable.Vector.foreach(Vector.scala:2125)
	at org.apache.spark.sql.catalyst.trees.TreeNode.foreachUp(TreeNode.scala:391)
	at org.apache.spark.sql.catalyst.analysis.CheckAnalysis.checkAnalysis0(CheckAnalysis.scala:410)
	at org.apache.spark.sql.catalyst.analysis.CheckAnalysis.checkAnalysis0$(CheckAnalysis.scala:377)
	at org.apache.spark.sql.catalyst.analysis.Analyzer.checkAnalysis0(Analyzer.scala:610)
	at org.apache.spark.sql.catalyst.analysis.CheckAnalysis.$anonfun$checkAnalysis$1(CheckAnalysis.scala:362)
	at scala.runtime.java8.JFunction0$mcV$sp.apply(JFunction0$mcV$sp.scala:18)
	at com.databricks.spark.util.FrameProfiler$.$anonfun$record$1(FrameProfiler.scala:114)
	at com.databricks.spark.util.FrameProfilerExporter$.maybeExportFrameProfiler(FrameProfilerExporter.scala:201)
	at com.databricks.spark.util.FrameProfiler$.record(FrameProfiler.scala:105)
	at org.apache.spark.sql.catalyst.analysis.CheckAnalysis.checkAnalysis(CheckAnalysis.scala:349)
	at org.apache.spark.sql.catalyst.analysis.CheckAnalysis.checkAnalysis$(CheckAnalysis.scala:345)
	at org.apache.spark.sql.catalyst.analysis.Analyzer.checkAnalysis(Analyzer.scala:610)
	at org.apache.spark.sql.catalyst.analysis.resolver.HybridAnalyzer.$anonfun$resolveInFixedPoint$1(HybridAnalyzer.scala:417)
	at scala.runtime.java8.JFunction0$mcV$sp.apply(JFunction0$mcV$sp.scala:18)
	at org.apache.spark.sql.catalyst.QueryPlanningTracker$.withTracker(QueryPlanningTracker.scala:275)
	at org.apache.spark.sql.catalyst.analysis.resolver.HybridAnalyzer.resolveInFixedPoint(HybridAnalyzer.scala:417)
	at org.apache.spark.sql.catalyst.analysis.resolver.HybridAnalyzer.$anonfun$apply$1(HybridAnalyzer.scala:98)
	at org.apache.spark.sql.catalyst.analysis.resolver.HybridAnalyzer.withTrackedAnalyzerBridgeState(HybridAnalyzer.scala:135)
	at org.apache.spark.sql.catalyst.analysis.resolver.HybridAnalyzer.apply(HybridAnalyzer.scala:91)
	at org.apache.spark.sql.catalyst.analysis.Analyzer.$anonfun$executeAndCheck$2(Analyzer.scala:677)
	at org.apache.spark.sql.catalyst.plans.logical.AnalysisHelper$.markInAnalyzer(AnalysisHelper.scala:425)
	at org.apache.spark.sql.catalyst.analysis.Analyzer.$anonfun$executeAndCheck$1(Analyzer.scala:677)
	at com.databricks.sql.unity.SAMSnapshotHelper$.visitPlansDuringAnalysis(SAMSnapshotHelper.scala:43)
	at org.apache.spark.sql.catalyst.analysis.Analyzer.executeAndCheck(Analyzer.scala:666)
	at org.apache.spark.sql.execution.QueryExecution.$anonfun$lazyAnalyzed$3(QueryExecution.scala:607)
	at com.databricks.spark.util.FrameProfiler$.$anonfun$record$1(FrameProfiler.scala:114)
	at com.databricks.spark.util.FrameProfilerExporter$.maybeExportFrameProfiler(FrameProfilerExporter.scala:201)
	at com.databricks.spark.util.FrameProfiler$.record(FrameProfiler.scala:105)
	at org.apache.spark.sql.catalyst.QueryPlanningTracker.measurePhase(QueryPlanningTracker.scala:1021)
	at org.apache.spark.sql.execution.QueryExecution.$anonfun$executePhase$8(QueryExecution.scala:1073)
	at org.apache.spark.sql.execution.SQLExecution$.$anonfun$withExecutionPhase$1(SQLExecution.scala:335)
	at com.databricks.util.TracingSpanUtils$.withTracing(TracingSpanUtils.scala:251)
	at com.databricks.spark.util.DatabricksTracingHelper.withSpan(DatabricksSparkTracingHelper.scala:154)
	at com.databricks.spark.util.DBRTracing$.withSpan(DBRTracing.scala:87)
	at org.apache.spark.sql.execution.SQLExecution$.withExecutionPhase(SQLExecution.scala:316)
	at org.apache.spark.sql.execution.QueryExecution.$anonfun$executePhase$7(QueryExecution.scala:1073)
	at org.apache.spark.sql.execution.QueryExecution$.withInternalError(QueryExecution.scala:1822)
	at org.apache.spark.sql.execution.QueryExecution.$anonfun$executePhase$5(QueryExecution.scala:1066)
	at com.databricks.util.LexicalThreadLocal$Handle.runWith(LexicalThreadLocal.scala:63)
	at org.apache.spark.sql.execution.QueryExecution.$anonfun$executePhase$4(QueryExecution.scala:1063)
	at com.databricks.util.LexicalThreadLocal$Handle.runWith(LexicalThreadLocal.scala:63)
	at org.apache.spark.sql.execution.QueryExecution.$anonfun$executePhase$3(QueryExecution.scala:1063)
	at com.databricks.util.LexicalThreadLocal$Handle.runWith(LexicalThreadLocal.scala:63)
	at org.apache.spark.sql.execution.QueryExecution.$anonfun$executePhase$2(QueryExecution.scala:1062)
	at com.databricks.util.LexicalThreadLocal$Handle.runWith(LexicalThreadLocal.scala:63)
	at org.apache.spark.sql.execution.QueryExecution.localBlock$1(QueryExecution.scala:1043)
	at org.apache.spark.sql.execution.QueryExecution.$anonfun$withQueryExecutionId$4(QueryExecution.scala:1053)
	at com.databricks.unity.UCSManager$.withTemporaryScope(UCSManager.scala:168)
	at org.apache.spark.sql.execution.QueryExecution.$anonfun$withQueryExecutionId$3(QueryExecution.scala:1052)
	at org.apache.spark.sql.execution.QueryExecution$.$anonfun$runWithWrappers$2(QueryExecution.scala:2075)
	at org.apache.spark.sql.execution.QueryExecution$.org$apache$spark$sql$execution$QueryExecution$$runWithWrappers(QueryExecution.scala:2074)
	at org.apache.spark.sql.execution.QueryExecution.withQueryExecutionId(QueryExecution.scala:1053)
	at org.apache.spark.sql.execution.QueryExecution.$anonfun$executePhase$1(QueryExecution.scala:1061)
	at org.apache.spark.sql.SparkSession.withActive(SparkSession.scala:866)
	at org.apache.spark.sql.execution.QueryExecution.executePhase(QueryExecution.scala:1060)
	at org.apache.spark.sql.execution.QueryExecution.$anonfun$lazyAnalyzed$2(QueryExecution.scala:598)
	at com.databricks.sql.util.MemoryTrackerHelper.withMemoryTracking(MemoryTrackerHelper.scala:111)
	at org.apache.spark.sql.execution.QueryExecution.$anonfun$lazyAnalyzed$1(QueryExecution.scala:597)
	at scala.util.Try$.apply(Try.scala:217)
	at org.apache.spark.util.Utils$.doTryWithCallerStacktrace(Utils.scala:1796)
	at org.apache.spark.util.Utils$.getTryWithCallerStacktrace(Utils.scala:1846)
	at org.apache.spark.util.LazyTry.get(LazyTry.scala:78)
	at org.apache.spark.sql.execution.QueryExecution.analyzed(QueryExecution.scala:661)
	at org.apache.spark.sql.execution.QueryExecution.assertAnalyzed(QueryExecution.scala:520)
	at org.apache.spark.sql.classic.Dataset$.$anonfun$ofRows$13(Dataset.scala:256)
	at org.apache.spark.sql.SparkSession.withActive(SparkSession.scala:866)
	at org.apache.spark.sql.classic.Dataset$.ofRows(Dataset.scala:253)
	at org.apache.spark.sql.connect.execution.SparkConnectPlanExecution.$anonfun$handlePlan$11(SparkConnectPlanExecution.scala:149)
	at org.apache.spark.sql.connect.utils.TimingUtils$.withTiming(TimingUtils.scala:35)
	at org.apache.spark.sql.connect.execution.SparkConnectPlanExecution.handlePlan(SparkConnectPlanExecution.scala:144)
	at org.apache.spark.sql.connect.execution.ExecuteThreadRunner.handlePlan(ExecuteThreadRunner.scala:522)
	at org.apache.spark.sql.connect.execution.ExecuteThreadRunner.$anonfun$executeInternal$1(ExecuteThreadRunner.scala:421)
	at org.apache.spark.sql.connect.execution.ExecuteThreadRunner.$anonfun$executeInternal$1$adapted(ExecuteThreadRunner.scala:340)
	at org.apache.spark.sql.connect.service.SessionHolder.$anonfun$withSession$2(SessionHolder.scala:844)
	at org.apache.spark.sql.SparkSession.withActive(SparkSession.scala:866)
	at org.apache.spark.sql.connect.service.SessionHolder.$anonfun$withSession$1(SessionHolder.scala:844)
	at org.apache.spark.JobArtifactSet$.withActiveJobArtifactState(JobArtifactSet.scala:97)
	at org.apache.spark.sql.artifact.ArtifactManager.$anonfun$withResources$1(ArtifactManager.scala:124)
	at org.apache.spark.sql.artifact.ArtifactManager.withClassLoaderIfNeeded(ArtifactManager.scala:118)
	at org.apache.spark.sql.artifact.ArtifactManager.withResources(ArtifactManager.scala:123)
	at org.apache.spark.sql.connect.service.SessionHolder.withSession(SessionHolder.scala:843)
	at org.apache.spark.sql.connect.execution.ExecuteThreadRunner.executeInternal(ExecuteThreadRunner.scala:340)
	at org.apache.spark.sql.connect.execution.ExecuteThreadRunner.$anonfun$execute$1(ExecuteThreadRunner.scala:200)
	at scala.runtime.java8.JFunction0$mcV$sp.apply(JFunction0$mcV$sp.scala:18)
	at com.databricks.spark.connect.service.UtilizationMetrics.recordActiveQueries(UtilizationMetrics.scala:92)
	at com.databricks.spark.connect.service.UtilizationMetrics.recordActiveQueries$(UtilizationMetrics.scala:89)
	at org.apache.spark.sql.connect.execution.ExecuteThreadRunner.recordActiveQueries(ExecuteThreadRunner.scala:61)
	at org.apache.spark.sql.connect.execution.ExecuteThreadRunner.org$apache$spark$sql$connect$execution$ExecuteThreadRunner$$execute(ExecuteThreadRunner.scala:192)
	at org.apache.spark.sql.connect.execution.ExecuteThreadRunner$ExecutionThread.$anonfun$run$3(ExecuteThreadRunner.scala:601)
	at scala.runtime.java8.JFunction0$mcV$sp.apply(JFunction0$mcV$sp.scala:18)
	at com.databricks.spark.util.DBRTracing$.withSpanFromParent(DBRTracing.scala:70)
	at org.apache.spark.sql.connect.execution.ExecuteThreadRunner$ExecutionThread.$anonfun$run$2(ExecuteThreadRunner.scala:601)
	at scala.runtime.java8.JFunction0$mcV$sp.apply(JFunction0$mcV$sp.scala:18)
	at com.databricks.unity.UCSEphemeralState$Handle.runWith(UCSEphemeralState.scala:51)
	at com.databricks.unity.HandleImpl.runWith(UCSHandle.scala:128)
	at com.databricks.unity.HandleImpl.$anonfun$runWithAndClose$1(UCSHandle.scala:133)
	at scala.util.Using$.resource(Using.scala:296)
	at com.databricks.unity.HandleImpl.runWithAndClose(UCSHandle.scala:132)
	at org.apache.spark.sql.connect.execution.ExecuteThreadRunner$ExecutionThread.run(ExecuteThreadRunner.scala:600)
2026-07-28 11:35:03,211 | INFO     | silver.clean_customers | Audit for catalog_project1.silver.clean_products written successfully
2026-07-28 11:36:45,705 | INFO     | silver.clean_customers | Logging to file: /Workspace/Users/krishnasumanbhaipatel@gmail.com/Practice Folder/lakehouse-practice-project/logs/silver_clean_customers_20260728.log
2026-07-28 11:36:45,707 | INFO     | silver.clean_customers | Starting Silver pipeline at 2026-07-28 11:36:45.675418
2026-07-28 11:36:46,193 | INFO     | silver.clean_customers | Reading catalog_project1.bronze.products table
2026-07-28 11:36:47,322 | INFO     | silver.clean_customers | Read 10 records from catalog_project1.bronze.products
2026-07-28 11:36:47,323 | INFO     | silver.clean_customers | All required columns exists in the catalog_project1.bronze.products
2026-07-28 11:36:48,184 | INFO     | silver.clean_customers | Data standardization completed for the catalog_project1.bronze.products
2026-07-28 11:36:48,683 | INFO     | silver.clean_customers | Data type casting completed for the catalog_project1.bronze.products
2026-07-28 11:36:49,618 | INFO     | silver.clean_customers | Data validation completed for the catalog_project1.bronze.products
2026-07-28 11:36:49,947 | ERROR    | silver.clean_customers | Silver catalog_project1.silver.clean_products pipeline failed: [UNRESOLVED_COLUMN.WITH_SUGGESTION] A column, variable, or function parameter with name `customer_id` cannot be resolved. Did you mean one of the following? [`category`, `product_id`, `brand`, `price`, `created_date`]. SQLSTATE: 42703;
'Aggregate [unresolvedalias(count(1))]
+- 'Filter '`>`('count, 1)
   +- 'Aggregate ['customer_id], ['customer_id, count(1) AS count#12361L]
      +- Project [cast(product_id#12374 as int) AS product_id#12390, cast(product_name#12187 as string) AS product_name#12391, cast(category#12188 as string) AS category#12392, cast(brand#12189 as string) AS brand#12393, cast(price#12378 as double) AS price#12394, cast(created_date#12379 as timestamp) AS created_date#12395, cast(modified_date#12380 as timestamp) AS modified_date#12396, cast(_ingestion_job_id#12384 as string) AS _ingestion_job_id#12397]
         +- Project [product_id#12374, product_name#12187, category#12188, brand#12189, price#12378, created_date#12379, modified_date#12380, _ingestion_job_id#12384]
            +- Project [product_id#12374, initcap(product_name#12157) AS product_name#12187, initcap(category#12158) AS category#12188, initcap(brand#12159) AS brand#12189, price#12378, created_date#12379, modified_date#12380, _ingestion_job_id#12384]
               +- Project [product_id#12374, trim(product_name#12375, None) AS product_name#12157, trim(category#12376, None) AS category#12158, trim(brand#12377, None) AS brand#12159, price#12378, created_date#12379, modified_date#12380, _ingestion_job_id#12384]
                  +- Project [product_id#12374, product_name#12375, category#12376, brand#12377, price#12378, created_date#12379, modified_date#12380, _ingestion_job_id#12384]
                     +- SubqueryAlias catalog_project1.bronze.products
                        +- Relation catalog_project1.bronze.products[product_id#12374,product_name#12375,category#12376,brand#12377,price#12378,created_date#12379,modified_date#12380,_ingestion_timestamp#12381,_source_file#12382,_source_table#12383,_ingestion_job_id#12384,_ingestion_pipeline_id#12385] parquet


JVM stacktrace:
org.apache.spark.sql.catalyst.ExtendedAnalysisException
	at org.apache.spark.sql.errors.QueryCompilationErrors$.unresolvedAttributeError(QueryCompilationErrors.scala:727)
	at org.apache.spark.sql.catalyst.analysis.CheckAnalysis.org$apache$spark$sql$catalyst$analysis$CheckAnalysis$$failUnresolvedAttribute(CheckAnalysis.scala:274)
	at org.apache.spark.sql.catalyst.analysis.CheckAnalysis.$anonfun$checkAnalysis0$18(CheckAnalysis.scala:664)
	at org.apache.spark.sql.catalyst.analysis.CheckAnalysis.$anonfun$checkAnalysis0$18$adapted(CheckAnalysis.scala:649)
	at org.apache.spark.sql.catalyst.analysis.CheckAnalysis.traverse$1(CheckAnalysis.scala:1378)
	at org.apache.spark.sql.catalyst.analysis.CheckAnalysis.foreachUpSkippingSecureView(CheckAnalysis.scala:1380)
	at org.apache.spark.sql.catalyst.analysis.CheckAnalysis.$anonfun$checkAnalysis0$17(CheckAnalysis.scala:649)
	at org.apache.spark.sql.catalyst.analysis.CheckAnalysis.$anonfun$checkAnalysis0$17$adapted(CheckAnalysis.scala:649)
	at scala.collection.immutable.List.foreach(List.scala:334)
	at org.apache.spark.sql.catalyst.analysis.CheckAnalysis.$anonfun$checkAnalysis0$2(CheckAnalysis.scala:649)
	at org.apache.spark.sql.catalyst.analysis.CheckAnalysis.$anonfun$checkAnalysis0$2$adapted(CheckAnalysis.scala:410)
	at org.apache.spark.sql.catalyst.trees.TreeNode.foreachUp(TreeNode.scala:392)
	at org.apache.spark.sql.catalyst.trees.TreeNode.$anonfun$foreachUp$1(TreeNode.scala:391)
	at org.apache.spark.sql.catalyst.trees.TreeNode.$anonfun$foreachUp$1$adapted(TreeNode.scala:391)
	at scala.collection.immutable.Vector.foreach(Vector.scala:2125)
	at org.apache.spark.sql.catalyst.trees.TreeNode.foreachUp(TreeNode.scala:391)
	at org.apache.spark.sql.catalyst.trees.TreeNode.$anonfun$foreachUp$1(TreeNode.scala:391)
	at org.apache.spark.sql.catalyst.trees.TreeNode.$anonfun$foreachUp$1$adapted(TreeNode.scala:391)
	at scala.collection.immutable.Vector.foreach(Vector.scala:2125)
	at org.apache.spark.sql.catalyst.trees.TreeNode.foreachUp(TreeNode.scala:391)
	at org.apache.spark.sql.catalyst.analysis.CheckAnalysis.checkAnalysis0(CheckAnalysis.scala:410)
	at org.apache.spark.sql.catalyst.analysis.CheckAnalysis.checkAnalysis0$(CheckAnalysis.scala:377)
	at org.apache.spark.sql.catalyst.analysis.Analyzer.checkAnalysis0(Analyzer.scala:610)
	at org.apache.spark.sql.catalyst.analysis.CheckAnalysis.$anonfun$checkAnalysis$1(CheckAnalysis.scala:362)
	at scala.runtime.java8.JFunction0$mcV$sp.apply(JFunction0$mcV$sp.scala:18)
	at com.databricks.spark.util.FrameProfiler$.$anonfun$record$1(FrameProfiler.scala:114)
	at com.databricks.spark.util.FrameProfilerExporter$.maybeExportFrameProfiler(FrameProfilerExporter.scala:201)
	at com.databricks.spark.util.FrameProfiler$.record(FrameProfiler.scala:105)
	at org.apache.spark.sql.catalyst.analysis.CheckAnalysis.checkAnalysis(CheckAnalysis.scala:349)
	at org.apache.spark.sql.catalyst.analysis.CheckAnalysis.checkAnalysis$(CheckAnalysis.scala:345)
	at org.apache.spark.sql.catalyst.analysis.Analyzer.checkAnalysis(Analyzer.scala:610)
	at org.apache.spark.sql.catalyst.analysis.resolver.HybridAnalyzer.$anonfun$resolveInFixedPoint$1(HybridAnalyzer.scala:417)
	at scala.runtime.java8.JFunction0$mcV$sp.apply(JFunction0$mcV$sp.scala:18)
	at org.apache.spark.sql.catalyst.QueryPlanningTracker$.withTracker(QueryPlanningTracker.scala:275)
	at org.apache.spark.sql.catalyst.analysis.resolver.HybridAnalyzer.resolveInFixedPoint(HybridAnalyzer.scala:417)
	at org.apache.spark.sql.catalyst.analysis.resolver.HybridAnalyzer.$anonfun$apply$1(HybridAnalyzer.scala:98)
	at org.apache.spark.sql.catalyst.analysis.resolver.HybridAnalyzer.withTrackedAnalyzerBridgeState(HybridAnalyzer.scala:135)
	at org.apache.spark.sql.catalyst.analysis.resolver.HybridAnalyzer.apply(HybridAnalyzer.scala:91)
	at org.apache.spark.sql.catalyst.analysis.Analyzer.$anonfun$executeAndCheck$2(Analyzer.scala:677)
	at org.apache.spark.sql.catalyst.plans.logical.AnalysisHelper$.markInAnalyzer(AnalysisHelper.scala:425)
	at org.apache.spark.sql.catalyst.analysis.Analyzer.$anonfun$executeAndCheck$1(Analyzer.scala:677)
	at com.databricks.sql.unity.SAMSnapshotHelper$.visitPlansDuringAnalysis(SAMSnapshotHelper.scala:43)
	at org.apache.spark.sql.catalyst.analysis.Analyzer.executeAndCheck(Analyzer.scala:666)
	at org.apache.spark.sql.execution.QueryExecution.$anonfun$lazyAnalyzed$3(QueryExecution.scala:607)
	at com.databricks.spark.util.FrameProfiler$.$anonfun$record$1(FrameProfiler.scala:114)
	at com.databricks.spark.util.FrameProfilerExporter$.maybeExportFrameProfiler(FrameProfilerExporter.scala:201)
	at com.databricks.spark.util.FrameProfiler$.record(FrameProfiler.scala:105)
	at org.apache.spark.sql.catalyst.QueryPlanningTracker.measurePhase(QueryPlanningTracker.scala:1021)
	at org.apache.spark.sql.execution.QueryExecution.$anonfun$executePhase$8(QueryExecution.scala:1073)
	at org.apache.spark.sql.execution.SQLExecution$.$anonfun$withExecutionPhase$1(SQLExecution.scala:335)
	at com.databricks.util.TracingSpanUtils$.withTracing(TracingSpanUtils.scala:251)
	at com.databricks.spark.util.DatabricksTracingHelper.withSpan(DatabricksSparkTracingHelper.scala:154)
	at com.databricks.spark.util.DBRTracing$.withSpan(DBRTracing.scala:87)
	at org.apache.spark.sql.execution.SQLExecution$.withExecutionPhase(SQLExecution.scala:316)
	at org.apache.spark.sql.execution.QueryExecution.$anonfun$executePhase$7(QueryExecution.scala:1073)
	at org.apache.spark.sql.execution.QueryExecution$.withInternalError(QueryExecution.scala:1822)
	at org.apache.spark.sql.execution.QueryExecution.$anonfun$executePhase$5(QueryExecution.scala:1066)
	at com.databricks.util.LexicalThreadLocal$Handle.runWith(LexicalThreadLocal.scala:63)
	at org.apache.spark.sql.execution.QueryExecution.$anonfun$executePhase$4(QueryExecution.scala:1063)
	at com.databricks.util.LexicalThreadLocal$Handle.runWith(LexicalThreadLocal.scala:63)
	at org.apache.spark.sql.execution.QueryExecution.$anonfun$executePhase$3(QueryExecution.scala:1063)
	at com.databricks.util.LexicalThreadLocal$Handle.runWith(LexicalThreadLocal.scala:63)
	at org.apache.spark.sql.execution.QueryExecution.$anonfun$executePhase$2(QueryExecution.scala:1062)
	at com.databricks.util.LexicalThreadLocal$Handle.runWith(LexicalThreadLocal.scala:63)
	at org.apache.spark.sql.execution.QueryExecution.localBlock$1(QueryExecution.scala:1043)
	at org.apache.spark.sql.execution.QueryExecution.$anonfun$withQueryExecutionId$4(QueryExecution.scala:1053)
	at com.databricks.unity.UCSManager$.withTemporaryScope(UCSManager.scala:168)
	at org.apache.spark.sql.execution.QueryExecution.$anonfun$withQueryExecutionId$3(QueryExecution.scala:1052)
	at org.apache.spark.sql.execution.QueryExecution$.$anonfun$runWithWrappers$2(QueryExecution.scala:2075)
	at org.apache.spark.sql.execution.QueryExecution$.org$apache$spark$sql$execution$QueryExecution$$runWithWrappers(QueryExecution.scala:2074)
	at org.apache.spark.sql.execution.QueryExecution.withQueryExecutionId(QueryExecution.scala:1053)
	at org.apache.spark.sql.execution.QueryExecution.$anonfun$executePhase$1(QueryExecution.scala:1061)
	at org.apache.spark.sql.SparkSession.withActive(SparkSession.scala:866)
	at org.apache.spark.sql.execution.QueryExecution.executePhase(QueryExecution.scala:1060)
	at org.apache.spark.sql.execution.QueryExecution.$anonfun$lazyAnalyzed$2(QueryExecution.scala:598)
	at com.databricks.sql.util.MemoryTrackerHelper.withMemoryTracking(MemoryTrackerHelper.scala:111)
	at org.apache.spark.sql.execution.QueryExecution.$anonfun$lazyAnalyzed$1(QueryExecution.scala:597)
	at scala.util.Try$.apply(Try.scala:217)
	at org.apache.spark.util.Utils$.doTryWithCallerStacktrace(Utils.scala:1796)
	at org.apache.spark.util.Utils$.getTryWithCallerStacktrace(Utils.scala:1846)
	at org.apache.spark.util.LazyTry.get(LazyTry.scala:78)
	at org.apache.spark.sql.execution.QueryExecution.analyzed(QueryExecution.scala:661)
	at org.apache.spark.sql.execution.QueryExecution.assertAnalyzed(QueryExecution.scala:520)
	at org.apache.spark.sql.classic.Dataset$.$anonfun$ofRows$13(Dataset.scala:256)
	at org.apache.spark.sql.SparkSession.withActive(SparkSession.scala:866)
	at org.apache.spark.sql.classic.Dataset$.ofRows(Dataset.scala:253)
	at org.apache.spark.sql.connect.execution.SparkConnectPlanExecution.$anonfun$handlePlan$11(SparkConnectPlanExecution.scala:149)
	at org.apache.spark.sql.connect.utils.TimingUtils$.withTiming(TimingUtils.scala:35)
	at org.apache.spark.sql.connect.execution.SparkConnectPlanExecution.handlePlan(SparkConnectPlanExecution.scala:144)
	at org.apache.spark.sql.connect.execution.ExecuteThreadRunner.handlePlan(ExecuteThreadRunner.scala:522)
	at org.apache.spark.sql.connect.execution.ExecuteThreadRunner.$anonfun$executeInternal$1(ExecuteThreadRunner.scala:421)
	at org.apache.spark.sql.connect.execution.ExecuteThreadRunner.$anonfun$executeInternal$1$adapted(ExecuteThreadRunner.scala:340)
	at org.apache.spark.sql.connect.service.SessionHolder.$anonfun$withSession$2(SessionHolder.scala:844)
	at org.apache.spark.sql.SparkSession.withActive(SparkSession.scala:866)
	at org.apache.spark.sql.connect.service.SessionHolder.$anonfun$withSession$1(SessionHolder.scala:844)
	at org.apache.spark.JobArtifactSet$.withActiveJobArtifactState(JobArtifactSet.scala:97)
	at org.apache.spark.sql.artifact.ArtifactManager.$anonfun$withResources$1(ArtifactManager.scala:124)
	at org.apache.spark.sql.artifact.ArtifactManager.withClassLoaderIfNeeded(ArtifactManager.scala:118)
	at org.apache.spark.sql.artifact.ArtifactManager.withResources(ArtifactManager.scala:123)
	at org.apache.spark.sql.connect.service.SessionHolder.withSession(SessionHolder.scala:843)
	at org.apache.spark.sql.connect.execution.ExecuteThreadRunner.executeInternal(ExecuteThreadRunner.scala:340)
	at org.apache.spark.sql.connect.execution.ExecuteThreadRunner.$anonfun$execute$1(ExecuteThreadRunner.scala:200)
	at scala.runtime.java8.JFunction0$mcV$sp.apply(JFunction0$mcV$sp.scala:18)
	at com.databricks.spark.connect.service.UtilizationMetrics.recordActiveQueries(UtilizationMetrics.scala:92)
	at com.databricks.spark.connect.service.UtilizationMetrics.recordActiveQueries$(UtilizationMetrics.scala:89)
	at org.apache.spark.sql.connect.execution.ExecuteThreadRunner.recordActiveQueries(ExecuteThreadRunner.scala:61)
	at org.apache.spark.sql.connect.execution.ExecuteThreadRunner.org$apache$spark$sql$connect$execution$ExecuteThreadRunner$$execute(ExecuteThreadRunner.scala:192)
	at org.apache.spark.sql.connect.execution.ExecuteThreadRunner$ExecutionThread.$anonfun$run$3(ExecuteThreadRunner.scala:601)
	at scala.runtime.java8.JFunction0$mcV$sp.apply(JFunction0$mcV$sp.scala:18)
	at com.databricks.spark.util.DBRTracing$.withSpanFromParent(DBRTracing.scala:70)
	at org.apache.spark.sql.connect.execution.ExecuteThreadRunner$ExecutionThread.$anonfun$run$2(ExecuteThreadRunner.scala:601)
	at scala.runtime.java8.JFunction0$mcV$sp.apply(JFunction0$mcV$sp.scala:18)
	at com.databricks.unity.UCSEphemeralState$Handle.runWith(UCSEphemeralState.scala:51)
	at com.databricks.unity.HandleImpl.runWith(UCSHandle.scala:128)
	at com.databricks.unity.HandleImpl.$anonfun$runWithAndClose$1(UCSHandle.scala:133)
	at scala.util.Using$.resource(Using.scala:296)
	at com.databricks.unity.HandleImpl.runWithAndClose(UCSHandle.scala:132)
	at org.apache.spark.sql.connect.execution.ExecuteThreadRunner$ExecutionThread.run(ExecuteThreadRunner.scala:600)
Traceback (most recent call last):
  File "/Workspace/Users/krishnasumanbhaipatel@gmail.com/Practice Folder/lakehouse-practice-project/src/transformations/silver.py", line 147, in transform_table
    duplicates = get_duplicate_records(table_clean, primary_key)
                ^^^^^^^^^^^^^^^^^^^^^^^^^^^^^^^^^^^^^^^^^^^^^^^^^
  File "/Workspace/Users/krishnasumanbhaipatel@gmail.com/Practice Folder/lakehouse-practice-project/src/validation/quality_checks.py", line 13, in get_duplicate_records
    duplicate_count = table.groupBy(*columns).count().filter(F.col("count") > 1).count()
                      ^^^^^^^^^^^^^^^^^^^^^^^^^^^^^^^^^^^^^^^^^^^^^^^^^^^^^^^^^^^^^^^^^^
  File "/databricks/python/lib/python3.12/site-packages/pyspark/sql/connect/dataframe.py", line 318, in count
    )._to_table()  # type: ignore[operator]
      ^^^^^^^^^^^
  File "/databricks/python/lib/python3.12/site-packages/pyspark/sql/connect/dataframe.py", line 1930, in _to_table
    table, schema, self._execution_info = self._session.client.to_table(
                                          ^^^^^^^^^^^^^^^^^^^^^^^^^^^^^^
  File "/databricks/python/lib/python3.12/site-packages/pyspark/sql/connect/client/core.py", line 1273, in to_table
    table, schema, metrics, observed_metrics, _ = self._execute_and_fetch(req, observations)
                                                  ^^^^^^^^^^^^^^^^^^^^^^^^^^^^^^^^^^^^^^^^^^
  File "/databricks/python/lib/python3.12/site-packages/pyspark/sql/connect/client/core.py", line 2086, in _execute_and_fetch
    for response in self._execute_and_fetch_as_iterator(
  File "/databricks/python/lib/python3.12/site-packages/pyspark/sql/connect/client/core.py", line 2062, in _execute_and_fetch_as_iterator
    self._handle_error(error)
  File "/databricks/python/lib/python3.12/site-packages/pyspark/sql/connect/client/core.py", line 2380, in _handle_error
    self._handle_rpc_error(error)
  File "/databricks/python/lib/python3.12/site-packages/pyspark/sql/connect/client/core.py", line 2458, in _handle_rpc_error
    raise convert_exception(
pyspark.errors.exceptions.connect.AnalysisException: [UNRESOLVED_COLUMN.WITH_SUGGESTION] A column, variable, or function parameter with name `customer_id` cannot be resolved. Did you mean one of the following? [`category`, `product_id`, `brand`, `price`, `created_date`]. SQLSTATE: 42703;
'Aggregate [unresolvedalias(count(1))]
+- 'Filter '`>`('count, 1)
   +- 'Aggregate ['customer_id], ['customer_id, count(1) AS count#12361L]
      +- Project [cast(product_id#12374 as int) AS product_id#12390, cast(product_name#12187 as string) AS product_name#12391, cast(category#12188 as string) AS category#12392, cast(brand#12189 as string) AS brand#12393, cast(price#12378 as double) AS price#12394, cast(created_date#12379 as timestamp) AS created_date#12395, cast(modified_date#12380 as timestamp) AS modified_date#12396, cast(_ingestion_job_id#12384 as string) AS _ingestion_job_id#12397]
         +- Project [product_id#12374, product_name#12187, category#12188, brand#12189, price#12378, created_date#12379, modified_date#12380, _ingestion_job_id#12384]
            +- Project [product_id#12374, initcap(product_name#12157) AS product_name#12187, initcap(category#12158) AS category#12188, initcap(brand#12159) AS brand#12189, price#12378, created_date#12379, modified_date#12380, _ingestion_job_id#12384]
               +- Project [product_id#12374, trim(product_name#12375, None) AS product_name#12157, trim(category#12376, None) AS category#12158, trim(brand#12377, None) AS brand#12159, price#12378, created_date#12379, modified_date#12380, _ingestion_job_id#12384]
                  +- Project [product_id#12374, product_name#12375, category#12376, brand#12377, price#12378, created_date#12379, modified_date#12380, _ingestion_job_id#12384]
                     +- SubqueryAlias catalog_project1.bronze.products
                        +- Relation catalog_project1.bronze.products[product_id#12374,product_name#12375,category#12376,brand#12377,price#12378,created_date#12379,modified_date#12380,_ingestion_timestamp#12381,_source_file#12382,_source_table#12383,_ingestion_job_id#12384,_ingestion_pipeline_id#12385] parquet


JVM stacktrace:
org.apache.spark.sql.catalyst.ExtendedAnalysisException
	at org.apache.spark.sql.errors.QueryCompilationErrors$.unresolvedAttributeError(QueryCompilationErrors.scala:727)
	at org.apache.spark.sql.catalyst.analysis.CheckAnalysis.org$apache$spark$sql$catalyst$analysis$CheckAnalysis$$failUnresolvedAttribute(CheckAnalysis.scala:274)
	at org.apache.spark.sql.catalyst.analysis.CheckAnalysis.$anonfun$checkAnalysis0$18(CheckAnalysis.scala:664)
	at org.apache.spark.sql.catalyst.analysis.CheckAnalysis.$anonfun$checkAnalysis0$18$adapted(CheckAnalysis.scala:649)
	at org.apache.spark.sql.catalyst.analysis.CheckAnalysis.traverse$1(CheckAnalysis.scala:1378)
	at org.apache.spark.sql.catalyst.analysis.CheckAnalysis.foreachUpSkippingSecureView(CheckAnalysis.scala:1380)
	at org.apache.spark.sql.catalyst.analysis.CheckAnalysis.$anonfun$checkAnalysis0$17(CheckAnalysis.scala:649)
	at org.apache.spark.sql.catalyst.analysis.CheckAnalysis.$anonfun$checkAnalysis0$17$adapted(CheckAnalysis.scala:649)
	at scala.collection.immutable.List.foreach(List.scala:334)
	at org.apache.spark.sql.catalyst.analysis.CheckAnalysis.$anonfun$checkAnalysis0$2(CheckAnalysis.scala:649)
	at org.apache.spark.sql.catalyst.analysis.CheckAnalysis.$anonfun$checkAnalysis0$2$adapted(CheckAnalysis.scala:410)
	at org.apache.spark.sql.catalyst.trees.TreeNode.foreachUp(TreeNode.scala:392)
	at org.apache.spark.sql.catalyst.trees.TreeNode.$anonfun$foreachUp$1(TreeNode.scala:391)
	at org.apache.spark.sql.catalyst.trees.TreeNode.$anonfun$foreachUp$1$adapted(TreeNode.scala:391)
	at scala.collection.immutable.Vector.foreach(Vector.scala:2125)
	at org.apache.spark.sql.catalyst.trees.TreeNode.foreachUp(TreeNode.scala:391)
	at org.apache.spark.sql.catalyst.trees.TreeNode.$anonfun$foreachUp$1(TreeNode.scala:391)
	at org.apache.spark.sql.catalyst.trees.TreeNode.$anonfun$foreachUp$1$adapted(TreeNode.scala:391)
	at scala.collection.immutable.Vector.foreach(Vector.scala:2125)
	at org.apache.spark.sql.catalyst.trees.TreeNode.foreachUp(TreeNode.scala:391)
	at org.apache.spark.sql.catalyst.analysis.CheckAnalysis.checkAnalysis0(CheckAnalysis.scala:410)
	at org.apache.spark.sql.catalyst.analysis.CheckAnalysis.checkAnalysis0$(CheckAnalysis.scala:377)
	at org.apache.spark.sql.catalyst.analysis.Analyzer.checkAnalysis0(Analyzer.scala:610)
	at org.apache.spark.sql.catalyst.analysis.CheckAnalysis.$anonfun$checkAnalysis$1(CheckAnalysis.scala:362)
	at scala.runtime.java8.JFunction0$mcV$sp.apply(JFunction0$mcV$sp.scala:18)
	at com.databricks.spark.util.FrameProfiler$.$anonfun$record$1(FrameProfiler.scala:114)
	at com.databricks.spark.util.FrameProfilerExporter$.maybeExportFrameProfiler(FrameProfilerExporter.scala:201)
	at com.databricks.spark.util.FrameProfiler$.record(FrameProfiler.scala:105)
	at org.apache.spark.sql.catalyst.analysis.CheckAnalysis.checkAnalysis(CheckAnalysis.scala:349)
	at org.apache.spark.sql.catalyst.analysis.CheckAnalysis.checkAnalysis$(CheckAnalysis.scala:345)
	at org.apache.spark.sql.catalyst.analysis.Analyzer.checkAnalysis(Analyzer.scala:610)
	at org.apache.spark.sql.catalyst.analysis.resolver.HybridAnalyzer.$anonfun$resolveInFixedPoint$1(HybridAnalyzer.scala:417)
	at scala.runtime.java8.JFunction0$mcV$sp.apply(JFunction0$mcV$sp.scala:18)
	at org.apache.spark.sql.catalyst.QueryPlanningTracker$.withTracker(QueryPlanningTracker.scala:275)
	at org.apache.spark.sql.catalyst.analysis.resolver.HybridAnalyzer.resolveInFixedPoint(HybridAnalyzer.scala:417)
	at org.apache.spark.sql.catalyst.analysis.resolver.HybridAnalyzer.$anonfun$apply$1(HybridAnalyzer.scala:98)
	at org.apache.spark.sql.catalyst.analysis.resolver.HybridAnalyzer.withTrackedAnalyzerBridgeState(HybridAnalyzer.scala:135)
	at org.apache.spark.sql.catalyst.analysis.resolver.HybridAnalyzer.apply(HybridAnalyzer.scala:91)
	at org.apache.spark.sql.catalyst.analysis.Analyzer.$anonfun$executeAndCheck$2(Analyzer.scala:677)
	at org.apache.spark.sql.catalyst.plans.logical.AnalysisHelper$.markInAnalyzer(AnalysisHelper.scala:425)
	at org.apache.spark.sql.catalyst.analysis.Analyzer.$anonfun$executeAndCheck$1(Analyzer.scala:677)
	at com.databricks.sql.unity.SAMSnapshotHelper$.visitPlansDuringAnalysis(SAMSnapshotHelper.scala:43)
	at org.apache.spark.sql.catalyst.analysis.Analyzer.executeAndCheck(Analyzer.scala:666)
	at org.apache.spark.sql.execution.QueryExecution.$anonfun$lazyAnalyzed$3(QueryExecution.scala:607)
	at com.databricks.spark.util.FrameProfiler$.$anonfun$record$1(FrameProfiler.scala:114)
	at com.databricks.spark.util.FrameProfilerExporter$.maybeExportFrameProfiler(FrameProfilerExporter.scala:201)
	at com.databricks.spark.util.FrameProfiler$.record(FrameProfiler.scala:105)
	at org.apache.spark.sql.catalyst.QueryPlanningTracker.measurePhase(QueryPlanningTracker.scala:1021)
	at org.apache.spark.sql.execution.QueryExecution.$anonfun$executePhase$8(QueryExecution.scala:1073)
	at org.apache.spark.sql.execution.SQLExecution$.$anonfun$withExecutionPhase$1(SQLExecution.scala:335)
	at com.databricks.util.TracingSpanUtils$.withTracing(TracingSpanUtils.scala:251)
	at com.databricks.spark.util.DatabricksTracingHelper.withSpan(DatabricksSparkTracingHelper.scala:154)
	at com.databricks.spark.util.DBRTracing$.withSpan(DBRTracing.scala:87)
	at org.apache.spark.sql.execution.SQLExecution$.withExecutionPhase(SQLExecution.scala:316)
	at org.apache.spark.sql.execution.QueryExecution.$anonfun$executePhase$7(QueryExecution.scala:1073)
	at org.apache.spark.sql.execution.QueryExecution$.withInternalError(QueryExecution.scala:1822)
	at org.apache.spark.sql.execution.QueryExecution.$anonfun$executePhase$5(QueryExecution.scala:1066)
	at com.databricks.util.LexicalThreadLocal$Handle.runWith(LexicalThreadLocal.scala:63)
	at org.apache.spark.sql.execution.QueryExecution.$anonfun$executePhase$4(QueryExecution.scala:1063)
	at com.databricks.util.LexicalThreadLocal$Handle.runWith(LexicalThreadLocal.scala:63)
	at org.apache.spark.sql.execution.QueryExecution.$anonfun$executePhase$3(QueryExecution.scala:1063)
	at com.databricks.util.LexicalThreadLocal$Handle.runWith(LexicalThreadLocal.scala:63)
	at org.apache.spark.sql.execution.QueryExecution.$anonfun$executePhase$2(QueryExecution.scala:1062)
	at com.databricks.util.LexicalThreadLocal$Handle.runWith(LexicalThreadLocal.scala:63)
	at org.apache.spark.sql.execution.QueryExecution.localBlock$1(QueryExecution.scala:1043)
	at org.apache.spark.sql.execution.QueryExecution.$anonfun$withQueryExecutionId$4(QueryExecution.scala:1053)
	at com.databricks.unity.UCSManager$.withTemporaryScope(UCSManager.scala:168)
	at org.apache.spark.sql.execution.QueryExecution.$anonfun$withQueryExecutionId$3(QueryExecution.scala:1052)
	at org.apache.spark.sql.execution.QueryExecution$.$anonfun$runWithWrappers$2(QueryExecution.scala:2075)
	at org.apache.spark.sql.execution.QueryExecution$.org$apache$spark$sql$execution$QueryExecution$$runWithWrappers(QueryExecution.scala:2074)
	at org.apache.spark.sql.execution.QueryExecution.withQueryExecutionId(QueryExecution.scala:1053)
	at org.apache.spark.sql.execution.QueryExecution.$anonfun$executePhase$1(QueryExecution.scala:1061)
	at org.apache.spark.sql.SparkSession.withActive(SparkSession.scala:866)
	at org.apache.spark.sql.execution.QueryExecution.executePhase(QueryExecution.scala:1060)
	at org.apache.spark.sql.execution.QueryExecution.$anonfun$lazyAnalyzed$2(QueryExecution.scala:598)
	at com.databricks.sql.util.MemoryTrackerHelper.withMemoryTracking(MemoryTrackerHelper.scala:111)
	at org.apache.spark.sql.execution.QueryExecution.$anonfun$lazyAnalyzed$1(QueryExecution.scala:597)
	at scala.util.Try$.apply(Try.scala:217)
	at org.apache.spark.util.Utils$.doTryWithCallerStacktrace(Utils.scala:1796)
	at org.apache.spark.util.Utils$.getTryWithCallerStacktrace(Utils.scala:1846)
	at org.apache.spark.util.LazyTry.get(LazyTry.scala:78)
	at org.apache.spark.sql.execution.QueryExecution.analyzed(QueryExecution.scala:661)
	at org.apache.spark.sql.execution.QueryExecution.assertAnalyzed(QueryExecution.scala:520)
	at org.apache.spark.sql.classic.Dataset$.$anonfun$ofRows$13(Dataset.scala:256)
	at org.apache.spark.sql.SparkSession.withActive(SparkSession.scala:866)
	at org.apache.spark.sql.classic.Dataset$.ofRows(Dataset.scala:253)
	at org.apache.spark.sql.connect.execution.SparkConnectPlanExecution.$anonfun$handlePlan$11(SparkConnectPlanExecution.scala:149)
	at org.apache.spark.sql.connect.utils.TimingUtils$.withTiming(TimingUtils.scala:35)
	at org.apache.spark.sql.connect.execution.SparkConnectPlanExecution.handlePlan(SparkConnectPlanExecution.scala:144)
	at org.apache.spark.sql.connect.execution.ExecuteThreadRunner.handlePlan(ExecuteThreadRunner.scala:522)
	at org.apache.spark.sql.connect.execution.ExecuteThreadRunner.$anonfun$executeInternal$1(ExecuteThreadRunner.scala:421)
	at org.apache.spark.sql.connect.execution.ExecuteThreadRunner.$anonfun$executeInternal$1$adapted(ExecuteThreadRunner.scala:340)
	at org.apache.spark.sql.connect.service.SessionHolder.$anonfun$withSession$2(SessionHolder.scala:844)
	at org.apache.spark.sql.SparkSession.withActive(SparkSession.scala:866)
	at org.apache.spark.sql.connect.service.SessionHolder.$anonfun$withSession$1(SessionHolder.scala:844)
	at org.apache.spark.JobArtifactSet$.withActiveJobArtifactState(JobArtifactSet.scala:97)
	at org.apache.spark.sql.artifact.ArtifactManager.$anonfun$withResources$1(ArtifactManager.scala:124)
	at org.apache.spark.sql.artifact.ArtifactManager.withClassLoaderIfNeeded(ArtifactManager.scala:118)
	at org.apache.spark.sql.artifact.ArtifactManager.withResources(ArtifactManager.scala:123)
	at org.apache.spark.sql.connect.service.SessionHolder.withSession(SessionHolder.scala:843)
	at org.apache.spark.sql.connect.execution.ExecuteThreadRunner.executeInternal(ExecuteThreadRunner.scala:340)
	at org.apache.spark.sql.connect.execution.ExecuteThreadRunner.$anonfun$execute$1(ExecuteThreadRunner.scala:200)
	at scala.runtime.java8.JFunction0$mcV$sp.apply(JFunction0$mcV$sp.scala:18)
	at com.databricks.spark.connect.service.UtilizationMetrics.recordActiveQueries(UtilizationMetrics.scala:92)
	at com.databricks.spark.connect.service.UtilizationMetrics.recordActiveQueries$(UtilizationMetrics.scala:89)
	at org.apache.spark.sql.connect.execution.ExecuteThreadRunner.recordActiveQueries(ExecuteThreadRunner.scala:61)
	at org.apache.spark.sql.connect.execution.ExecuteThreadRunner.org$apache$spark$sql$connect$execution$ExecuteThreadRunner$$execute(ExecuteThreadRunner.scala:192)
	at org.apache.spark.sql.connect.execution.ExecuteThreadRunner$ExecutionThread.$anonfun$run$3(ExecuteThreadRunner.scala:601)
	at scala.runtime.java8.JFunction0$mcV$sp.apply(JFunction0$mcV$sp.scala:18)
	at com.databricks.spark.util.DBRTracing$.withSpanFromParent(DBRTracing.scala:70)
	at org.apache.spark.sql.connect.execution.ExecuteThreadRunner$ExecutionThread.$anonfun$run$2(ExecuteThreadRunner.scala:601)
	at scala.runtime.java8.JFunction0$mcV$sp.apply(JFunction0$mcV$sp.scala:18)
	at com.databricks.unity.UCSEphemeralState$Handle.runWith(UCSEphemeralState.scala:51)
	at com.databricks.unity.HandleImpl.runWith(UCSHandle.scala:128)
	at com.databricks.unity.HandleImpl.$anonfun$runWithAndClose$1(UCSHandle.scala:133)
	at scala.util.Using$.resource(Using.scala:296)
	at com.databricks.unity.HandleImpl.runWithAndClose(UCSHandle.scala:132)
	at org.apache.spark.sql.connect.execution.ExecuteThreadRunner$ExecutionThread.run(ExecuteThreadRunner.scala:600)
2026-07-28 11:36:52,195 | INFO     | silver.clean_customers | Audit for catalog_project1.silver.clean_products written successfully
2026-07-28 11:37:33,825 | INFO     | silver.clean_customers | Logging to file: /Workspace/Users/krishnasumanbhaipatel@gmail.com/Practice Folder/lakehouse-practice-project/logs/silver_clean_customers_20260728.log
2026-07-28 11:37:33,826 | INFO     | silver.clean_customers | Starting Silver pipeline at 2026-07-28 11:37:33.782644
2026-07-28 11:37:34,099 | INFO     | silver.clean_customers | Reading catalog_project1.bronze.products table
2026-07-28 11:37:35,280 | INFO     | silver.clean_customers | Read 10 records from catalog_project1.bronze.products
2026-07-28 11:37:35,280 | INFO     | silver.clean_customers | All required columns exists in the catalog_project1.bronze.products
2026-07-28 11:37:36,164 | INFO     | silver.clean_customers | Data standardization completed for the catalog_project1.bronze.products
2026-07-28 11:37:36,627 | INFO     | silver.clean_customers | Data type casting completed for the catalog_project1.bronze.products
2026-07-28 11:37:37,696 | INFO     | silver.clean_customers | Data validation completed for the catalog_project1.bronze.products
2026-07-28 11:37:38,199 | ERROR    | silver.clean_customers | Silver catalog_project1.silver.clean_products pipeline failed: [UNRESOLVED_COLUMN.WITH_SUGGESTION] A column, variable, or function parameter with name `customer_id` cannot be resolved. Did you mean one of the following? [`category`, `product_id`, `brand`, `price`, `created_date`]. SQLSTATE: 42703;
'Aggregate [unresolvedalias(count(1))]
+- 'Filter '`>`('count, 1)
   +- 'Aggregate ['customer_id], ['customer_id, count(1) AS count#13130L]
      +- Project [cast(product_id#13143 as int) AS product_id#13159, cast(product_name#12956 as string) AS product_name#13160, cast(category#12957 as string) AS category#13161, cast(brand#12958 as string) AS brand#13162, cast(price#13147 as double) AS price#13163, cast(created_date#13148 as timestamp) AS created_date#13164, cast(modified_date#13149 as timestamp) AS modified_date#13165, cast(_ingestion_job_id#13153 as string) AS _ingestion_job_id#13166]
         +- Project [product_id#13143, product_name#12956, category#12957, brand#12958, price#13147, created_date#13148, modified_date#13149, _ingestion_job_id#13153]
            +- Project [product_id#13143, initcap(product_name#12926) AS product_name#12956, initcap(category#12927) AS category#12957, initcap(brand#12928) AS brand#12958, price#13147, created_date#13148, modified_date#13149, _ingestion_job_id#13153]
               +- Project [product_id#13143, trim(product_name#13144, None) AS product_name#12926, trim(category#13145, None) AS category#12927, trim(brand#13146, None) AS brand#12928, price#13147, created_date#13148, modified_date#13149, _ingestion_job_id#13153]
                  +- Project [product_id#13143, product_name#13144, category#13145, brand#13146, price#13147, created_date#13148, modified_date#13149, _ingestion_job_id#13153]
                     +- SubqueryAlias catalog_project1.bronze.products
                        +- Relation catalog_project1.bronze.products[product_id#13143,product_name#13144,category#13145,brand#13146,price#13147,created_date#13148,modified_date#13149,_ingestion_timestamp#13150,_source_file#13151,_source_table#13152,_ingestion_job_id#13153,_ingestion_pipeline_id#13154] parquet


JVM stacktrace:
org.apache.spark.sql.catalyst.ExtendedAnalysisException
	at org.apache.spark.sql.errors.QueryCompilationErrors$.unresolvedAttributeError(QueryCompilationErrors.scala:727)
	at org.apache.spark.sql.catalyst.analysis.CheckAnalysis.org$apache$spark$sql$catalyst$analysis$CheckAnalysis$$failUnresolvedAttribute(CheckAnalysis.scala:274)
	at org.apache.spark.sql.catalyst.analysis.CheckAnalysis.$anonfun$checkAnalysis0$18(CheckAnalysis.scala:664)
	at org.apache.spark.sql.catalyst.analysis.CheckAnalysis.$anonfun$checkAnalysis0$18$adapted(CheckAnalysis.scala:649)
	at org.apache.spark.sql.catalyst.analysis.CheckAnalysis.traverse$1(CheckAnalysis.scala:1378)
	at org.apache.spark.sql.catalyst.analysis.CheckAnalysis.foreachUpSkippingSecureView(CheckAnalysis.scala:1380)
	at org.apache.spark.sql.catalyst.analysis.CheckAnalysis.$anonfun$checkAnalysis0$17(CheckAnalysis.scala:649)
	at org.apache.spark.sql.catalyst.analysis.CheckAnalysis.$anonfun$checkAnalysis0$17$adapted(CheckAnalysis.scala:649)
	at scala.collection.immutable.List.foreach(List.scala:334)
	at org.apache.spark.sql.catalyst.analysis.CheckAnalysis.$anonfun$checkAnalysis0$2(CheckAnalysis.scala:649)
	at org.apache.spark.sql.catalyst.analysis.CheckAnalysis.$anonfun$checkAnalysis0$2$adapted(CheckAnalysis.scala:410)
	at org.apache.spark.sql.catalyst.trees.TreeNode.foreachUp(TreeNode.scala:392)
	at org.apache.spark.sql.catalyst.trees.TreeNode.$anonfun$foreachUp$1(TreeNode.scala:391)
	at org.apache.spark.sql.catalyst.trees.TreeNode.$anonfun$foreachUp$1$adapted(TreeNode.scala:391)
	at scala.collection.immutable.Vector.foreach(Vector.scala:2125)
	at org.apache.spark.sql.catalyst.trees.TreeNode.foreachUp(TreeNode.scala:391)
	at org.apache.spark.sql.catalyst.trees.TreeNode.$anonfun$foreachUp$1(TreeNode.scala:391)
	at org.apache.spark.sql.catalyst.trees.TreeNode.$anonfun$foreachUp$1$adapted(TreeNode.scala:391)
	at scala.collection.immutable.Vector.foreach(Vector.scala:2125)
	at org.apache.spark.sql.catalyst.trees.TreeNode.foreachUp(TreeNode.scala:391)
	at org.apache.spark.sql.catalyst.analysis.CheckAnalysis.checkAnalysis0(CheckAnalysis.scala:410)
	at org.apache.spark.sql.catalyst.analysis.CheckAnalysis.checkAnalysis0$(CheckAnalysis.scala:377)
	at org.apache.spark.sql.catalyst.analysis.Analyzer.checkAnalysis0(Analyzer.scala:610)
	at org.apache.spark.sql.catalyst.analysis.CheckAnalysis.$anonfun$checkAnalysis$1(CheckAnalysis.scala:362)
	at scala.runtime.java8.JFunction0$mcV$sp.apply(JFunction0$mcV$sp.scala:18)
	at com.databricks.spark.util.FrameProfiler$.$anonfun$record$1(FrameProfiler.scala:114)
	at com.databricks.spark.util.FrameProfilerExporter$.maybeExportFrameProfiler(FrameProfilerExporter.scala:201)
	at com.databricks.spark.util.FrameProfiler$.record(FrameProfiler.scala:105)
	at org.apache.spark.sql.catalyst.analysis.CheckAnalysis.checkAnalysis(CheckAnalysis.scala:349)
	at org.apache.spark.sql.catalyst.analysis.CheckAnalysis.checkAnalysis$(CheckAnalysis.scala:345)
	at org.apache.spark.sql.catalyst.analysis.Analyzer.checkAnalysis(Analyzer.scala:610)
	at org.apache.spark.sql.catalyst.analysis.resolver.HybridAnalyzer.$anonfun$resolveInFixedPoint$1(HybridAnalyzer.scala:417)
	at scala.runtime.java8.JFunction0$mcV$sp.apply(JFunction0$mcV$sp.scala:18)
	at org.apache.spark.sql.catalyst.QueryPlanningTracker$.withTracker(QueryPlanningTracker.scala:275)
	at org.apache.spark.sql.catalyst.analysis.resolver.HybridAnalyzer.resolveInFixedPoint(HybridAnalyzer.scala:417)
	at org.apache.spark.sql.catalyst.analysis.resolver.HybridAnalyzer.$anonfun$apply$1(HybridAnalyzer.scala:98)
	at org.apache.spark.sql.catalyst.analysis.resolver.HybridAnalyzer.withTrackedAnalyzerBridgeState(HybridAnalyzer.scala:135)
	at org.apache.spark.sql.catalyst.analysis.resolver.HybridAnalyzer.apply(HybridAnalyzer.scala:91)
	at org.apache.spark.sql.catalyst.analysis.Analyzer.$anonfun$executeAndCheck$2(Analyzer.scala:677)
	at org.apache.spark.sql.catalyst.plans.logical.AnalysisHelper$.markInAnalyzer(AnalysisHelper.scala:425)
	at org.apache.spark.sql.catalyst.analysis.Analyzer.$anonfun$executeAndCheck$1(Analyzer.scala:677)
	at com.databricks.sql.unity.SAMSnapshotHelper$.visitPlansDuringAnalysis(SAMSnapshotHelper.scala:43)
	at org.apache.spark.sql.catalyst.analysis.Analyzer.executeAndCheck(Analyzer.scala:666)
	at org.apache.spark.sql.execution.QueryExecution.$anonfun$lazyAnalyzed$3(QueryExecution.scala:607)
	at com.databricks.spark.util.FrameProfiler$.$anonfun$record$1(FrameProfiler.scala:114)
	at com.databricks.spark.util.FrameProfilerExporter$.maybeExportFrameProfiler(FrameProfilerExporter.scala:201)
	at com.databricks.spark.util.FrameProfiler$.record(FrameProfiler.scala:105)
	at org.apache.spark.sql.catalyst.QueryPlanningTracker.measurePhase(QueryPlanningTracker.scala:1021)
	at org.apache.spark.sql.execution.QueryExecution.$anonfun$executePhase$8(QueryExecution.scala:1073)
	at org.apache.spark.sql.execution.SQLExecution$.$anonfun$withExecutionPhase$1(SQLExecution.scala:335)
	at com.databricks.util.TracingSpanUtils$.withTracing(TracingSpanUtils.scala:251)
	at com.databricks.spark.util.DatabricksTracingHelper.withSpan(DatabricksSparkTracingHelper.scala:154)
	at com.databricks.spark.util.DBRTracing$.withSpan(DBRTracing.scala:87)
	at org.apache.spark.sql.execution.SQLExecution$.withExecutionPhase(SQLExecution.scala:316)
	at org.apache.spark.sql.execution.QueryExecution.$anonfun$executePhase$7(QueryExecution.scala:1073)
	at org.apache.spark.sql.execution.QueryExecution$.withInternalError(QueryExecution.scala:1822)
	at org.apache.spark.sql.execution.QueryExecution.$anonfun$executePhase$5(QueryExecution.scala:1066)
	at com.databricks.util.LexicalThreadLocal$Handle.runWith(LexicalThreadLocal.scala:63)
	at org.apache.spark.sql.execution.QueryExecution.$anonfun$executePhase$4(QueryExecution.scala:1063)
	at com.databricks.util.LexicalThreadLocal$Handle.runWith(LexicalThreadLocal.scala:63)
	at org.apache.spark.sql.execution.QueryExecution.$anonfun$executePhase$3(QueryExecution.scala:1063)
	at com.databricks.util.LexicalThreadLocal$Handle.runWith(LexicalThreadLocal.scala:63)
	at org.apache.spark.sql.execution.QueryExecution.$anonfun$executePhase$2(QueryExecution.scala:1062)
	at com.databricks.util.LexicalThreadLocal$Handle.runWith(LexicalThreadLocal.scala:63)
	at org.apache.spark.sql.execution.QueryExecution.localBlock$1(QueryExecution.scala:1043)
	at org.apache.spark.sql.execution.QueryExecution.$anonfun$withQueryExecutionId$4(QueryExecution.scala:1053)
	at com.databricks.unity.UCSManager$.withTemporaryScope(UCSManager.scala:168)
	at org.apache.spark.sql.execution.QueryExecution.$anonfun$withQueryExecutionId$3(QueryExecution.scala:1052)
	at org.apache.spark.sql.execution.QueryExecution$.$anonfun$runWithWrappers$2(QueryExecution.scala:2075)
	at org.apache.spark.sql.execution.QueryExecution$.org$apache$spark$sql$execution$QueryExecution$$runWithWrappers(QueryExecution.scala:2074)
	at org.apache.spark.sql.execution.QueryExecution.withQueryExecutionId(QueryExecution.scala:1053)
	at org.apache.spark.sql.execution.QueryExecution.$anonfun$executePhase$1(QueryExecution.scala:1061)
	at org.apache.spark.sql.SparkSession.withActive(SparkSession.scala:866)
	at org.apache.spark.sql.execution.QueryExecution.executePhase(QueryExecution.scala:1060)
	at org.apache.spark.sql.execution.QueryExecution.$anonfun$lazyAnalyzed$2(QueryExecution.scala:598)
	at com.databricks.sql.util.MemoryTrackerHelper.withMemoryTracking(MemoryTrackerHelper.scala:111)
	at org.apache.spark.sql.execution.QueryExecution.$anonfun$lazyAnalyzed$1(QueryExecution.scala:597)
	at scala.util.Try$.apply(Try.scala:217)
	at org.apache.spark.util.Utils$.doTryWithCallerStacktrace(Utils.scala:1796)
	at org.apache.spark.util.Utils$.getTryWithCallerStacktrace(Utils.scala:1846)
	at org.apache.spark.util.LazyTry.get(LazyTry.scala:78)
	at org.apache.spark.sql.execution.QueryExecution.analyzed(QueryExecution.scala:661)
	at org.apache.spark.sql.execution.QueryExecution.assertAnalyzed(QueryExecution.scala:520)
	at org.apache.spark.sql.classic.Dataset$.$anonfun$ofRows$13(Dataset.scala:256)
	at org.apache.spark.sql.SparkSession.withActive(SparkSession.scala:866)
	at org.apache.spark.sql.classic.Dataset$.ofRows(Dataset.scala:253)
	at org.apache.spark.sql.connect.execution.SparkConnectPlanExecution.$anonfun$handlePlan$11(SparkConnectPlanExecution.scala:149)
	at org.apache.spark.sql.connect.utils.TimingUtils$.withTiming(TimingUtils.scala:35)
	at org.apache.spark.sql.connect.execution.SparkConnectPlanExecution.handlePlan(SparkConnectPlanExecution.scala:144)
	at org.apache.spark.sql.connect.execution.ExecuteThreadRunner.handlePlan(ExecuteThreadRunner.scala:522)
	at org.apache.spark.sql.connect.execution.ExecuteThreadRunner.$anonfun$executeInternal$1(ExecuteThreadRunner.scala:421)
	at org.apache.spark.sql.connect.execution.ExecuteThreadRunner.$anonfun$executeInternal$1$adapted(ExecuteThreadRunner.scala:340)
	at org.apache.spark.sql.connect.service.SessionHolder.$anonfun$withSession$2(SessionHolder.scala:844)
	at org.apache.spark.sql.SparkSession.withActive(SparkSession.scala:866)
	at org.apache.spark.sql.connect.service.SessionHolder.$anonfun$withSession$1(SessionHolder.scala:844)
	at org.apache.spark.JobArtifactSet$.withActiveJobArtifactState(JobArtifactSet.scala:97)
	at org.apache.spark.sql.artifact.ArtifactManager.$anonfun$withResources$1(ArtifactManager.scala:124)
	at org.apache.spark.sql.artifact.ArtifactManager.withClassLoaderIfNeeded(ArtifactManager.scala:118)
	at org.apache.spark.sql.artifact.ArtifactManager.withResources(ArtifactManager.scala:123)
	at org.apache.spark.sql.connect.service.SessionHolder.withSession(SessionHolder.scala:843)
	at org.apache.spark.sql.connect.execution.ExecuteThreadRunner.executeInternal(ExecuteThreadRunner.scala:340)
	at org.apache.spark.sql.connect.execution.ExecuteThreadRunner.$anonfun$execute$1(ExecuteThreadRunner.scala:200)
	at scala.runtime.java8.JFunction0$mcV$sp.apply(JFunction0$mcV$sp.scala:18)
	at com.databricks.spark.connect.service.UtilizationMetrics.recordActiveQueries(UtilizationMetrics.scala:92)
	at com.databricks.spark.connect.service.UtilizationMetrics.recordActiveQueries$(UtilizationMetrics.scala:89)
	at org.apache.spark.sql.connect.execution.ExecuteThreadRunner.recordActiveQueries(ExecuteThreadRunner.scala:61)
	at org.apache.spark.sql.connect.execution.ExecuteThreadRunner.org$apache$spark$sql$connect$execution$ExecuteThreadRunner$$execute(ExecuteThreadRunner.scala:192)
	at org.apache.spark.sql.connect.execution.ExecuteThreadRunner$ExecutionThread.$anonfun$run$3(ExecuteThreadRunner.scala:601)
	at scala.runtime.java8.JFunction0$mcV$sp.apply(JFunction0$mcV$sp.scala:18)
	at com.databricks.spark.util.DBRTracing$.withSpanFromParent(DBRTracing.scala:70)
	at org.apache.spark.sql.connect.execution.ExecuteThreadRunner$ExecutionThread.$anonfun$run$2(ExecuteThreadRunner.scala:601)
	at scala.runtime.java8.JFunction0$mcV$sp.apply(JFunction0$mcV$sp.scala:18)
	at com.databricks.unity.UCSEphemeralState$Handle.runWith(UCSEphemeralState.scala:51)
	at com.databricks.unity.HandleImpl.runWith(UCSHandle.scala:128)
	at com.databricks.unity.HandleImpl.$anonfun$runWithAndClose$1(UCSHandle.scala:133)
	at scala.util.Using$.resource(Using.scala:296)
	at com.databricks.unity.HandleImpl.runWithAndClose(UCSHandle.scala:132)
	at org.apache.spark.sql.connect.execution.ExecuteThreadRunner$ExecutionThread.run(ExecuteThreadRunner.scala:600)
Traceback (most recent call last):
  File "/Workspace/Users/krishnasumanbhaipatel@gmail.com/Practice Folder/lakehouse-practice-project/src/transformations/silver.py", line 147, in transform_table
    duplicates = get_duplicate_records(table_clean, primary_key)
                ^^^^^^^^^^^^^^^^^^^^^^^^^^^^^^^^^^^^^^^^^^^^^^^^^
  File "/Workspace/Users/krishnasumanbhaipatel@gmail.com/Practice Folder/lakehouse-practice-project/src/validation/quality_checks.py", line 13, in get_duplicate_records
    duplicate_count = table.groupBy(*columns).count().filter(F.col("count") > 1).count()
                      ^^^^^^^^^^^^^^^^^^^^^^^^^^^^^^^^^^^^^^^^^^^^^^^^^^^^^^^^^^^^^^^^^^
  File "/databricks/python/lib/python3.12/site-packages/pyspark/sql/connect/dataframe.py", line 318, in count
    )._to_table()  # type: ignore[operator]
      ^^^^^^^^^^^
  File "/databricks/python/lib/python3.12/site-packages/pyspark/sql/connect/dataframe.py", line 1930, in _to_table
    table, schema, self._execution_info = self._session.client.to_table(
                                          ^^^^^^^^^^^^^^^^^^^^^^^^^^^^^^
  File "/databricks/python/lib/python3.12/site-packages/pyspark/sql/connect/client/core.py", line 1273, in to_table
    table, schema, metrics, observed_metrics, _ = self._execute_and_fetch(req, observations)
                                                  ^^^^^^^^^^^^^^^^^^^^^^^^^^^^^^^^^^^^^^^^^^
  File "/databricks/python/lib/python3.12/site-packages/pyspark/sql/connect/client/core.py", line 2086, in _execute_and_fetch
    for response in self._execute_and_fetch_as_iterator(
  File "/databricks/python/lib/python3.12/site-packages/pyspark/sql/connect/client/core.py", line 2062, in _execute_and_fetch_as_iterator
    self._handle_error(error)
  File "/databricks/python/lib/python3.12/site-packages/pyspark/sql/connect/client/core.py", line 2380, in _handle_error
    self._handle_rpc_error(error)
  File "/databricks/python/lib/python3.12/site-packages/pyspark/sql/connect/client/core.py", line 2458, in _handle_rpc_error
    raise convert_exception(
pyspark.errors.exceptions.connect.AnalysisException: [UNRESOLVED_COLUMN.WITH_SUGGESTION] A column, variable, or function parameter with name `customer_id` cannot be resolved. Did you mean one of the following? [`category`, `product_id`, `brand`, `price`, `created_date`]. SQLSTATE: 42703;
'Aggregate [unresolvedalias(count(1))]
+- 'Filter '`>`('count, 1)
   +- 'Aggregate ['customer_id], ['customer_id, count(1) AS count#13130L]
      +- Project [cast(product_id#13143 as int) AS product_id#13159, cast(product_name#12956 as string) AS product_name#13160, cast(category#12957 as string) AS category#13161, cast(brand#12958 as string) AS brand#13162, cast(price#13147 as double) AS price#13163, cast(created_date#13148 as timestamp) AS created_date#13164, cast(modified_date#13149 as timestamp) AS modified_date#13165, cast(_ingestion_job_id#13153 as string) AS _ingestion_job_id#13166]
         +- Project [product_id#13143, product_name#12956, category#12957, brand#12958, price#13147, created_date#13148, modified_date#13149, _ingestion_job_id#13153]
            +- Project [product_id#13143, initcap(product_name#12926) AS product_name#12956, initcap(category#12927) AS category#12957, initcap(brand#12928) AS brand#12958, price#13147, created_date#13148, modified_date#13149, _ingestion_job_id#13153]
               +- Project [product_id#13143, trim(product_name#13144, None) AS product_name#12926, trim(category#13145, None) AS category#12927, trim(brand#13146, None) AS brand#12928, price#13147, created_date#13148, modified_date#13149, _ingestion_job_id#13153]
                  +- Project [product_id#13143, product_name#13144, category#13145, brand#13146, price#13147, created_date#13148, modified_date#13149, _ingestion_job_id#13153]
                     +- SubqueryAlias catalog_project1.bronze.products
                        +- Relation catalog_project1.bronze.products[product_id#13143,product_name#13144,category#13145,brand#13146,price#13147,created_date#13148,modified_date#13149,_ingestion_timestamp#13150,_source_file#13151,_source_table#13152,_ingestion_job_id#13153,_ingestion_pipeline_id#13154] parquet


JVM stacktrace:
org.apache.spark.sql.catalyst.ExtendedAnalysisException
	at org.apache.spark.sql.errors.QueryCompilationErrors$.unresolvedAttributeError(QueryCompilationErrors.scala:727)
	at org.apache.spark.sql.catalyst.analysis.CheckAnalysis.org$apache$spark$sql$catalyst$analysis$CheckAnalysis$$failUnresolvedAttribute(CheckAnalysis.scala:274)
	at org.apache.spark.sql.catalyst.analysis.CheckAnalysis.$anonfun$checkAnalysis0$18(CheckAnalysis.scala:664)
	at org.apache.spark.sql.catalyst.analysis.CheckAnalysis.$anonfun$checkAnalysis0$18$adapted(CheckAnalysis.scala:649)
	at org.apache.spark.sql.catalyst.analysis.CheckAnalysis.traverse$1(CheckAnalysis.scala:1378)
	at org.apache.spark.sql.catalyst.analysis.CheckAnalysis.foreachUpSkippingSecureView(CheckAnalysis.scala:1380)
	at org.apache.spark.sql.catalyst.analysis.CheckAnalysis.$anonfun$checkAnalysis0$17(CheckAnalysis.scala:649)
	at org.apache.spark.sql.catalyst.analysis.CheckAnalysis.$anonfun$checkAnalysis0$17$adapted(CheckAnalysis.scala:649)
	at scala.collection.immutable.List.foreach(List.scala:334)
	at org.apache.spark.sql.catalyst.analysis.CheckAnalysis.$anonfun$checkAnalysis0$2(CheckAnalysis.scala:649)
	at org.apache.spark.sql.catalyst.analysis.CheckAnalysis.$anonfun$checkAnalysis0$2$adapted(CheckAnalysis.scala:410)
	at org.apache.spark.sql.catalyst.trees.TreeNode.foreachUp(TreeNode.scala:392)
	at org.apache.spark.sql.catalyst.trees.TreeNode.$anonfun$foreachUp$1(TreeNode.scala:391)
	at org.apache.spark.sql.catalyst.trees.TreeNode.$anonfun$foreachUp$1$adapted(TreeNode.scala:391)
	at scala.collection.immutable.Vector.foreach(Vector.scala:2125)
	at org.apache.spark.sql.catalyst.trees.TreeNode.foreachUp(TreeNode.scala:391)
	at org.apache.spark.sql.catalyst.trees.TreeNode.$anonfun$foreachUp$1(TreeNode.scala:391)
	at org.apache.spark.sql.catalyst.trees.TreeNode.$anonfun$foreachUp$1$adapted(TreeNode.scala:391)
	at scala.collection.immutable.Vector.foreach(Vector.scala:2125)
	at org.apache.spark.sql.catalyst.trees.TreeNode.foreachUp(TreeNode.scala:391)
	at org.apache.spark.sql.catalyst.analysis.CheckAnalysis.checkAnalysis0(CheckAnalysis.scala:410)
	at org.apache.spark.sql.catalyst.analysis.CheckAnalysis.checkAnalysis0$(CheckAnalysis.scala:377)
	at org.apache.spark.sql.catalyst.analysis.Analyzer.checkAnalysis0(Analyzer.scala:610)
	at org.apache.spark.sql.catalyst.analysis.CheckAnalysis.$anonfun$checkAnalysis$1(CheckAnalysis.scala:362)
	at scala.runtime.java8.JFunction0$mcV$sp.apply(JFunction0$mcV$sp.scala:18)
	at com.databricks.spark.util.FrameProfiler$.$anonfun$record$1(FrameProfiler.scala:114)
	at com.databricks.spark.util.FrameProfilerExporter$.maybeExportFrameProfiler(FrameProfilerExporter.scala:201)
	at com.databricks.spark.util.FrameProfiler$.record(FrameProfiler.scala:105)
	at org.apache.spark.sql.catalyst.analysis.CheckAnalysis.checkAnalysis(CheckAnalysis.scala:349)
	at org.apache.spark.sql.catalyst.analysis.CheckAnalysis.checkAnalysis$(CheckAnalysis.scala:345)
	at org.apache.spark.sql.catalyst.analysis.Analyzer.checkAnalysis(Analyzer.scala:610)
	at org.apache.spark.sql.catalyst.analysis.resolver.HybridAnalyzer.$anonfun$resolveInFixedPoint$1(HybridAnalyzer.scala:417)
	at scala.runtime.java8.JFunction0$mcV$sp.apply(JFunction0$mcV$sp.scala:18)
	at org.apache.spark.sql.catalyst.QueryPlanningTracker$.withTracker(QueryPlanningTracker.scala:275)
	at org.apache.spark.sql.catalyst.analysis.resolver.HybridAnalyzer.resolveInFixedPoint(HybridAnalyzer.scala:417)
	at org.apache.spark.sql.catalyst.analysis.resolver.HybridAnalyzer.$anonfun$apply$1(HybridAnalyzer.scala:98)
	at org.apache.spark.sql.catalyst.analysis.resolver.HybridAnalyzer.withTrackedAnalyzerBridgeState(HybridAnalyzer.scala:135)
	at org.apache.spark.sql.catalyst.analysis.resolver.HybridAnalyzer.apply(HybridAnalyzer.scala:91)
	at org.apache.spark.sql.catalyst.analysis.Analyzer.$anonfun$executeAndCheck$2(Analyzer.scala:677)
	at org.apache.spark.sql.catalyst.plans.logical.AnalysisHelper$.markInAnalyzer(AnalysisHelper.scala:425)
	at org.apache.spark.sql.catalyst.analysis.Analyzer.$anonfun$executeAndCheck$1(Analyzer.scala:677)
	at com.databricks.sql.unity.SAMSnapshotHelper$.visitPlansDuringAnalysis(SAMSnapshotHelper.scala:43)
	at org.apache.spark.sql.catalyst.analysis.Analyzer.executeAndCheck(Analyzer.scala:666)
	at org.apache.spark.sql.execution.QueryExecution.$anonfun$lazyAnalyzed$3(QueryExecution.scala:607)
	at com.databricks.spark.util.FrameProfiler$.$anonfun$record$1(FrameProfiler.scala:114)
	at com.databricks.spark.util.FrameProfilerExporter$.maybeExportFrameProfiler(FrameProfilerExporter.scala:201)
	at com.databricks.spark.util.FrameProfiler$.record(FrameProfiler.scala:105)
	at org.apache.spark.sql.catalyst.QueryPlanningTracker.measurePhase(QueryPlanningTracker.scala:1021)
	at org.apache.spark.sql.execution.QueryExecution.$anonfun$executePhase$8(QueryExecution.scala:1073)
	at org.apache.spark.sql.execution.SQLExecution$.$anonfun$withExecutionPhase$1(SQLExecution.scala:335)
	at com.databricks.util.TracingSpanUtils$.withTracing(TracingSpanUtils.scala:251)
	at com.databricks.spark.util.DatabricksTracingHelper.withSpan(DatabricksSparkTracingHelper.scala:154)
	at com.databricks.spark.util.DBRTracing$.withSpan(DBRTracing.scala:87)
	at org.apache.spark.sql.execution.SQLExecution$.withExecutionPhase(SQLExecution.scala:316)
	at org.apache.spark.sql.execution.QueryExecution.$anonfun$executePhase$7(QueryExecution.scala:1073)
	at org.apache.spark.sql.execution.QueryExecution$.withInternalError(QueryExecution.scala:1822)
	at org.apache.spark.sql.execution.QueryExecution.$anonfun$executePhase$5(QueryExecution.scala:1066)
	at com.databricks.util.LexicalThreadLocal$Handle.runWith(LexicalThreadLocal.scala:63)
	at org.apache.spark.sql.execution.QueryExecution.$anonfun$executePhase$4(QueryExecution.scala:1063)
	at com.databricks.util.LexicalThreadLocal$Handle.runWith(LexicalThreadLocal.scala:63)
	at org.apache.spark.sql.execution.QueryExecution.$anonfun$executePhase$3(QueryExecution.scala:1063)
	at com.databricks.util.LexicalThreadLocal$Handle.runWith(LexicalThreadLocal.scala:63)
	at org.apache.spark.sql.execution.QueryExecution.$anonfun$executePhase$2(QueryExecution.scala:1062)
	at com.databricks.util.LexicalThreadLocal$Handle.runWith(LexicalThreadLocal.scala:63)
	at org.apache.spark.sql.execution.QueryExecution.localBlock$1(QueryExecution.scala:1043)
	at org.apache.spark.sql.execution.QueryExecution.$anonfun$withQueryExecutionId$4(QueryExecution.scala:1053)
	at com.databricks.unity.UCSManager$.withTemporaryScope(UCSManager.scala:168)
	at org.apache.spark.sql.execution.QueryExecution.$anonfun$withQueryExecutionId$3(QueryExecution.scala:1052)
	at org.apache.spark.sql.execution.QueryExecution$.$anonfun$runWithWrappers$2(QueryExecution.scala:2075)
	at org.apache.spark.sql.execution.QueryExecution$.org$apache$spark$sql$execution$QueryExecution$$runWithWrappers(QueryExecution.scala:2074)
	at org.apache.spark.sql.execution.QueryExecution.withQueryExecutionId(QueryExecution.scala:1053)
	at org.apache.spark.sql.execution.QueryExecution.$anonfun$executePhase$1(QueryExecution.scala:1061)
	at org.apache.spark.sql.SparkSession.withActive(SparkSession.scala:866)
	at org.apache.spark.sql.execution.QueryExecution.executePhase(QueryExecution.scala:1060)
	at org.apache.spark.sql.execution.QueryExecution.$anonfun$lazyAnalyzed$2(QueryExecution.scala:598)
	at com.databricks.sql.util.MemoryTrackerHelper.withMemoryTracking(MemoryTrackerHelper.scala:111)
	at org.apache.spark.sql.execution.QueryExecution.$anonfun$lazyAnalyzed$1(QueryExecution.scala:597)
	at scala.util.Try$.apply(Try.scala:217)
	at org.apache.spark.util.Utils$.doTryWithCallerStacktrace(Utils.scala:1796)
	at org.apache.spark.util.Utils$.getTryWithCallerStacktrace(Utils.scala:1846)
	at org.apache.spark.util.LazyTry.get(LazyTry.scala:78)
	at org.apache.spark.sql.execution.QueryExecution.analyzed(QueryExecution.scala:661)
	at org.apache.spark.sql.execution.QueryExecution.assertAnalyzed(QueryExecution.scala:520)
	at org.apache.spark.sql.classic.Dataset$.$anonfun$ofRows$13(Dataset.scala:256)
	at org.apache.spark.sql.SparkSession.withActive(SparkSession.scala:866)
	at org.apache.spark.sql.classic.Dataset$.ofRows(Dataset.scala:253)
	at org.apache.spark.sql.connect.execution.SparkConnectPlanExecution.$anonfun$handlePlan$11(SparkConnectPlanExecution.scala:149)
	at org.apache.spark.sql.connect.utils.TimingUtils$.withTiming(TimingUtils.scala:35)
	at org.apache.spark.sql.connect.execution.SparkConnectPlanExecution.handlePlan(SparkConnectPlanExecution.scala:144)
	at org.apache.spark.sql.connect.execution.ExecuteThreadRunner.handlePlan(ExecuteThreadRunner.scala:522)
	at org.apache.spark.sql.connect.execution.ExecuteThreadRunner.$anonfun$executeInternal$1(ExecuteThreadRunner.scala:421)
	at org.apache.spark.sql.connect.execution.ExecuteThreadRunner.$anonfun$executeInternal$1$adapted(ExecuteThreadRunner.scala:340)
	at org.apache.spark.sql.connect.service.SessionHolder.$anonfun$withSession$2(SessionHolder.scala:844)
	at org.apache.spark.sql.SparkSession.withActive(SparkSession.scala:866)
	at org.apache.spark.sql.connect.service.SessionHolder.$anonfun$withSession$1(SessionHolder.scala:844)
	at org.apache.spark.JobArtifactSet$.withActiveJobArtifactState(JobArtifactSet.scala:97)
	at org.apache.spark.sql.artifact.ArtifactManager.$anonfun$withResources$1(ArtifactManager.scala:124)
	at org.apache.spark.sql.artifact.ArtifactManager.withClassLoaderIfNeeded(ArtifactManager.scala:118)
	at org.apache.spark.sql.artifact.ArtifactManager.withResources(ArtifactManager.scala:123)
	at org.apache.spark.sql.connect.service.SessionHolder.withSession(SessionHolder.scala:843)
	at org.apache.spark.sql.connect.execution.ExecuteThreadRunner.executeInternal(ExecuteThreadRunner.scala:340)
	at org.apache.spark.sql.connect.execution.ExecuteThreadRunner.$anonfun$execute$1(ExecuteThreadRunner.scala:200)
	at scala.runtime.java8.JFunction0$mcV$sp.apply(JFunction0$mcV$sp.scala:18)
	at com.databricks.spark.connect.service.UtilizationMetrics.recordActiveQueries(UtilizationMetrics.scala:92)
	at com.databricks.spark.connect.service.UtilizationMetrics.recordActiveQueries$(UtilizationMetrics.scala:89)
	at org.apache.spark.sql.connect.execution.ExecuteThreadRunner.recordActiveQueries(ExecuteThreadRunner.scala:61)
	at org.apache.spark.sql.connect.execution.ExecuteThreadRunner.org$apache$spark$sql$connect$execution$ExecuteThreadRunner$$execute(ExecuteThreadRunner.scala:192)
	at org.apache.spark.sql.connect.execution.ExecuteThreadRunner$ExecutionThread.$anonfun$run$3(ExecuteThreadRunner.scala:601)
	at scala.runtime.java8.JFunction0$mcV$sp.apply(JFunction0$mcV$sp.scala:18)
	at com.databricks.spark.util.DBRTracing$.withSpanFromParent(DBRTracing.scala:70)
	at org.apache.spark.sql.connect.execution.ExecuteThreadRunner$ExecutionThread.$anonfun$run$2(ExecuteThreadRunner.scala:601)
	at scala.runtime.java8.JFunction0$mcV$sp.apply(JFunction0$mcV$sp.scala:18)
	at com.databricks.unity.UCSEphemeralState$Handle.runWith(UCSEphemeralState.scala:51)
	at com.databricks.unity.HandleImpl.runWith(UCSHandle.scala:128)
	at com.databricks.unity.HandleImpl.$anonfun$runWithAndClose$1(UCSHandle.scala:133)
	at scala.util.Using$.resource(Using.scala:296)
	at com.databricks.unity.HandleImpl.runWithAndClose(UCSHandle.scala:132)
	at org.apache.spark.sql.connect.execution.ExecuteThreadRunner$ExecutionThread.run(ExecuteThreadRunner.scala:600)
2026-07-28 11:37:40,862 | INFO     | silver.clean_customers | Audit for catalog_project1.silver.clean_products written successfully
2026-07-28 11:38:34,538 | INFO     | silver.clean_customers | Logging to file: /Workspace/Users/krishnasumanbhaipatel@gmail.com/Practice Folder/lakehouse-practice-project/logs/silver_clean_customers_20260728.log
2026-07-28 11:38:34,541 | INFO     | silver.clean_customers | Starting Silver pipeline at 2026-07-28 11:38:34.491862
2026-07-28 11:38:34,843 | INFO     | silver.clean_customers | Reading catalog_project1.bronze.products table
2026-07-28 11:38:36,427 | INFO     | silver.clean_customers | Read 10 records from catalog_project1.bronze.products
2026-07-28 11:38:36,428 | INFO     | silver.clean_customers | All required columns exists in the catalog_project1.bronze.products
2026-07-28 11:38:37,178 | INFO     | silver.clean_customers | Data standardization completed for the catalog_project1.bronze.products
2026-07-28 11:38:37,594 | INFO     | silver.clean_customers | Data type casting completed for the catalog_project1.bronze.products
2026-07-28 11:38:38,606 | INFO     | silver.clean_customers | Data validation completed for the catalog_project1.bronze.products
2026-07-28 11:38:38,899 | ERROR    | silver.clean_customers | Silver catalog_project1.silver.clean_products pipeline failed: [UNRESOLVED_COLUMN.WITH_SUGGESTION] A column, variable, or function parameter with name `customer_id` cannot be resolved. Did you mean one of the following? [`category`, `product_id`, `brand`, `price`, `created_date`]. SQLSTATE: 42703;
'Aggregate [unresolvedalias(count(1))]
+- 'Filter '`>`('count, 1)
   +- 'Aggregate ['customer_id], ['customer_id, count(1) AS count#13899L]
      +- Project [cast(product_id#13912 as int) AS product_id#13928, cast(product_name#13725 as string) AS product_name#13929, cast(category#13726 as string) AS category#13930, cast(brand#13727 as string) AS brand#13931, cast(price#13916 as double) AS price#13932, cast(created_date#13917 as timestamp) AS created_date#13933, cast(modified_date#13918 as timestamp) AS modified_date#13934, cast(_ingestion_job_id#13922 as string) AS _ingestion_job_id#13935]
         +- Project [product_id#13912, product_name#13725, category#13726, brand#13727, price#13916, created_date#13917, modified_date#13918, _ingestion_job_id#13922]
            +- Project [product_id#13912, initcap(product_name#13695) AS product_name#13725, initcap(category#13696) AS category#13726, initcap(brand#13697) AS brand#13727, price#13916, created_date#13917, modified_date#13918, _ingestion_job_id#13922]
               +- Project [product_id#13912, trim(product_name#13913, None) AS product_name#13695, trim(category#13914, None) AS category#13696, trim(brand#13915, None) AS brand#13697, price#13916, created_date#13917, modified_date#13918, _ingestion_job_id#13922]
                  +- Project [product_id#13912, product_name#13913, category#13914, brand#13915, price#13916, created_date#13917, modified_date#13918, _ingestion_job_id#13922]
                     +- SubqueryAlias catalog_project1.bronze.products
                        +- Relation catalog_project1.bronze.products[product_id#13912,product_name#13913,category#13914,brand#13915,price#13916,created_date#13917,modified_date#13918,_ingestion_timestamp#13919,_source_file#13920,_source_table#13921,_ingestion_job_id#13922,_ingestion_pipeline_id#13923] parquet


JVM stacktrace:
org.apache.spark.sql.catalyst.ExtendedAnalysisException
	at org.apache.spark.sql.errors.QueryCompilationErrors$.unresolvedAttributeError(QueryCompilationErrors.scala:727)
	at org.apache.spark.sql.catalyst.analysis.CheckAnalysis.org$apache$spark$sql$catalyst$analysis$CheckAnalysis$$failUnresolvedAttribute(CheckAnalysis.scala:274)
	at org.apache.spark.sql.catalyst.analysis.CheckAnalysis.$anonfun$checkAnalysis0$18(CheckAnalysis.scala:664)
	at org.apache.spark.sql.catalyst.analysis.CheckAnalysis.$anonfun$checkAnalysis0$18$adapted(CheckAnalysis.scala:649)
	at org.apache.spark.sql.catalyst.analysis.CheckAnalysis.traverse$1(CheckAnalysis.scala:1378)
	at org.apache.spark.sql.catalyst.analysis.CheckAnalysis.foreachUpSkippingSecureView(CheckAnalysis.scala:1380)
	at org.apache.spark.sql.catalyst.analysis.CheckAnalysis.$anonfun$checkAnalysis0$17(CheckAnalysis.scala:649)
	at org.apache.spark.sql.catalyst.analysis.CheckAnalysis.$anonfun$checkAnalysis0$17$adapted(CheckAnalysis.scala:649)
	at scala.collection.immutable.List.foreach(List.scala:334)
	at org.apache.spark.sql.catalyst.analysis.CheckAnalysis.$anonfun$checkAnalysis0$2(CheckAnalysis.scala:649)
	at org.apache.spark.sql.catalyst.analysis.CheckAnalysis.$anonfun$checkAnalysis0$2$adapted(CheckAnalysis.scala:410)
	at org.apache.spark.sql.catalyst.trees.TreeNode.foreachUp(TreeNode.scala:392)
	at org.apache.spark.sql.catalyst.trees.TreeNode.$anonfun$foreachUp$1(TreeNode.scala:391)
	at org.apache.spark.sql.catalyst.trees.TreeNode.$anonfun$foreachUp$1$adapted(TreeNode.scala:391)
	at scala.collection.immutable.Vector.foreach(Vector.scala:2125)
	at org.apache.spark.sql.catalyst.trees.TreeNode.foreachUp(TreeNode.scala:391)
	at org.apache.spark.sql.catalyst.trees.TreeNode.$anonfun$foreachUp$1(TreeNode.scala:391)
	at org.apache.spark.sql.catalyst.trees.TreeNode.$anonfun$foreachUp$1$adapted(TreeNode.scala:391)
	at scala.collection.immutable.Vector.foreach(Vector.scala:2125)
	at org.apache.spark.sql.catalyst.trees.TreeNode.foreachUp(TreeNode.scala:391)
	at org.apache.spark.sql.catalyst.analysis.CheckAnalysis.checkAnalysis0(CheckAnalysis.scala:410)
	at org.apache.spark.sql.catalyst.analysis.CheckAnalysis.checkAnalysis0$(CheckAnalysis.scala:377)
	at org.apache.spark.sql.catalyst.analysis.Analyzer.checkAnalysis0(Analyzer.scala:610)
	at org.apache.spark.sql.catalyst.analysis.CheckAnalysis.$anonfun$checkAnalysis$1(CheckAnalysis.scala:362)
	at scala.runtime.java8.JFunction0$mcV$sp.apply(JFunction0$mcV$sp.scala:18)
	at com.databricks.spark.util.FrameProfiler$.$anonfun$record$1(FrameProfiler.scala:114)
	at com.databricks.spark.util.FrameProfilerExporter$.maybeExportFrameProfiler(FrameProfilerExporter.scala:201)
	at com.databricks.spark.util.FrameProfiler$.record(FrameProfiler.scala:105)
	at org.apache.spark.sql.catalyst.analysis.CheckAnalysis.checkAnalysis(CheckAnalysis.scala:349)
	at org.apache.spark.sql.catalyst.analysis.CheckAnalysis.checkAnalysis$(CheckAnalysis.scala:345)
	at org.apache.spark.sql.catalyst.analysis.Analyzer.checkAnalysis(Analyzer.scala:610)
	at org.apache.spark.sql.catalyst.analysis.resolver.HybridAnalyzer.$anonfun$resolveInFixedPoint$1(HybridAnalyzer.scala:417)
	at scala.runtime.java8.JFunction0$mcV$sp.apply(JFunction0$mcV$sp.scala:18)
	at org.apache.spark.sql.catalyst.QueryPlanningTracker$.withTracker(QueryPlanningTracker.scala:275)
	at org.apache.spark.sql.catalyst.analysis.resolver.HybridAnalyzer.resolveInFixedPoint(HybridAnalyzer.scala:417)
	at org.apache.spark.sql.catalyst.analysis.resolver.HybridAnalyzer.$anonfun$apply$1(HybridAnalyzer.scala:98)
	at org.apache.spark.sql.catalyst.analysis.resolver.HybridAnalyzer.withTrackedAnalyzerBridgeState(HybridAnalyzer.scala:135)
	at org.apache.spark.sql.catalyst.analysis.resolver.HybridAnalyzer.apply(HybridAnalyzer.scala:91)
	at org.apache.spark.sql.catalyst.analysis.Analyzer.$anonfun$executeAndCheck$2(Analyzer.scala:677)
	at org.apache.spark.sql.catalyst.plans.logical.AnalysisHelper$.markInAnalyzer(AnalysisHelper.scala:425)
	at org.apache.spark.sql.catalyst.analysis.Analyzer.$anonfun$executeAndCheck$1(Analyzer.scala:677)
	at com.databricks.sql.unity.SAMSnapshotHelper$.visitPlansDuringAnalysis(SAMSnapshotHelper.scala:43)
	at org.apache.spark.sql.catalyst.analysis.Analyzer.executeAndCheck(Analyzer.scala:666)
	at org.apache.spark.sql.execution.QueryExecution.$anonfun$lazyAnalyzed$3(QueryExecution.scala:607)
	at com.databricks.spark.util.FrameProfiler$.$anonfun$record$1(FrameProfiler.scala:114)
	at com.databricks.spark.util.FrameProfilerExporter$.maybeExportFrameProfiler(FrameProfilerExporter.scala:201)
	at com.databricks.spark.util.FrameProfiler$.record(FrameProfiler.scala:105)
	at org.apache.spark.sql.catalyst.QueryPlanningTracker.measurePhase(QueryPlanningTracker.scala:1021)
	at org.apache.spark.sql.execution.QueryExecution.$anonfun$executePhase$8(QueryExecution.scala:1073)
	at org.apache.spark.sql.execution.SQLExecution$.$anonfun$withExecutionPhase$1(SQLExecution.scala:335)
	at com.databricks.util.TracingSpanUtils$.withTracing(TracingSpanUtils.scala:251)
	at com.databricks.spark.util.DatabricksTracingHelper.withSpan(DatabricksSparkTracingHelper.scala:154)
	at com.databricks.spark.util.DBRTracing$.withSpan(DBRTracing.scala:87)
	at org.apache.spark.sql.execution.SQLExecution$.withExecutionPhase(SQLExecution.scala:316)
	at org.apache.spark.sql.execution.QueryExecution.$anonfun$executePhase$7(QueryExecution.scala:1073)
	at org.apache.spark.sql.execution.QueryExecution$.withInternalError(QueryExecution.scala:1822)
	at org.apache.spark.sql.execution.QueryExecution.$anonfun$executePhase$5(QueryExecution.scala:1066)
	at com.databricks.util.LexicalThreadLocal$Handle.runWith(LexicalThreadLocal.scala:63)
	at org.apache.spark.sql.execution.QueryExecution.$anonfun$executePhase$4(QueryExecution.scala:1063)
	at com.databricks.util.LexicalThreadLocal$Handle.runWith(LexicalThreadLocal.scala:63)
	at org.apache.spark.sql.execution.QueryExecution.$anonfun$executePhase$3(QueryExecution.scala:1063)
	at com.databricks.util.LexicalThreadLocal$Handle.runWith(LexicalThreadLocal.scala:63)
	at org.apache.spark.sql.execution.QueryExecution.$anonfun$executePhase$2(QueryExecution.scala:1062)
	at com.databricks.util.LexicalThreadLocal$Handle.runWith(LexicalThreadLocal.scala:63)
	at org.apache.spark.sql.execution.QueryExecution.localBlock$1(QueryExecution.scala:1043)
	at org.apache.spark.sql.execution.QueryExecution.$anonfun$withQueryExecutionId$4(QueryExecution.scala:1053)
	at com.databricks.unity.UCSManager$.withTemporaryScope(UCSManager.scala:168)
	at org.apache.spark.sql.execution.QueryExecution.$anonfun$withQueryExecutionId$3(QueryExecution.scala:1052)
	at org.apache.spark.sql.execution.QueryExecution$.$anonfun$runWithWrappers$2(QueryExecution.scala:2075)
	at org.apache.spark.sql.execution.QueryExecution$.org$apache$spark$sql$execution$QueryExecution$$runWithWrappers(QueryExecution.scala:2074)
	at org.apache.spark.sql.execution.QueryExecution.withQueryExecutionId(QueryExecution.scala:1053)
	at org.apache.spark.sql.execution.QueryExecution.$anonfun$executePhase$1(QueryExecution.scala:1061)
	at org.apache.spark.sql.SparkSession.withActive(SparkSession.scala:866)
	at org.apache.spark.sql.execution.QueryExecution.executePhase(QueryExecution.scala:1060)
	at org.apache.spark.sql.execution.QueryExecution.$anonfun$lazyAnalyzed$2(QueryExecution.scala:598)
	at com.databricks.sql.util.MemoryTrackerHelper.withMemoryTracking(MemoryTrackerHelper.scala:111)
	at org.apache.spark.sql.execution.QueryExecution.$anonfun$lazyAnalyzed$1(QueryExecution.scala:597)
	at scala.util.Try$.apply(Try.scala:217)
	at org.apache.spark.util.Utils$.doTryWithCallerStacktrace(Utils.scala:1796)
	at org.apache.spark.util.Utils$.getTryWithCallerStacktrace(Utils.scala:1846)
	at org.apache.spark.util.LazyTry.get(LazyTry.scala:78)
	at org.apache.spark.sql.execution.QueryExecution.analyzed(QueryExecution.scala:661)
	at org.apache.spark.sql.execution.QueryExecution.assertAnalyzed(QueryExecution.scala:520)
	at org.apache.spark.sql.classic.Dataset$.$anonfun$ofRows$13(Dataset.scala:256)
	at org.apache.spark.sql.SparkSession.withActive(SparkSession.scala:866)
	at org.apache.spark.sql.classic.Dataset$.ofRows(Dataset.scala:253)
	at org.apache.spark.sql.connect.execution.SparkConnectPlanExecution.$anonfun$handlePlan$11(SparkConnectPlanExecution.scala:149)
	at org.apache.spark.sql.connect.utils.TimingUtils$.withTiming(TimingUtils.scala:35)
	at org.apache.spark.sql.connect.execution.SparkConnectPlanExecution.handlePlan(SparkConnectPlanExecution.scala:144)
	at org.apache.spark.sql.connect.execution.ExecuteThreadRunner.handlePlan(ExecuteThreadRunner.scala:522)
	at org.apache.spark.sql.connect.execution.ExecuteThreadRunner.$anonfun$executeInternal$1(ExecuteThreadRunner.scala:421)
	at org.apache.spark.sql.connect.execution.ExecuteThreadRunner.$anonfun$executeInternal$1$adapted(ExecuteThreadRunner.scala:340)
	at org.apache.spark.sql.connect.service.SessionHolder.$anonfun$withSession$2(SessionHolder.scala:844)
	at org.apache.spark.sql.SparkSession.withActive(SparkSession.scala:866)
	at org.apache.spark.sql.connect.service.SessionHolder.$anonfun$withSession$1(SessionHolder.scala:844)
	at org.apache.spark.JobArtifactSet$.withActiveJobArtifactState(JobArtifactSet.scala:97)
	at org.apache.spark.sql.artifact.ArtifactManager.$anonfun$withResources$1(ArtifactManager.scala:124)
	at org.apache.spark.sql.artifact.ArtifactManager.withClassLoaderIfNeeded(ArtifactManager.scala:118)
	at org.apache.spark.sql.artifact.ArtifactManager.withResources(ArtifactManager.scala:123)
	at org.apache.spark.sql.connect.service.SessionHolder.withSession(SessionHolder.scala:843)
	at org.apache.spark.sql.connect.execution.ExecuteThreadRunner.executeInternal(ExecuteThreadRunner.scala:340)
	at org.apache.spark.sql.connect.execution.ExecuteThreadRunner.$anonfun$execute$1(ExecuteThreadRunner.scala:200)
	at scala.runtime.java8.JFunction0$mcV$sp.apply(JFunction0$mcV$sp.scala:18)
	at com.databricks.spark.connect.service.UtilizationMetrics.recordActiveQueries(UtilizationMetrics.scala:92)
	at com.databricks.spark.connect.service.UtilizationMetrics.recordActiveQueries$(UtilizationMetrics.scala:89)
	at org.apache.spark.sql.connect.execution.ExecuteThreadRunner.recordActiveQueries(ExecuteThreadRunner.scala:61)
	at org.apache.spark.sql.connect.execution.ExecuteThreadRunner.org$apache$spark$sql$connect$execution$ExecuteThreadRunner$$execute(ExecuteThreadRunner.scala:192)
	at org.apache.spark.sql.connect.execution.ExecuteThreadRunner$ExecutionThread.$anonfun$run$3(ExecuteThreadRunner.scala:601)
	at scala.runtime.java8.JFunction0$mcV$sp.apply(JFunction0$mcV$sp.scala:18)
	at com.databricks.spark.util.DBRTracing$.withSpanFromParent(DBRTracing.scala:70)
	at org.apache.spark.sql.connect.execution.ExecuteThreadRunner$ExecutionThread.$anonfun$run$2(ExecuteThreadRunner.scala:601)
	at scala.runtime.java8.JFunction0$mcV$sp.apply(JFunction0$mcV$sp.scala:18)
	at com.databricks.unity.UCSEphemeralState$Handle.runWith(UCSEphemeralState.scala:51)
	at com.databricks.unity.HandleImpl.runWith(UCSHandle.scala:128)
	at com.databricks.unity.HandleImpl.$anonfun$runWithAndClose$1(UCSHandle.scala:133)
	at scala.util.Using$.resource(Using.scala:296)
	at com.databricks.unity.HandleImpl.runWithAndClose(UCSHandle.scala:132)
	at org.apache.spark.sql.connect.execution.ExecuteThreadRunner$ExecutionThread.run(ExecuteThreadRunner.scala:600)
Traceback (most recent call last):
  File "/Workspace/Users/krishnasumanbhaipatel@gmail.com/Practice Folder/lakehouse-practice-project/src/transformations/silver.py", line 147, in transform_table
    duplicates = get_duplicate_records(table_clean, primary_key)
                ^^^^^^^^^^^^^^^^^^^^^^^^^^^^^^^^^^^^^^^^^^^^^^^^^
  File "/Workspace/Users/krishnasumanbhaipatel@gmail.com/Practice Folder/lakehouse-practice-project/src/validation/quality_checks.py", line 13, in get_duplicate_records
    duplicate_count = table.groupBy(*columns).count().filter(F.col("count") > 1).count()
                      ^^^^^^^^^^^^^^^^^^^^^^^^^^^^^^^^^^^^^^^^^^^^^^^^^^^^^^^^^^^^^^^^^^
  File "/databricks/python/lib/python3.12/site-packages/pyspark/sql/connect/dataframe.py", line 318, in count
    )._to_table()  # type: ignore[operator]
      ^^^^^^^^^^^
  File "/databricks/python/lib/python3.12/site-packages/pyspark/sql/connect/dataframe.py", line 1930, in _to_table
    table, schema, self._execution_info = self._session.client.to_table(
                                          ^^^^^^^^^^^^^^^^^^^^^^^^^^^^^^
  File "/databricks/python/lib/python3.12/site-packages/pyspark/sql/connect/client/core.py", line 1273, in to_table
    table, schema, metrics, observed_metrics, _ = self._execute_and_fetch(req, observations)
                                                  ^^^^^^^^^^^^^^^^^^^^^^^^^^^^^^^^^^^^^^^^^^
  File "/databricks/python/lib/python3.12/site-packages/pyspark/sql/connect/client/core.py", line 2086, in _execute_and_fetch
    for response in self._execute_and_fetch_as_iterator(
  File "/databricks/python/lib/python3.12/site-packages/pyspark/sql/connect/client/core.py", line 2062, in _execute_and_fetch_as_iterator
    self._handle_error(error)
  File "/databricks/python/lib/python3.12/site-packages/pyspark/sql/connect/client/core.py", line 2380, in _handle_error
    self._handle_rpc_error(error)
  File "/databricks/python/lib/python3.12/site-packages/pyspark/sql/connect/client/core.py", line 2458, in _handle_rpc_error
    raise convert_exception(
pyspark.errors.exceptions.connect.AnalysisException: [UNRESOLVED_COLUMN.WITH_SUGGESTION] A column, variable, or function parameter with name `customer_id` cannot be resolved. Did you mean one of the following? [`category`, `product_id`, `brand`, `price`, `created_date`]. SQLSTATE: 42703;
'Aggregate [unresolvedalias(count(1))]
+- 'Filter '`>`('count, 1)
   +- 'Aggregate ['customer_id], ['customer_id, count(1) AS count#13899L]
      +- Project [cast(product_id#13912 as int) AS product_id#13928, cast(product_name#13725 as string) AS product_name#13929, cast(category#13726 as string) AS category#13930, cast(brand#13727 as string) AS brand#13931, cast(price#13916 as double) AS price#13932, cast(created_date#13917 as timestamp) AS created_date#13933, cast(modified_date#13918 as timestamp) AS modified_date#13934, cast(_ingestion_job_id#13922 as string) AS _ingestion_job_id#13935]
         +- Project [product_id#13912, product_name#13725, category#13726, brand#13727, price#13916, created_date#13917, modified_date#13918, _ingestion_job_id#13922]
            +- Project [product_id#13912, initcap(product_name#13695) AS product_name#13725, initcap(category#13696) AS category#13726, initcap(brand#13697) AS brand#13727, price#13916, created_date#13917, modified_date#13918, _ingestion_job_id#13922]
               +- Project [product_id#13912, trim(product_name#13913, None) AS product_name#13695, trim(category#13914, None) AS category#13696, trim(brand#13915, None) AS brand#13697, price#13916, created_date#13917, modified_date#13918, _ingestion_job_id#13922]
                  +- Project [product_id#13912, product_name#13913, category#13914, brand#13915, price#13916, created_date#13917, modified_date#13918, _ingestion_job_id#13922]
                     +- SubqueryAlias catalog_project1.bronze.products
                        +- Relation catalog_project1.bronze.products[product_id#13912,product_name#13913,category#13914,brand#13915,price#13916,created_date#13917,modified_date#13918,_ingestion_timestamp#13919,_source_file#13920,_source_table#13921,_ingestion_job_id#13922,_ingestion_pipeline_id#13923] parquet


JVM stacktrace:
org.apache.spark.sql.catalyst.ExtendedAnalysisException
	at org.apache.spark.sql.errors.QueryCompilationErrors$.unresolvedAttributeError(QueryCompilationErrors.scala:727)
	at org.apache.spark.sql.catalyst.analysis.CheckAnalysis.org$apache$spark$sql$catalyst$analysis$CheckAnalysis$$failUnresolvedAttribute(CheckAnalysis.scala:274)
	at org.apache.spark.sql.catalyst.analysis.CheckAnalysis.$anonfun$checkAnalysis0$18(CheckAnalysis.scala:664)
	at org.apache.spark.sql.catalyst.analysis.CheckAnalysis.$anonfun$checkAnalysis0$18$adapted(CheckAnalysis.scala:649)
	at org.apache.spark.sql.catalyst.analysis.CheckAnalysis.traverse$1(CheckAnalysis.scala:1378)
	at org.apache.spark.sql.catalyst.analysis.CheckAnalysis.foreachUpSkippingSecureView(CheckAnalysis.scala:1380)
	at org.apache.spark.sql.catalyst.analysis.CheckAnalysis.$anonfun$checkAnalysis0$17(CheckAnalysis.scala:649)
	at org.apache.spark.sql.catalyst.analysis.CheckAnalysis.$anonfun$checkAnalysis0$17$adapted(CheckAnalysis.scala:649)
	at scala.collection.immutable.List.foreach(List.scala:334)
	at org.apache.spark.sql.catalyst.analysis.CheckAnalysis.$anonfun$checkAnalysis0$2(CheckAnalysis.scala:649)
	at org.apache.spark.sql.catalyst.analysis.CheckAnalysis.$anonfun$checkAnalysis0$2$adapted(CheckAnalysis.scala:410)
	at org.apache.spark.sql.catalyst.trees.TreeNode.foreachUp(TreeNode.scala:392)
	at org.apache.spark.sql.catalyst.trees.TreeNode.$anonfun$foreachUp$1(TreeNode.scala:391)
	at org.apache.spark.sql.catalyst.trees.TreeNode.$anonfun$foreachUp$1$adapted(TreeNode.scala:391)
	at scala.collection.immutable.Vector.foreach(Vector.scala:2125)
	at org.apache.spark.sql.catalyst.trees.TreeNode.foreachUp(TreeNode.scala:391)
	at org.apache.spark.sql.catalyst.trees.TreeNode.$anonfun$foreachUp$1(TreeNode.scala:391)
	at org.apache.spark.sql.catalyst.trees.TreeNode.$anonfun$foreachUp$1$adapted(TreeNode.scala:391)
	at scala.collection.immutable.Vector.foreach(Vector.scala:2125)
	at org.apache.spark.sql.catalyst.trees.TreeNode.foreachUp(TreeNode.scala:391)
	at org.apache.spark.sql.catalyst.analysis.CheckAnalysis.checkAnalysis0(CheckAnalysis.scala:410)
	at org.apache.spark.sql.catalyst.analysis.CheckAnalysis.checkAnalysis0$(CheckAnalysis.scala:377)
	at org.apache.spark.sql.catalyst.analysis.Analyzer.checkAnalysis0(Analyzer.scala:610)
	at org.apache.spark.sql.catalyst.analysis.CheckAnalysis.$anonfun$checkAnalysis$1(CheckAnalysis.scala:362)
	at scala.runtime.java8.JFunction0$mcV$sp.apply(JFunction0$mcV$sp.scala:18)
	at com.databricks.spark.util.FrameProfiler$.$anonfun$record$1(FrameProfiler.scala:114)
	at com.databricks.spark.util.FrameProfilerExporter$.maybeExportFrameProfiler(FrameProfilerExporter.scala:201)
	at com.databricks.spark.util.FrameProfiler$.record(FrameProfiler.scala:105)
	at org.apache.spark.sql.catalyst.analysis.CheckAnalysis.checkAnalysis(CheckAnalysis.scala:349)
	at org.apache.spark.sql.catalyst.analysis.CheckAnalysis.checkAnalysis$(CheckAnalysis.scala:345)
	at org.apache.spark.sql.catalyst.analysis.Analyzer.checkAnalysis(Analyzer.scala:610)
	at org.apache.spark.sql.catalyst.analysis.resolver.HybridAnalyzer.$anonfun$resolveInFixedPoint$1(HybridAnalyzer.scala:417)
	at scala.runtime.java8.JFunction0$mcV$sp.apply(JFunction0$mcV$sp.scala:18)
	at org.apache.spark.sql.catalyst.QueryPlanningTracker$.withTracker(QueryPlanningTracker.scala:275)
	at org.apache.spark.sql.catalyst.analysis.resolver.HybridAnalyzer.resolveInFixedPoint(HybridAnalyzer.scala:417)
	at org.apache.spark.sql.catalyst.analysis.resolver.HybridAnalyzer.$anonfun$apply$1(HybridAnalyzer.scala:98)
	at org.apache.spark.sql.catalyst.analysis.resolver.HybridAnalyzer.withTrackedAnalyzerBridgeState(HybridAnalyzer.scala:135)
	at org.apache.spark.sql.catalyst.analysis.resolver.HybridAnalyzer.apply(HybridAnalyzer.scala:91)
	at org.apache.spark.sql.catalyst.analysis.Analyzer.$anonfun$executeAndCheck$2(Analyzer.scala:677)
	at org.apache.spark.sql.catalyst.plans.logical.AnalysisHelper$.markInAnalyzer(AnalysisHelper.scala:425)
	at org.apache.spark.sql.catalyst.analysis.Analyzer.$anonfun$executeAndCheck$1(Analyzer.scala:677)
	at com.databricks.sql.unity.SAMSnapshotHelper$.visitPlansDuringAnalysis(SAMSnapshotHelper.scala:43)
	at org.apache.spark.sql.catalyst.analysis.Analyzer.executeAndCheck(Analyzer.scala:666)
	at org.apache.spark.sql.execution.QueryExecution.$anonfun$lazyAnalyzed$3(QueryExecution.scala:607)
	at com.databricks.spark.util.FrameProfiler$.$anonfun$record$1(FrameProfiler.scala:114)
	at com.databricks.spark.util.FrameProfilerExporter$.maybeExportFrameProfiler(FrameProfilerExporter.scala:201)
	at com.databricks.spark.util.FrameProfiler$.record(FrameProfiler.scala:105)
	at org.apache.spark.sql.catalyst.QueryPlanningTracker.measurePhase(QueryPlanningTracker.scala:1021)
	at org.apache.spark.sql.execution.QueryExecution.$anonfun$executePhase$8(QueryExecution.scala:1073)
	at org.apache.spark.sql.execution.SQLExecution$.$anonfun$withExecutionPhase$1(SQLExecution.scala:335)
	at com.databricks.util.TracingSpanUtils$.withTracing(TracingSpanUtils.scala:251)
	at com.databricks.spark.util.DatabricksTracingHelper.withSpan(DatabricksSparkTracingHelper.scala:154)
	at com.databricks.spark.util.DBRTracing$.withSpan(DBRTracing.scala:87)
	at org.apache.spark.sql.execution.SQLExecution$.withExecutionPhase(SQLExecution.scala:316)
	at org.apache.spark.sql.execution.QueryExecution.$anonfun$executePhase$7(QueryExecution.scala:1073)
	at org.apache.spark.sql.execution.QueryExecution$.withInternalError(QueryExecution.scala:1822)
	at org.apache.spark.sql.execution.QueryExecution.$anonfun$executePhase$5(QueryExecution.scala:1066)
	at com.databricks.util.LexicalThreadLocal$Handle.runWith(LexicalThreadLocal.scala:63)
	at org.apache.spark.sql.execution.QueryExecution.$anonfun$executePhase$4(QueryExecution.scala:1063)
	at com.databricks.util.LexicalThreadLocal$Handle.runWith(LexicalThreadLocal.scala:63)
	at org.apache.spark.sql.execution.QueryExecution.$anonfun$executePhase$3(QueryExecution.scala:1063)
	at com.databricks.util.LexicalThreadLocal$Handle.runWith(LexicalThreadLocal.scala:63)
	at org.apache.spark.sql.execution.QueryExecution.$anonfun$executePhase$2(QueryExecution.scala:1062)
	at com.databricks.util.LexicalThreadLocal$Handle.runWith(LexicalThreadLocal.scala:63)
	at org.apache.spark.sql.execution.QueryExecution.localBlock$1(QueryExecution.scala:1043)
	at org.apache.spark.sql.execution.QueryExecution.$anonfun$withQueryExecutionId$4(QueryExecution.scala:1053)
	at com.databricks.unity.UCSManager$.withTemporaryScope(UCSManager.scala:168)
	at org.apache.spark.sql.execution.QueryExecution.$anonfun$withQueryExecutionId$3(QueryExecution.scala:1052)
	at org.apache.spark.sql.execution.QueryExecution$.$anonfun$runWithWrappers$2(QueryExecution.scala:2075)
	at org.apache.spark.sql.execution.QueryExecution$.org$apache$spark$sql$execution$QueryExecution$$runWithWrappers(QueryExecution.scala:2074)
	at org.apache.spark.sql.execution.QueryExecution.withQueryExecutionId(QueryExecution.scala:1053)
	at org.apache.spark.sql.execution.QueryExecution.$anonfun$executePhase$1(QueryExecution.scala:1061)
	at org.apache.spark.sql.SparkSession.withActive(SparkSession.scala:866)
	at org.apache.spark.sql.execution.QueryExecution.executePhase(QueryExecution.scala:1060)
	at org.apache.spark.sql.execution.QueryExecution.$anonfun$lazyAnalyzed$2(QueryExecution.scala:598)
	at com.databricks.sql.util.MemoryTrackerHelper.withMemoryTracking(MemoryTrackerHelper.scala:111)
	at org.apache.spark.sql.execution.QueryExecution.$anonfun$lazyAnalyzed$1(QueryExecution.scala:597)
	at scala.util.Try$.apply(Try.scala:217)
	at org.apache.spark.util.Utils$.doTryWithCallerStacktrace(Utils.scala:1796)
	at org.apache.spark.util.Utils$.getTryWithCallerStacktrace(Utils.scala:1846)
	at org.apache.spark.util.LazyTry.get(LazyTry.scala:78)
	at org.apache.spark.sql.execution.QueryExecution.analyzed(QueryExecution.scala:661)
	at org.apache.spark.sql.execution.QueryExecution.assertAnalyzed(QueryExecution.scala:520)
	at org.apache.spark.sql.classic.Dataset$.$anonfun$ofRows$13(Dataset.scala:256)
	at org.apache.spark.sql.SparkSession.withActive(SparkSession.scala:866)
	at org.apache.spark.sql.classic.Dataset$.ofRows(Dataset.scala:253)
	at org.apache.spark.sql.connect.execution.SparkConnectPlanExecution.$anonfun$handlePlan$11(SparkConnectPlanExecution.scala:149)
	at org.apache.spark.sql.connect.utils.TimingUtils$.withTiming(TimingUtils.scala:35)
	at org.apache.spark.sql.connect.execution.SparkConnectPlanExecution.handlePlan(SparkConnectPlanExecution.scala:144)
	at org.apache.spark.sql.connect.execution.ExecuteThreadRunner.handlePlan(ExecuteThreadRunner.scala:522)
	at org.apache.spark.sql.connect.execution.ExecuteThreadRunner.$anonfun$executeInternal$1(ExecuteThreadRunner.scala:421)
	at org.apache.spark.sql.connect.execution.ExecuteThreadRunner.$anonfun$executeInternal$1$adapted(ExecuteThreadRunner.scala:340)
	at org.apache.spark.sql.connect.service.SessionHolder.$anonfun$withSession$2(SessionHolder.scala:844)
	at org.apache.spark.sql.SparkSession.withActive(SparkSession.scala:866)
	at org.apache.spark.sql.connect.service.SessionHolder.$anonfun$withSession$1(SessionHolder.scala:844)
	at org.apache.spark.JobArtifactSet$.withActiveJobArtifactState(JobArtifactSet.scala:97)
	at org.apache.spark.sql.artifact.ArtifactManager.$anonfun$withResources$1(ArtifactManager.scala:124)
	at org.apache.spark.sql.artifact.ArtifactManager.withClassLoaderIfNeeded(ArtifactManager.scala:118)
	at org.apache.spark.sql.artifact.ArtifactManager.withResources(ArtifactManager.scala:123)
	at org.apache.spark.sql.connect.service.SessionHolder.withSession(SessionHolder.scala:843)
	at org.apache.spark.sql.connect.execution.ExecuteThreadRunner.executeInternal(ExecuteThreadRunner.scala:340)
	at org.apache.spark.sql.connect.execution.ExecuteThreadRunner.$anonfun$execute$1(ExecuteThreadRunner.scala:200)
	at scala.runtime.java8.JFunction0$mcV$sp.apply(JFunction0$mcV$sp.scala:18)
	at com.databricks.spark.connect.service.UtilizationMetrics.recordActiveQueries(UtilizationMetrics.scala:92)
	at com.databricks.spark.connect.service.UtilizationMetrics.recordActiveQueries$(UtilizationMetrics.scala:89)
	at org.apache.spark.sql.connect.execution.ExecuteThreadRunner.recordActiveQueries(ExecuteThreadRunner.scala:61)
	at org.apache.spark.sql.connect.execution.ExecuteThreadRunner.org$apache$spark$sql$connect$execution$ExecuteThreadRunner$$execute(ExecuteThreadRunner.scala:192)
	at org.apache.spark.sql.connect.execution.ExecuteThreadRunner$ExecutionThread.$anonfun$run$3(ExecuteThreadRunner.scala:601)
	at scala.runtime.java8.JFunction0$mcV$sp.apply(JFunction0$mcV$sp.scala:18)
	at com.databricks.spark.util.DBRTracing$.withSpanFromParent(DBRTracing.scala:70)
	at org.apache.spark.sql.connect.execution.ExecuteThreadRunner$ExecutionThread.$anonfun$run$2(ExecuteThreadRunner.scala:601)
	at scala.runtime.java8.JFunction0$mcV$sp.apply(JFunction0$mcV$sp.scala:18)
	at com.databricks.unity.UCSEphemeralState$Handle.runWith(UCSEphemeralState.scala:51)
	at com.databricks.unity.HandleImpl.runWith(UCSHandle.scala:128)
	at com.databricks.unity.HandleImpl.$anonfun$runWithAndClose$1(UCSHandle.scala:133)
	at scala.util.Using$.resource(Using.scala:296)
	at com.databricks.unity.HandleImpl.runWithAndClose(UCSHandle.scala:132)
	at org.apache.spark.sql.connect.execution.ExecuteThreadRunner$ExecutionThread.run(ExecuteThreadRunner.scala:600)
2026-07-28 11:38:41,095 | INFO     | silver.clean_customers | Audit for catalog_project1.silver.clean_products written successfully
2026-07-28 11:41:50,590 | INFO     | silver.clean_customers | Logging to file: /Workspace/Users/krishnasumanbhaipatel@gmail.com/Practice Folder/lakehouse-practice-project/logs/silver_clean_customers_20260728.log
2026-07-28 11:41:50,593 | INFO     | silver.clean_customers | Starting Silver pipeline at 2026-07-28 11:41:50.519225
2026-07-28 11:41:50,856 | INFO     | silver.clean_customers | Reading catalog_project1.bronze.products table
2026-07-28 11:41:52,130 | INFO     | silver.clean_customers | Read 10 records from catalog_project1.bronze.products
2026-07-28 11:41:52,131 | INFO     | silver.clean_customers | All required columns exists in the catalog_project1.bronze.products
2026-07-28 11:41:52,868 | INFO     | silver.clean_customers | Data standardization completed for the catalog_project1.bronze.products
2026-07-28 11:41:53,539 | INFO     | silver.clean_customers | Data type casting completed for the catalog_project1.bronze.products
2026-07-28 11:41:54,621 | INFO     | silver.clean_customers | Data validation completed for the catalog_project1.bronze.products
2026-07-28 11:41:54,941 | ERROR    | silver.clean_customers | Silver catalog_project1.silver.clean_products pipeline failed: [UNRESOLVED_COLUMN.WITH_SUGGESTION] A column, variable, or function parameter with name `customer_id` cannot be resolved. Did you mean one of the following? [`category`, `product_id`, `brand`, `price`, `created_date`]. SQLSTATE: 42703;
'Aggregate [unresolvedalias(count(1))]
+- 'Filter '`>`('count, 1)
   +- 'Aggregate ['customer_id], ['customer_id, count(1) AS count#14668L]
      +- Project [cast(product_id#14681 as int) AS product_id#14697, cast(product_name#14494 as string) AS product_name#14698, cast(category#14495 as string) AS category#14699, cast(brand#14496 as string) AS brand#14700, cast(price#14685 as double) AS price#14701, cast(created_date#14686 as timestamp) AS created_date#14702, cast(modified_date#14687 as timestamp) AS modified_date#14703, cast(_ingestion_job_id#14691 as string) AS _ingestion_job_id#14704]
         +- Project [product_id#14681, product_name#14494, category#14495, brand#14496, price#14685, created_date#14686, modified_date#14687, _ingestion_job_id#14691]
            +- Project [product_id#14681, initcap(product_name#14464) AS product_name#14494, initcap(category#14465) AS category#14495, initcap(brand#14466) AS brand#14496, price#14685, created_date#14686, modified_date#14687, _ingestion_job_id#14691]
               +- Project [product_id#14681, trim(product_name#14682, None) AS product_name#14464, trim(category#14683, None) AS category#14465, trim(brand#14684, None) AS brand#14466, price#14685, created_date#14686, modified_date#14687, _ingestion_job_id#14691]
                  +- Project [product_id#14681, product_name#14682, category#14683, brand#14684, price#14685, created_date#14686, modified_date#14687, _ingestion_job_id#14691]
                     +- SubqueryAlias catalog_project1.bronze.products
                        +- Relation catalog_project1.bronze.products[product_id#14681,product_name#14682,category#14683,brand#14684,price#14685,created_date#14686,modified_date#14687,_ingestion_timestamp#14688,_source_file#14689,_source_table#14690,_ingestion_job_id#14691,_ingestion_pipeline_id#14692] parquet


JVM stacktrace:
org.apache.spark.sql.catalyst.ExtendedAnalysisException
	at org.apache.spark.sql.errors.QueryCompilationErrors$.unresolvedAttributeError(QueryCompilationErrors.scala:727)
	at org.apache.spark.sql.catalyst.analysis.CheckAnalysis.org$apache$spark$sql$catalyst$analysis$CheckAnalysis$$failUnresolvedAttribute(CheckAnalysis.scala:274)
	at org.apache.spark.sql.catalyst.analysis.CheckAnalysis.$anonfun$checkAnalysis0$18(CheckAnalysis.scala:664)
	at org.apache.spark.sql.catalyst.analysis.CheckAnalysis.$anonfun$checkAnalysis0$18$adapted(CheckAnalysis.scala:649)
	at org.apache.spark.sql.catalyst.analysis.CheckAnalysis.traverse$1(CheckAnalysis.scala:1378)
	at org.apache.spark.sql.catalyst.analysis.CheckAnalysis.foreachUpSkippingSecureView(CheckAnalysis.scala:1380)
	at org.apache.spark.sql.catalyst.analysis.CheckAnalysis.$anonfun$checkAnalysis0$17(CheckAnalysis.scala:649)
	at org.apache.spark.sql.catalyst.analysis.CheckAnalysis.$anonfun$checkAnalysis0$17$adapted(CheckAnalysis.scala:649)
	at scala.collection.immutable.List.foreach(List.scala:334)
	at org.apache.spark.sql.catalyst.analysis.CheckAnalysis.$anonfun$checkAnalysis0$2(CheckAnalysis.scala:649)
	at org.apache.spark.sql.catalyst.analysis.CheckAnalysis.$anonfun$checkAnalysis0$2$adapted(CheckAnalysis.scala:410)
	at org.apache.spark.sql.catalyst.trees.TreeNode.foreachUp(TreeNode.scala:392)
	at org.apache.spark.sql.catalyst.trees.TreeNode.$anonfun$foreachUp$1(TreeNode.scala:391)
	at org.apache.spark.sql.catalyst.trees.TreeNode.$anonfun$foreachUp$1$adapted(TreeNode.scala:391)
	at scala.collection.immutable.Vector.foreach(Vector.scala:2125)
	at org.apache.spark.sql.catalyst.trees.TreeNode.foreachUp(TreeNode.scala:391)
	at org.apache.spark.sql.catalyst.trees.TreeNode.$anonfun$foreachUp$1(TreeNode.scala:391)
	at org.apache.spark.sql.catalyst.trees.TreeNode.$anonfun$foreachUp$1$adapted(TreeNode.scala:391)
	at scala.collection.immutable.Vector.foreach(Vector.scala:2125)
	at org.apache.spark.sql.catalyst.trees.TreeNode.foreachUp(TreeNode.scala:391)
	at org.apache.spark.sql.catalyst.analysis.CheckAnalysis.checkAnalysis0(CheckAnalysis.scala:410)
	at org.apache.spark.sql.catalyst.analysis.CheckAnalysis.checkAnalysis0$(CheckAnalysis.scala:377)
	at org.apache.spark.sql.catalyst.analysis.Analyzer.checkAnalysis0(Analyzer.scala:610)
	at org.apache.spark.sql.catalyst.analysis.CheckAnalysis.$anonfun$checkAnalysis$1(CheckAnalysis.scala:362)
	at scala.runtime.java8.JFunction0$mcV$sp.apply(JFunction0$mcV$sp.scala:18)
	at com.databricks.spark.util.FrameProfiler$.$anonfun$record$1(FrameProfiler.scala:114)
	at com.databricks.spark.util.FrameProfilerExporter$.maybeExportFrameProfiler(FrameProfilerExporter.scala:201)
	at com.databricks.spark.util.FrameProfiler$.record(FrameProfiler.scala:105)
	at org.apache.spark.sql.catalyst.analysis.CheckAnalysis.checkAnalysis(CheckAnalysis.scala:349)
	at org.apache.spark.sql.catalyst.analysis.CheckAnalysis.checkAnalysis$(CheckAnalysis.scala:345)
	at org.apache.spark.sql.catalyst.analysis.Analyzer.checkAnalysis(Analyzer.scala:610)
	at org.apache.spark.sql.catalyst.analysis.resolver.HybridAnalyzer.$anonfun$resolveInFixedPoint$1(HybridAnalyzer.scala:417)
	at scala.runtime.java8.JFunction0$mcV$sp.apply(JFunction0$mcV$sp.scala:18)
	at org.apache.spark.sql.catalyst.QueryPlanningTracker$.withTracker(QueryPlanningTracker.scala:275)
	at org.apache.spark.sql.catalyst.analysis.resolver.HybridAnalyzer.resolveInFixedPoint(HybridAnalyzer.scala:417)
	at org.apache.spark.sql.catalyst.analysis.resolver.HybridAnalyzer.$anonfun$apply$1(HybridAnalyzer.scala:98)
	at org.apache.spark.sql.catalyst.analysis.resolver.HybridAnalyzer.withTrackedAnalyzerBridgeState(HybridAnalyzer.scala:135)
	at org.apache.spark.sql.catalyst.analysis.resolver.HybridAnalyzer.apply(HybridAnalyzer.scala:91)
	at org.apache.spark.sql.catalyst.analysis.Analyzer.$anonfun$executeAndCheck$2(Analyzer.scala:677)
	at org.apache.spark.sql.catalyst.plans.logical.AnalysisHelper$.markInAnalyzer(AnalysisHelper.scala:425)
	at org.apache.spark.sql.catalyst.analysis.Analyzer.$anonfun$executeAndCheck$1(Analyzer.scala:677)
	at com.databricks.sql.unity.SAMSnapshotHelper$.visitPlansDuringAnalysis(SAMSnapshotHelper.scala:43)
	at org.apache.spark.sql.catalyst.analysis.Analyzer.executeAndCheck(Analyzer.scala:666)
	at org.apache.spark.sql.execution.QueryExecution.$anonfun$lazyAnalyzed$3(QueryExecution.scala:607)
	at com.databricks.spark.util.FrameProfiler$.$anonfun$record$1(FrameProfiler.scala:114)
	at com.databricks.spark.util.FrameProfilerExporter$.maybeExportFrameProfiler(FrameProfilerExporter.scala:201)
	at com.databricks.spark.util.FrameProfiler$.record(FrameProfiler.scala:105)
	at org.apache.spark.sql.catalyst.QueryPlanningTracker.measurePhase(QueryPlanningTracker.scala:1021)
	at org.apache.spark.sql.execution.QueryExecution.$anonfun$executePhase$8(QueryExecution.scala:1073)
	at org.apache.spark.sql.execution.SQLExecution$.$anonfun$withExecutionPhase$1(SQLExecution.scala:335)
	at com.databricks.util.TracingSpanUtils$.withTracing(TracingSpanUtils.scala:251)
	at com.databricks.spark.util.DatabricksTracingHelper.withSpan(DatabricksSparkTracingHelper.scala:154)
	at com.databricks.spark.util.DBRTracing$.withSpan(DBRTracing.scala:87)
	at org.apache.spark.sql.execution.SQLExecution$.withExecutionPhase(SQLExecution.scala:316)
	at org.apache.spark.sql.execution.QueryExecution.$anonfun$executePhase$7(QueryExecution.scala:1073)
	at org.apache.spark.sql.execution.QueryExecution$.withInternalError(QueryExecution.scala:1822)
	at org.apache.spark.sql.execution.QueryExecution.$anonfun$executePhase$5(QueryExecution.scala:1066)
	at com.databricks.util.LexicalThreadLocal$Handle.runWith(LexicalThreadLocal.scala:63)
	at org.apache.spark.sql.execution.QueryExecution.$anonfun$executePhase$4(QueryExecution.scala:1063)
	at com.databricks.util.LexicalThreadLocal$Handle.runWith(LexicalThreadLocal.scala:63)
	at org.apache.spark.sql.execution.QueryExecution.$anonfun$executePhase$3(QueryExecution.scala:1063)
	at com.databricks.util.LexicalThreadLocal$Handle.runWith(LexicalThreadLocal.scala:63)
	at org.apache.spark.sql.execution.QueryExecution.$anonfun$executePhase$2(QueryExecution.scala:1062)
	at com.databricks.util.LexicalThreadLocal$Handle.runWith(LexicalThreadLocal.scala:63)
	at org.apache.spark.sql.execution.QueryExecution.localBlock$1(QueryExecution.scala:1043)
	at org.apache.spark.sql.execution.QueryExecution.$anonfun$withQueryExecutionId$4(QueryExecution.scala:1053)
	at com.databricks.unity.UCSManager$.withTemporaryScope(UCSManager.scala:168)
	at org.apache.spark.sql.execution.QueryExecution.$anonfun$withQueryExecutionId$3(QueryExecution.scala:1052)
	at org.apache.spark.sql.execution.QueryExecution$.$anonfun$runWithWrappers$2(QueryExecution.scala:2075)
	at org.apache.spark.sql.execution.QueryExecution$.org$apache$spark$sql$execution$QueryExecution$$runWithWrappers(QueryExecution.scala:2074)
	at org.apache.spark.sql.execution.QueryExecution.withQueryExecutionId(QueryExecution.scala:1053)
	at org.apache.spark.sql.execution.QueryExecution.$anonfun$executePhase$1(QueryExecution.scala:1061)
	at org.apache.spark.sql.SparkSession.withActive(SparkSession.scala:866)
	at org.apache.spark.sql.execution.QueryExecution.executePhase(QueryExecution.scala:1060)
	at org.apache.spark.sql.execution.QueryExecution.$anonfun$lazyAnalyzed$2(QueryExecution.scala:598)
	at com.databricks.sql.util.MemoryTrackerHelper.withMemoryTracking(MemoryTrackerHelper.scala:111)
	at org.apache.spark.sql.execution.QueryExecution.$anonfun$lazyAnalyzed$1(QueryExecution.scala:597)
	at scala.util.Try$.apply(Try.scala:217)
	at org.apache.spark.util.Utils$.doTryWithCallerStacktrace(Utils.scala:1796)
	at org.apache.spark.util.Utils$.getTryWithCallerStacktrace(Utils.scala:1846)
	at org.apache.spark.util.LazyTry.get(LazyTry.scala:78)
	at org.apache.spark.sql.execution.QueryExecution.analyzed(QueryExecution.scala:661)
	at org.apache.spark.sql.execution.QueryExecution.assertAnalyzed(QueryExecution.scala:520)
	at org.apache.spark.sql.classic.Dataset$.$anonfun$ofRows$13(Dataset.scala:256)
	at org.apache.spark.sql.SparkSession.withActive(SparkSession.scala:866)
	at org.apache.spark.sql.classic.Dataset$.ofRows(Dataset.scala:253)
	at org.apache.spark.sql.connect.execution.SparkConnectPlanExecution.$anonfun$handlePlan$11(SparkConnectPlanExecution.scala:149)
	at org.apache.spark.sql.connect.utils.TimingUtils$.withTiming(TimingUtils.scala:35)
	at org.apache.spark.sql.connect.execution.SparkConnectPlanExecution.handlePlan(SparkConnectPlanExecution.scala:144)
	at org.apache.spark.sql.connect.execution.ExecuteThreadRunner.handlePlan(ExecuteThreadRunner.scala:522)
	at org.apache.spark.sql.connect.execution.ExecuteThreadRunner.$anonfun$executeInternal$1(ExecuteThreadRunner.scala:421)
	at org.apache.spark.sql.connect.execution.ExecuteThreadRunner.$anonfun$executeInternal$1$adapted(ExecuteThreadRunner.scala:340)
	at org.apache.spark.sql.connect.service.SessionHolder.$anonfun$withSession$2(SessionHolder.scala:844)
	at org.apache.spark.sql.SparkSession.withActive(SparkSession.scala:866)
	at org.apache.spark.sql.connect.service.SessionHolder.$anonfun$withSession$1(SessionHolder.scala:844)
	at org.apache.spark.JobArtifactSet$.withActiveJobArtifactState(JobArtifactSet.scala:97)
	at org.apache.spark.sql.artifact.ArtifactManager.$anonfun$withResources$1(ArtifactManager.scala:124)
	at org.apache.spark.sql.artifact.ArtifactManager.withClassLoaderIfNeeded(ArtifactManager.scala:118)
	at org.apache.spark.sql.artifact.ArtifactManager.withResources(ArtifactManager.scala:123)
	at org.apache.spark.sql.connect.service.SessionHolder.withSession(SessionHolder.scala:843)
	at org.apache.spark.sql.connect.execution.ExecuteThreadRunner.executeInternal(ExecuteThreadRunner.scala:340)
	at org.apache.spark.sql.connect.execution.ExecuteThreadRunner.$anonfun$execute$1(ExecuteThreadRunner.scala:200)
	at scala.runtime.java8.JFunction0$mcV$sp.apply(JFunction0$mcV$sp.scala:18)
	at com.databricks.spark.connect.service.UtilizationMetrics.recordActiveQueries(UtilizationMetrics.scala:92)
	at com.databricks.spark.connect.service.UtilizationMetrics.recordActiveQueries$(UtilizationMetrics.scala:89)
	at org.apache.spark.sql.connect.execution.ExecuteThreadRunner.recordActiveQueries(ExecuteThreadRunner.scala:61)
	at org.apache.spark.sql.connect.execution.ExecuteThreadRunner.org$apache$spark$sql$connect$execution$ExecuteThreadRunner$$execute(ExecuteThreadRunner.scala:192)
	at org.apache.spark.sql.connect.execution.ExecuteThreadRunner$ExecutionThread.$anonfun$run$3(ExecuteThreadRunner.scala:601)
	at scala.runtime.java8.JFunction0$mcV$sp.apply(JFunction0$mcV$sp.scala:18)
	at com.databricks.spark.util.DBRTracing$.withSpanFromParent(DBRTracing.scala:70)
	at org.apache.spark.sql.connect.execution.ExecuteThreadRunner$ExecutionThread.$anonfun$run$2(ExecuteThreadRunner.scala:601)
	at scala.runtime.java8.JFunction0$mcV$sp.apply(JFunction0$mcV$sp.scala:18)
	at com.databricks.unity.UCSEphemeralState$Handle.runWith(UCSEphemeralState.scala:51)
	at com.databricks.unity.HandleImpl.runWith(UCSHandle.scala:128)
	at com.databricks.unity.HandleImpl.$anonfun$runWithAndClose$1(UCSHandle.scala:133)
	at scala.util.Using$.resource(Using.scala:296)
	at com.databricks.unity.HandleImpl.runWithAndClose(UCSHandle.scala:132)
	at org.apache.spark.sql.connect.execution.ExecuteThreadRunner$ExecutionThread.run(ExecuteThreadRunner.scala:600)
Traceback (most recent call last):
  File "/Workspace/Users/krishnasumanbhaipatel@gmail.com/Practice Folder/lakehouse-practice-project/src/transformations/silver.py", line 147, in transform_table
    duplicates = get_duplicate_records(table_clean, primary_key)
                ^^^^^^^^^^^^^^^^^^^^^^^^^^^^^^^^^^^^^^^^^^^^^^^^^
  File "/Workspace/Users/krishnasumanbhaipatel@gmail.com/Practice Folder/lakehouse-practice-project/src/validation/quality_checks.py", line 13, in get_duplicate_records
    duplicate_count = table.groupBy(*columns).count().filter(F.col("count") > 1).count()
                      ^^^^^^^^^^^^^^^^^^^^^^^^^^^^^^^^^^^^^^^^^^^^^^^^^^^^^^^^^^^^^^^^^^
  File "/databricks/python/lib/python3.12/site-packages/pyspark/sql/connect/dataframe.py", line 318, in count
    )._to_table()  # type: ignore[operator]
      ^^^^^^^^^^^
  File "/databricks/python/lib/python3.12/site-packages/pyspark/sql/connect/dataframe.py", line 1930, in _to_table
    table, schema, self._execution_info = self._session.client.to_table(
                                          ^^^^^^^^^^^^^^^^^^^^^^^^^^^^^^
  File "/databricks/python/lib/python3.12/site-packages/pyspark/sql/connect/client/core.py", line 1273, in to_table
    table, schema, metrics, observed_metrics, _ = self._execute_and_fetch(req, observations)
                                                  ^^^^^^^^^^^^^^^^^^^^^^^^^^^^^^^^^^^^^^^^^^
  File "/databricks/python/lib/python3.12/site-packages/pyspark/sql/connect/client/core.py", line 2086, in _execute_and_fetch
    for response in self._execute_and_fetch_as_iterator(
  File "/databricks/python/lib/python3.12/site-packages/pyspark/sql/connect/client/core.py", line 2062, in _execute_and_fetch_as_iterator
    self._handle_error(error)
  File "/databricks/python/lib/python3.12/site-packages/pyspark/sql/connect/client/core.py", line 2380, in _handle_error
    self._handle_rpc_error(error)
  File "/databricks/python/lib/python3.12/site-packages/pyspark/sql/connect/client/core.py", line 2458, in _handle_rpc_error
    raise convert_exception(
pyspark.errors.exceptions.connect.AnalysisException: [UNRESOLVED_COLUMN.WITH_SUGGESTION] A column, variable, or function parameter with name `customer_id` cannot be resolved. Did you mean one of the following? [`category`, `product_id`, `brand`, `price`, `created_date`]. SQLSTATE: 42703;
'Aggregate [unresolvedalias(count(1))]
+- 'Filter '`>`('count, 1)
   +- 'Aggregate ['customer_id], ['customer_id, count(1) AS count#14668L]
      +- Project [cast(product_id#14681 as int) AS product_id#14697, cast(product_name#14494 as string) AS product_name#14698, cast(category#14495 as string) AS category#14699, cast(brand#14496 as string) AS brand#14700, cast(price#14685 as double) AS price#14701, cast(created_date#14686 as timestamp) AS created_date#14702, cast(modified_date#14687 as timestamp) AS modified_date#14703, cast(_ingestion_job_id#14691 as string) AS _ingestion_job_id#14704]
         +- Project [product_id#14681, product_name#14494, category#14495, brand#14496, price#14685, created_date#14686, modified_date#14687, _ingestion_job_id#14691]
            +- Project [product_id#14681, initcap(product_name#14464) AS product_name#14494, initcap(category#14465) AS category#14495, initcap(brand#14466) AS brand#14496, price#14685, created_date#14686, modified_date#14687, _ingestion_job_id#14691]
               +- Project [product_id#14681, trim(product_name#14682, None) AS product_name#14464, trim(category#14683, None) AS category#14465, trim(brand#14684, None) AS brand#14466, price#14685, created_date#14686, modified_date#14687, _ingestion_job_id#14691]
                  +- Project [product_id#14681, product_name#14682, category#14683, brand#14684, price#14685, created_date#14686, modified_date#14687, _ingestion_job_id#14691]
                     +- SubqueryAlias catalog_project1.bronze.products
                        +- Relation catalog_project1.bronze.products[product_id#14681,product_name#14682,category#14683,brand#14684,price#14685,created_date#14686,modified_date#14687,_ingestion_timestamp#14688,_source_file#14689,_source_table#14690,_ingestion_job_id#14691,_ingestion_pipeline_id#14692] parquet


JVM stacktrace:
org.apache.spark.sql.catalyst.ExtendedAnalysisException
	at org.apache.spark.sql.errors.QueryCompilationErrors$.unresolvedAttributeError(QueryCompilationErrors.scala:727)
	at org.apache.spark.sql.catalyst.analysis.CheckAnalysis.org$apache$spark$sql$catalyst$analysis$CheckAnalysis$$failUnresolvedAttribute(CheckAnalysis.scala:274)
	at org.apache.spark.sql.catalyst.analysis.CheckAnalysis.$anonfun$checkAnalysis0$18(CheckAnalysis.scala:664)
	at org.apache.spark.sql.catalyst.analysis.CheckAnalysis.$anonfun$checkAnalysis0$18$adapted(CheckAnalysis.scala:649)
	at org.apache.spark.sql.catalyst.analysis.CheckAnalysis.traverse$1(CheckAnalysis.scala:1378)
	at org.apache.spark.sql.catalyst.analysis.CheckAnalysis.foreachUpSkippingSecureView(CheckAnalysis.scala:1380)
	at org.apache.spark.sql.catalyst.analysis.CheckAnalysis.$anonfun$checkAnalysis0$17(CheckAnalysis.scala:649)
	at org.apache.spark.sql.catalyst.analysis.CheckAnalysis.$anonfun$checkAnalysis0$17$adapted(CheckAnalysis.scala:649)
	at scala.collection.immutable.List.foreach(List.scala:334)
	at org.apache.spark.sql.catalyst.analysis.CheckAnalysis.$anonfun$checkAnalysis0$2(CheckAnalysis.scala:649)
	at org.apache.spark.sql.catalyst.analysis.CheckAnalysis.$anonfun$checkAnalysis0$2$adapted(CheckAnalysis.scala:410)
	at org.apache.spark.sql.catalyst.trees.TreeNode.foreachUp(TreeNode.scala:392)
	at org.apache.spark.sql.catalyst.trees.TreeNode.$anonfun$foreachUp$1(TreeNode.scala:391)
	at org.apache.spark.sql.catalyst.trees.TreeNode.$anonfun$foreachUp$1$adapted(TreeNode.scala:391)
	at scala.collection.immutable.Vector.foreach(Vector.scala:2125)
	at org.apache.spark.sql.catalyst.trees.TreeNode.foreachUp(TreeNode.scala:391)
	at org.apache.spark.sql.catalyst.trees.TreeNode.$anonfun$foreachUp$1(TreeNode.scala:391)
	at org.apache.spark.sql.catalyst.trees.TreeNode.$anonfun$foreachUp$1$adapted(TreeNode.scala:391)
	at scala.collection.immutable.Vector.foreach(Vector.scala:2125)
	at org.apache.spark.sql.catalyst.trees.TreeNode.foreachUp(TreeNode.scala:391)
	at org.apache.spark.sql.catalyst.analysis.CheckAnalysis.checkAnalysis0(CheckAnalysis.scala:410)
	at org.apache.spark.sql.catalyst.analysis.CheckAnalysis.checkAnalysis0$(CheckAnalysis.scala:377)
	at org.apache.spark.sql.catalyst.analysis.Analyzer.checkAnalysis0(Analyzer.scala:610)
	at org.apache.spark.sql.catalyst.analysis.CheckAnalysis.$anonfun$checkAnalysis$1(CheckAnalysis.scala:362)
	at scala.runtime.java8.JFunction0$mcV$sp.apply(JFunction0$mcV$sp.scala:18)
	at com.databricks.spark.util.FrameProfiler$.$anonfun$record$1(FrameProfiler.scala:114)
	at com.databricks.spark.util.FrameProfilerExporter$.maybeExportFrameProfiler(FrameProfilerExporter.scala:201)
	at com.databricks.spark.util.FrameProfiler$.record(FrameProfiler.scala:105)
	at org.apache.spark.sql.catalyst.analysis.CheckAnalysis.checkAnalysis(CheckAnalysis.scala:349)
	at org.apache.spark.sql.catalyst.analysis.CheckAnalysis.checkAnalysis$(CheckAnalysis.scala:345)
	at org.apache.spark.sql.catalyst.analysis.Analyzer.checkAnalysis(Analyzer.scala:610)
	at org.apache.spark.sql.catalyst.analysis.resolver.HybridAnalyzer.$anonfun$resolveInFixedPoint$1(HybridAnalyzer.scala:417)
	at scala.runtime.java8.JFunction0$mcV$sp.apply(JFunction0$mcV$sp.scala:18)
	at org.apache.spark.sql.catalyst.QueryPlanningTracker$.withTracker(QueryPlanningTracker.scala:275)
	at org.apache.spark.sql.catalyst.analysis.resolver.HybridAnalyzer.resolveInFixedPoint(HybridAnalyzer.scala:417)
	at org.apache.spark.sql.catalyst.analysis.resolver.HybridAnalyzer.$anonfun$apply$1(HybridAnalyzer.scala:98)
	at org.apache.spark.sql.catalyst.analysis.resolver.HybridAnalyzer.withTrackedAnalyzerBridgeState(HybridAnalyzer.scala:135)
	at org.apache.spark.sql.catalyst.analysis.resolver.HybridAnalyzer.apply(HybridAnalyzer.scala:91)
	at org.apache.spark.sql.catalyst.analysis.Analyzer.$anonfun$executeAndCheck$2(Analyzer.scala:677)
	at org.apache.spark.sql.catalyst.plans.logical.AnalysisHelper$.markInAnalyzer(AnalysisHelper.scala:425)
	at org.apache.spark.sql.catalyst.analysis.Analyzer.$anonfun$executeAndCheck$1(Analyzer.scala:677)
	at com.databricks.sql.unity.SAMSnapshotHelper$.visitPlansDuringAnalysis(SAMSnapshotHelper.scala:43)
	at org.apache.spark.sql.catalyst.analysis.Analyzer.executeAndCheck(Analyzer.scala:666)
	at org.apache.spark.sql.execution.QueryExecution.$anonfun$lazyAnalyzed$3(QueryExecution.scala:607)
	at com.databricks.spark.util.FrameProfiler$.$anonfun$record$1(FrameProfiler.scala:114)
	at com.databricks.spark.util.FrameProfilerExporter$.maybeExportFrameProfiler(FrameProfilerExporter.scala:201)
	at com.databricks.spark.util.FrameProfiler$.record(FrameProfiler.scala:105)
	at org.apache.spark.sql.catalyst.QueryPlanningTracker.measurePhase(QueryPlanningTracker.scala:1021)
	at org.apache.spark.sql.execution.QueryExecution.$anonfun$executePhase$8(QueryExecution.scala:1073)
	at org.apache.spark.sql.execution.SQLExecution$.$anonfun$withExecutionPhase$1(SQLExecution.scala:335)
	at com.databricks.util.TracingSpanUtils$.withTracing(TracingSpanUtils.scala:251)
	at com.databricks.spark.util.DatabricksTracingHelper.withSpan(DatabricksSparkTracingHelper.scala:154)
	at com.databricks.spark.util.DBRTracing$.withSpan(DBRTracing.scala:87)
	at org.apache.spark.sql.execution.SQLExecution$.withExecutionPhase(SQLExecution.scala:316)
	at org.apache.spark.sql.execution.QueryExecution.$anonfun$executePhase$7(QueryExecution.scala:1073)
	at org.apache.spark.sql.execution.QueryExecution$.withInternalError(QueryExecution.scala:1822)
	at org.apache.spark.sql.execution.QueryExecution.$anonfun$executePhase$5(QueryExecution.scala:1066)
	at com.databricks.util.LexicalThreadLocal$Handle.runWith(LexicalThreadLocal.scala:63)
	at org.apache.spark.sql.execution.QueryExecution.$anonfun$executePhase$4(QueryExecution.scala:1063)
	at com.databricks.util.LexicalThreadLocal$Handle.runWith(LexicalThreadLocal.scala:63)
	at org.apache.spark.sql.execution.QueryExecution.$anonfun$executePhase$3(QueryExecution.scala:1063)
	at com.databricks.util.LexicalThreadLocal$Handle.runWith(LexicalThreadLocal.scala:63)
	at org.apache.spark.sql.execution.QueryExecution.$anonfun$executePhase$2(QueryExecution.scala:1062)
	at com.databricks.util.LexicalThreadLocal$Handle.runWith(LexicalThreadLocal.scala:63)
	at org.apache.spark.sql.execution.QueryExecution.localBlock$1(QueryExecution.scala:1043)
	at org.apache.spark.sql.execution.QueryExecution.$anonfun$withQueryExecutionId$4(QueryExecution.scala:1053)
	at com.databricks.unity.UCSManager$.withTemporaryScope(UCSManager.scala:168)
	at org.apache.spark.sql.execution.QueryExecution.$anonfun$withQueryExecutionId$3(QueryExecution.scala:1052)
	at org.apache.spark.sql.execution.QueryExecution$.$anonfun$runWithWrappers$2(QueryExecution.scala:2075)
	at org.apache.spark.sql.execution.QueryExecution$.org$apache$spark$sql$execution$QueryExecution$$runWithWrappers(QueryExecution.scala:2074)
	at org.apache.spark.sql.execution.QueryExecution.withQueryExecutionId(QueryExecution.scala:1053)
	at org.apache.spark.sql.execution.QueryExecution.$anonfun$executePhase$1(QueryExecution.scala:1061)
	at org.apache.spark.sql.SparkSession.withActive(SparkSession.scala:866)
	at org.apache.spark.sql.execution.QueryExecution.executePhase(QueryExecution.scala:1060)
	at org.apache.spark.sql.execution.QueryExecution.$anonfun$lazyAnalyzed$2(QueryExecution.scala:598)
	at com.databricks.sql.util.MemoryTrackerHelper.withMemoryTracking(MemoryTrackerHelper.scala:111)
	at org.apache.spark.sql.execution.QueryExecution.$anonfun$lazyAnalyzed$1(QueryExecution.scala:597)
	at scala.util.Try$.apply(Try.scala:217)
	at org.apache.spark.util.Utils$.doTryWithCallerStacktrace(Utils.scala:1796)
	at org.apache.spark.util.Utils$.getTryWithCallerStacktrace(Utils.scala:1846)
	at org.apache.spark.util.LazyTry.get(LazyTry.scala:78)
	at org.apache.spark.sql.execution.QueryExecution.analyzed(QueryExecution.scala:661)
	at org.apache.spark.sql.execution.QueryExecution.assertAnalyzed(QueryExecution.scala:520)
	at org.apache.spark.sql.classic.Dataset$.$anonfun$ofRows$13(Dataset.scala:256)
	at org.apache.spark.sql.SparkSession.withActive(SparkSession.scala:866)
	at org.apache.spark.sql.classic.Dataset$.ofRows(Dataset.scala:253)
	at org.apache.spark.sql.connect.execution.SparkConnectPlanExecution.$anonfun$handlePlan$11(SparkConnectPlanExecution.scala:149)
	at org.apache.spark.sql.connect.utils.TimingUtils$.withTiming(TimingUtils.scala:35)
	at org.apache.spark.sql.connect.execution.SparkConnectPlanExecution.handlePlan(SparkConnectPlanExecution.scala:144)
	at org.apache.spark.sql.connect.execution.ExecuteThreadRunner.handlePlan(ExecuteThreadRunner.scala:522)
	at org.apache.spark.sql.connect.execution.ExecuteThreadRunner.$anonfun$executeInternal$1(ExecuteThreadRunner.scala:421)
	at org.apache.spark.sql.connect.execution.ExecuteThreadRunner.$anonfun$executeInternal$1$adapted(ExecuteThreadRunner.scala:340)
	at org.apache.spark.sql.connect.service.SessionHolder.$anonfun$withSession$2(SessionHolder.scala:844)
	at org.apache.spark.sql.SparkSession.withActive(SparkSession.scala:866)
	at org.apache.spark.sql.connect.service.SessionHolder.$anonfun$withSession$1(SessionHolder.scala:844)
	at org.apache.spark.JobArtifactSet$.withActiveJobArtifactState(JobArtifactSet.scala:97)
	at org.apache.spark.sql.artifact.ArtifactManager.$anonfun$withResources$1(ArtifactManager.scala:124)
	at org.apache.spark.sql.artifact.ArtifactManager.withClassLoaderIfNeeded(ArtifactManager.scala:118)
	at org.apache.spark.sql.artifact.ArtifactManager.withResources(ArtifactManager.scala:123)
	at org.apache.spark.sql.connect.service.SessionHolder.withSession(SessionHolder.scala:843)
	at org.apache.spark.sql.connect.execution.ExecuteThreadRunner.executeInternal(ExecuteThreadRunner.scala:340)
	at org.apache.spark.sql.connect.execution.ExecuteThreadRunner.$anonfun$execute$1(ExecuteThreadRunner.scala:200)
	at scala.runtime.java8.JFunction0$mcV$sp.apply(JFunction0$mcV$sp.scala:18)
	at com.databricks.spark.connect.service.UtilizationMetrics.recordActiveQueries(UtilizationMetrics.scala:92)
	at com.databricks.spark.connect.service.UtilizationMetrics.recordActiveQueries$(UtilizationMetrics.scala:89)
	at org.apache.spark.sql.connect.execution.ExecuteThreadRunner.recordActiveQueries(ExecuteThreadRunner.scala:61)
	at org.apache.spark.sql.connect.execution.ExecuteThreadRunner.org$apache$spark$sql$connect$execution$ExecuteThreadRunner$$execute(ExecuteThreadRunner.scala:192)
	at org.apache.spark.sql.connect.execution.ExecuteThreadRunner$ExecutionThread.$anonfun$run$3(ExecuteThreadRunner.scala:601)
	at scala.runtime.java8.JFunction0$mcV$sp.apply(JFunction0$mcV$sp.scala:18)
	at com.databricks.spark.util.DBRTracing$.withSpanFromParent(DBRTracing.scala:70)
	at org.apache.spark.sql.connect.execution.ExecuteThreadRunner$ExecutionThread.$anonfun$run$2(ExecuteThreadRunner.scala:601)
	at scala.runtime.java8.JFunction0$mcV$sp.apply(JFunction0$mcV$sp.scala:18)
	at com.databricks.unity.UCSEphemeralState$Handle.runWith(UCSEphemeralState.scala:51)
	at com.databricks.unity.HandleImpl.runWith(UCSHandle.scala:128)
	at com.databricks.unity.HandleImpl.$anonfun$runWithAndClose$1(UCSHandle.scala:133)
	at scala.util.Using$.resource(Using.scala:296)
	at com.databricks.unity.HandleImpl.runWithAndClose(UCSHandle.scala:132)
	at org.apache.spark.sql.connect.execution.ExecuteThreadRunner$ExecutionThread.run(ExecuteThreadRunner.scala:600)
2026-07-28 11:41:56,983 | INFO     | silver.clean_customers | Audit for catalog_project1.silver.clean_products written successfully
2026-07-28 11:45:24,076 | INFO     | silver.clean_customers | Logging to file: /Workspace/Users/krishnasumanbhaipatel@gmail.com/Practice Folder/lakehouse-practice-project/logs/silver_clean_customers_20260728.log
2026-07-28 11:45:24,077 | INFO     | silver.clean_customers | Starting Silver pipeline at 2026-07-28 11:45:24.044071
2026-07-28 11:45:24,576 | INFO     | silver.clean_customers | Reading catalog_project1.bronze.products table
2026-07-28 11:45:25,655 | INFO     | silver.clean_customers | Read 10 records from catalog_project1.bronze.products
2026-07-28 11:45:25,656 | INFO     | silver.clean_customers | All required columns exists in the catalog_project1.bronze.products
2026-07-28 11:45:26,479 | INFO     | silver.clean_customers | Data standardization completed for the catalog_project1.bronze.products
2026-07-28 11:45:27,039 | INFO     | silver.clean_customers | Data type casting completed for the catalog_project1.bronze.products
2026-07-28 11:45:27,965 | INFO     | silver.clean_customers | Data validation completed for the catalog_project1.bronze.products
2026-07-28 11:45:28,452 | ERROR    | silver.clean_customers | Silver catalog_project1.silver.clean_products pipeline failed: [UNRESOLVED_COLUMN.WITH_SUGGESTION] A column, variable, or function parameter with name `customer_id` cannot be resolved. Did you mean one of the following? [`category`, `product_id`, `brand`, `price`, `created_date`]. SQLSTATE: 42703;
'Aggregate [unresolvedalias(count(1))]
+- 'Filter '`>`('count, 1)
   +- 'Aggregate ['customer_id], ['customer_id, count(1) AS count#15437L]
      +- Project [cast(product_id#15450 as int) AS product_id#15466, cast(product_name#15263 as string) AS product_name#15467, cast(category#15264 as string) AS category#15468, cast(brand#15265 as string) AS brand#15469, cast(price#15454 as double) AS price#15470, cast(created_date#15455 as timestamp) AS created_date#15471, cast(modified_date#15456 as timestamp) AS modified_date#15472, cast(_ingestion_job_id#15460 as string) AS _ingestion_job_id#15473]
         +- Project [product_id#15450, product_name#15263, category#15264, brand#15265, price#15454, created_date#15455, modified_date#15456, _ingestion_job_id#15460]
            +- Project [product_id#15450, initcap(product_name#15233) AS product_name#15263, initcap(category#15234) AS category#15264, initcap(brand#15235) AS brand#15265, price#15454, created_date#15455, modified_date#15456, _ingestion_job_id#15460]
               +- Project [product_id#15450, trim(product_name#15451, None) AS product_name#15233, trim(category#15452, None) AS category#15234, trim(brand#15453, None) AS brand#15235, price#15454, created_date#15455, modified_date#15456, _ingestion_job_id#15460]
                  +- Project [product_id#15450, product_name#15451, category#15452, brand#15453, price#15454, created_date#15455, modified_date#15456, _ingestion_job_id#15460]
                     +- SubqueryAlias catalog_project1.bronze.products
                        +- Relation catalog_project1.bronze.products[product_id#15450,product_name#15451,category#15452,brand#15453,price#15454,created_date#15455,modified_date#15456,_ingestion_timestamp#15457,_source_file#15458,_source_table#15459,_ingestion_job_id#15460,_ingestion_pipeline_id#15461] parquet


JVM stacktrace:
org.apache.spark.sql.catalyst.ExtendedAnalysisException
	at org.apache.spark.sql.errors.QueryCompilationErrors$.unresolvedAttributeError(QueryCompilationErrors.scala:727)
	at org.apache.spark.sql.catalyst.analysis.CheckAnalysis.org$apache$spark$sql$catalyst$analysis$CheckAnalysis$$failUnresolvedAttribute(CheckAnalysis.scala:274)
	at org.apache.spark.sql.catalyst.analysis.CheckAnalysis.$anonfun$checkAnalysis0$18(CheckAnalysis.scala:664)
	at org.apache.spark.sql.catalyst.analysis.CheckAnalysis.$anonfun$checkAnalysis0$18$adapted(CheckAnalysis.scala:649)
	at org.apache.spark.sql.catalyst.analysis.CheckAnalysis.traverse$1(CheckAnalysis.scala:1378)
	at org.apache.spark.sql.catalyst.analysis.CheckAnalysis.foreachUpSkippingSecureView(CheckAnalysis.scala:1380)
	at org.apache.spark.sql.catalyst.analysis.CheckAnalysis.$anonfun$checkAnalysis0$17(CheckAnalysis.scala:649)
	at org.apache.spark.sql.catalyst.analysis.CheckAnalysis.$anonfun$checkAnalysis0$17$adapted(CheckAnalysis.scala:649)
	at scala.collection.immutable.List.foreach(List.scala:334)
	at org.apache.spark.sql.catalyst.analysis.CheckAnalysis.$anonfun$checkAnalysis0$2(CheckAnalysis.scala:649)
	at org.apache.spark.sql.catalyst.analysis.CheckAnalysis.$anonfun$checkAnalysis0$2$adapted(CheckAnalysis.scala:410)
	at org.apache.spark.sql.catalyst.trees.TreeNode.foreachUp(TreeNode.scala:392)
	at org.apache.spark.sql.catalyst.trees.TreeNode.$anonfun$foreachUp$1(TreeNode.scala:391)
	at org.apache.spark.sql.catalyst.trees.TreeNode.$anonfun$foreachUp$1$adapted(TreeNode.scala:391)
	at scala.collection.immutable.Vector.foreach(Vector.scala:2125)
	at org.apache.spark.sql.catalyst.trees.TreeNode.foreachUp(TreeNode.scala:391)
	at org.apache.spark.sql.catalyst.trees.TreeNode.$anonfun$foreachUp$1(TreeNode.scala:391)
	at org.apache.spark.sql.catalyst.trees.TreeNode.$anonfun$foreachUp$1$adapted(TreeNode.scala:391)
	at scala.collection.immutable.Vector.foreach(Vector.scala:2125)
	at org.apache.spark.sql.catalyst.trees.TreeNode.foreachUp(TreeNode.scala:391)
	at org.apache.spark.sql.catalyst.analysis.CheckAnalysis.checkAnalysis0(CheckAnalysis.scala:410)
	at org.apache.spark.sql.catalyst.analysis.CheckAnalysis.checkAnalysis0$(CheckAnalysis.scala:377)
	at org.apache.spark.sql.catalyst.analysis.Analyzer.checkAnalysis0(Analyzer.scala:610)
	at org.apache.spark.sql.catalyst.analysis.CheckAnalysis.$anonfun$checkAnalysis$1(CheckAnalysis.scala:362)
	at scala.runtime.java8.JFunction0$mcV$sp.apply(JFunction0$mcV$sp.scala:18)
	at com.databricks.spark.util.FrameProfiler$.$anonfun$record$1(FrameProfiler.scala:114)
	at com.databricks.spark.util.FrameProfilerExporter$.maybeExportFrameProfiler(FrameProfilerExporter.scala:201)
	at com.databricks.spark.util.FrameProfiler$.record(FrameProfiler.scala:105)
	at org.apache.spark.sql.catalyst.analysis.CheckAnalysis.checkAnalysis(CheckAnalysis.scala:349)
	at org.apache.spark.sql.catalyst.analysis.CheckAnalysis.checkAnalysis$(CheckAnalysis.scala:345)
	at org.apache.spark.sql.catalyst.analysis.Analyzer.checkAnalysis(Analyzer.scala:610)
	at org.apache.spark.sql.catalyst.analysis.resolver.HybridAnalyzer.$anonfun$resolveInFixedPoint$1(HybridAnalyzer.scala:417)
	at scala.runtime.java8.JFunction0$mcV$sp.apply(JFunction0$mcV$sp.scala:18)
	at org.apache.spark.sql.catalyst.QueryPlanningTracker$.withTracker(QueryPlanningTracker.scala:275)
	at org.apache.spark.sql.catalyst.analysis.resolver.HybridAnalyzer.resolveInFixedPoint(HybridAnalyzer.scala:417)
	at org.apache.spark.sql.catalyst.analysis.resolver.HybridAnalyzer.$anonfun$apply$1(HybridAnalyzer.scala:98)
	at org.apache.spark.sql.catalyst.analysis.resolver.HybridAnalyzer.withTrackedAnalyzerBridgeState(HybridAnalyzer.scala:135)
	at org.apache.spark.sql.catalyst.analysis.resolver.HybridAnalyzer.apply(HybridAnalyzer.scala:91)
	at org.apache.spark.sql.catalyst.analysis.Analyzer.$anonfun$executeAndCheck$2(Analyzer.scala:677)
	at org.apache.spark.sql.catalyst.plans.logical.AnalysisHelper$.markInAnalyzer(AnalysisHelper.scala:425)
	at org.apache.spark.sql.catalyst.analysis.Analyzer.$anonfun$executeAndCheck$1(Analyzer.scala:677)
	at com.databricks.sql.unity.SAMSnapshotHelper$.visitPlansDuringAnalysis(SAMSnapshotHelper.scala:43)
	at org.apache.spark.sql.catalyst.analysis.Analyzer.executeAndCheck(Analyzer.scala:666)
	at org.apache.spark.sql.execution.QueryExecution.$anonfun$lazyAnalyzed$3(QueryExecution.scala:607)
	at com.databricks.spark.util.FrameProfiler$.$anonfun$record$1(FrameProfiler.scala:114)
	at com.databricks.spark.util.FrameProfilerExporter$.maybeExportFrameProfiler(FrameProfilerExporter.scala:201)
	at com.databricks.spark.util.FrameProfiler$.record(FrameProfiler.scala:105)
	at org.apache.spark.sql.catalyst.QueryPlanningTracker.measurePhase(QueryPlanningTracker.scala:1021)
	at org.apache.spark.sql.execution.QueryExecution.$anonfun$executePhase$8(QueryExecution.scala:1073)
	at org.apache.spark.sql.execution.SQLExecution$.$anonfun$withExecutionPhase$1(SQLExecution.scala:335)
	at com.databricks.util.TracingSpanUtils$.withTracing(TracingSpanUtils.scala:251)
	at com.databricks.spark.util.DatabricksTracingHelper.withSpan(DatabricksSparkTracingHelper.scala:154)
	at com.databricks.spark.util.DBRTracing$.withSpan(DBRTracing.scala:87)
	at org.apache.spark.sql.execution.SQLExecution$.withExecutionPhase(SQLExecution.scala:316)
	at org.apache.spark.sql.execution.QueryExecution.$anonfun$executePhase$7(QueryExecution.scala:1073)
	at org.apache.spark.sql.execution.QueryExecution$.withInternalError(QueryExecution.scala:1822)
	at org.apache.spark.sql.execution.QueryExecution.$anonfun$executePhase$5(QueryExecution.scala:1066)
	at com.databricks.util.LexicalThreadLocal$Handle.runWith(LexicalThreadLocal.scala:63)
	at org.apache.spark.sql.execution.QueryExecution.$anonfun$executePhase$4(QueryExecution.scala:1063)
	at com.databricks.util.LexicalThreadLocal$Handle.runWith(LexicalThreadLocal.scala:63)
	at org.apache.spark.sql.execution.QueryExecution.$anonfun$executePhase$3(QueryExecution.scala:1063)
	at com.databricks.util.LexicalThreadLocal$Handle.runWith(LexicalThreadLocal.scala:63)
	at org.apache.spark.sql.execution.QueryExecution.$anonfun$executePhase$2(QueryExecution.scala:1062)
	at com.databricks.util.LexicalThreadLocal$Handle.runWith(LexicalThreadLocal.scala:63)
	at org.apache.spark.sql.execution.QueryExecution.localBlock$1(QueryExecution.scala:1043)
	at org.apache.spark.sql.execution.QueryExecution.$anonfun$withQueryExecutionId$4(QueryExecution.scala:1053)
	at com.databricks.unity.UCSManager$.withTemporaryScope(UCSManager.scala:168)
	at org.apache.spark.sql.execution.QueryExecution.$anonfun$withQueryExecutionId$3(QueryExecution.scala:1052)
	at org.apache.spark.sql.execution.QueryExecution$.$anonfun$runWithWrappers$2(QueryExecution.scala:2075)
	at org.apache.spark.sql.execution.QueryExecution$.org$apache$spark$sql$execution$QueryExecution$$runWithWrappers(QueryExecution.scala:2074)
	at org.apache.spark.sql.execution.QueryExecution.withQueryExecutionId(QueryExecution.scala:1053)
	at org.apache.spark.sql.execution.QueryExecution.$anonfun$executePhase$1(QueryExecution.scala:1061)
	at org.apache.spark.sql.SparkSession.withActive(SparkSession.scala:866)
	at org.apache.spark.sql.execution.QueryExecution.executePhase(QueryExecution.scala:1060)
	at org.apache.spark.sql.execution.QueryExecution.$anonfun$lazyAnalyzed$2(QueryExecution.scala:598)
	at com.databricks.sql.util.MemoryTrackerHelper.withMemoryTracking(MemoryTrackerHelper.scala:111)
	at org.apache.spark.sql.execution.QueryExecution.$anonfun$lazyAnalyzed$1(QueryExecution.scala:597)
	at scala.util.Try$.apply(Try.scala:217)
	at org.apache.spark.util.Utils$.doTryWithCallerStacktrace(Utils.scala:1796)
	at org.apache.spark.util.Utils$.getTryWithCallerStacktrace(Utils.scala:1846)
	at org.apache.spark.util.LazyTry.get(LazyTry.scala:78)
	at org.apache.spark.sql.execution.QueryExecution.analyzed(QueryExecution.scala:661)
	at org.apache.spark.sql.execution.QueryExecution.assertAnalyzed(QueryExecution.scala:520)
	at org.apache.spark.sql.classic.Dataset$.$anonfun$ofRows$13(Dataset.scala:256)
	at org.apache.spark.sql.SparkSession.withActive(SparkSession.scala:866)
	at org.apache.spark.sql.classic.Dataset$.ofRows(Dataset.scala:253)
	at org.apache.spark.sql.connect.execution.SparkConnectPlanExecution.$anonfun$handlePlan$11(SparkConnectPlanExecution.scala:149)
	at org.apache.spark.sql.connect.utils.TimingUtils$.withTiming(TimingUtils.scala:35)
	at org.apache.spark.sql.connect.execution.SparkConnectPlanExecution.handlePlan(SparkConnectPlanExecution.scala:144)
	at org.apache.spark.sql.connect.execution.ExecuteThreadRunner.handlePlan(ExecuteThreadRunner.scala:522)
	at org.apache.spark.sql.connect.execution.ExecuteThreadRunner.$anonfun$executeInternal$1(ExecuteThreadRunner.scala:421)
	at org.apache.spark.sql.connect.execution.ExecuteThreadRunner.$anonfun$executeInternal$1$adapted(ExecuteThreadRunner.scala:340)
	at org.apache.spark.sql.connect.service.SessionHolder.$anonfun$withSession$2(SessionHolder.scala:844)
	at org.apache.spark.sql.SparkSession.withActive(SparkSession.scala:866)
	at org.apache.spark.sql.connect.service.SessionHolder.$anonfun$withSession$1(SessionHolder.scala:844)
	at org.apache.spark.JobArtifactSet$.withActiveJobArtifactState(JobArtifactSet.scala:97)
	at org.apache.spark.sql.artifact.ArtifactManager.$anonfun$withResources$1(ArtifactManager.scala:124)
	at org.apache.spark.sql.artifact.ArtifactManager.withClassLoaderIfNeeded(ArtifactManager.scala:118)
	at org.apache.spark.sql.artifact.ArtifactManager.withResources(ArtifactManager.scala:123)
	at org.apache.spark.sql.connect.service.SessionHolder.withSession(SessionHolder.scala:843)
	at org.apache.spark.sql.connect.execution.ExecuteThreadRunner.executeInternal(ExecuteThreadRunner.scala:340)
	at org.apache.spark.sql.connect.execution.ExecuteThreadRunner.$anonfun$execute$1(ExecuteThreadRunner.scala:200)
	at scala.runtime.java8.JFunction0$mcV$sp.apply(JFunction0$mcV$sp.scala:18)
	at com.databricks.spark.connect.service.UtilizationMetrics.recordActiveQueries(UtilizationMetrics.scala:92)
	at com.databricks.spark.connect.service.UtilizationMetrics.recordActiveQueries$(UtilizationMetrics.scala:89)
	at org.apache.spark.sql.connect.execution.ExecuteThreadRunner.recordActiveQueries(ExecuteThreadRunner.scala:61)
	at org.apache.spark.sql.connect.execution.ExecuteThreadRunner.org$apache$spark$sql$connect$execution$ExecuteThreadRunner$$execute(ExecuteThreadRunner.scala:192)
	at org.apache.spark.sql.connect.execution.ExecuteThreadRunner$ExecutionThread.$anonfun$run$3(ExecuteThreadRunner.scala:601)
	at scala.runtime.java8.JFunction0$mcV$sp.apply(JFunction0$mcV$sp.scala:18)
	at com.databricks.spark.util.DBRTracing$.withSpanFromParent(DBRTracing.scala:70)
	at org.apache.spark.sql.connect.execution.ExecuteThreadRunner$ExecutionThread.$anonfun$run$2(ExecuteThreadRunner.scala:601)
	at scala.runtime.java8.JFunction0$mcV$sp.apply(JFunction0$mcV$sp.scala:18)
	at com.databricks.unity.UCSEphemeralState$Handle.runWith(UCSEphemeralState.scala:51)
	at com.databricks.unity.HandleImpl.runWith(UCSHandle.scala:128)
	at com.databricks.unity.HandleImpl.$anonfun$runWithAndClose$1(UCSHandle.scala:133)
	at scala.util.Using$.resource(Using.scala:296)
	at com.databricks.unity.HandleImpl.runWithAndClose(UCSHandle.scala:132)
	at org.apache.spark.sql.connect.execution.ExecuteThreadRunner$ExecutionThread.run(ExecuteThreadRunner.scala:600)
Traceback (most recent call last):
  File "/Workspace/Users/krishnasumanbhaipatel@gmail.com/Practice Folder/lakehouse-practice-project/src/transformations/silver.py", line 147, in transform_table
    duplicates = get_duplicate_records(table_clean, primary_key)
                ^^^^^^^^^^^^^^^^^^^^^^^^^^^^^^^^^^^^^^^^^^^^^^^^^
  File "/Workspace/Users/krishnasumanbhaipatel@gmail.com/Practice Folder/lakehouse-practice-project/src/validation/quality_checks.py", line 13, in get_duplicate_records
    duplicate_count = table.groupBy(*columns).count().filter(F.col("count") > 1).count()
                      ^^^^^^^^^^^^^^^^^^^^^^^^^^^^^^^^^^^^^^^^^^^^^^^^^^^^^^^^^^^^^^^^^^
  File "/databricks/python/lib/python3.12/site-packages/pyspark/sql/connect/dataframe.py", line 318, in count
    )._to_table()  # type: ignore[operator]
      ^^^^^^^^^^^
  File "/databricks/python/lib/python3.12/site-packages/pyspark/sql/connect/dataframe.py", line 1930, in _to_table
    table, schema, self._execution_info = self._session.client.to_table(
                                          ^^^^^^^^^^^^^^^^^^^^^^^^^^^^^^
  File "/databricks/python/lib/python3.12/site-packages/pyspark/sql/connect/client/core.py", line 1273, in to_table
    table, schema, metrics, observed_metrics, _ = self._execute_and_fetch(req, observations)
                                                  ^^^^^^^^^^^^^^^^^^^^^^^^^^^^^^^^^^^^^^^^^^
  File "/databricks/python/lib/python3.12/site-packages/pyspark/sql/connect/client/core.py", line 2086, in _execute_and_fetch
    for response in self._execute_and_fetch_as_iterator(
  File "/databricks/python/lib/python3.12/site-packages/pyspark/sql/connect/client/core.py", line 2062, in _execute_and_fetch_as_iterator
    self._handle_error(error)
  File "/databricks/python/lib/python3.12/site-packages/pyspark/sql/connect/client/core.py", line 2380, in _handle_error
    self._handle_rpc_error(error)
  File "/databricks/python/lib/python3.12/site-packages/pyspark/sql/connect/client/core.py", line 2458, in _handle_rpc_error
    raise convert_exception(
pyspark.errors.exceptions.connect.AnalysisException: [UNRESOLVED_COLUMN.WITH_SUGGESTION] A column, variable, or function parameter with name `customer_id` cannot be resolved. Did you mean one of the following? [`category`, `product_id`, `brand`, `price`, `created_date`]. SQLSTATE: 42703;
'Aggregate [unresolvedalias(count(1))]
+- 'Filter '`>`('count, 1)
   +- 'Aggregate ['customer_id], ['customer_id, count(1) AS count#15437L]
      +- Project [cast(product_id#15450 as int) AS product_id#15466, cast(product_name#15263 as string) AS product_name#15467, cast(category#15264 as string) AS category#15468, cast(brand#15265 as string) AS brand#15469, cast(price#15454 as double) AS price#15470, cast(created_date#15455 as timestamp) AS created_date#15471, cast(modified_date#15456 as timestamp) AS modified_date#15472, cast(_ingestion_job_id#15460 as string) AS _ingestion_job_id#15473]
         +- Project [product_id#15450, product_name#15263, category#15264, brand#15265, price#15454, created_date#15455, modified_date#15456, _ingestion_job_id#15460]
            +- Project [product_id#15450, initcap(product_name#15233) AS product_name#15263, initcap(category#15234) AS category#15264, initcap(brand#15235) AS brand#15265, price#15454, created_date#15455, modified_date#15456, _ingestion_job_id#15460]
               +- Project [product_id#15450, trim(product_name#15451, None) AS product_name#15233, trim(category#15452, None) AS category#15234, trim(brand#15453, None) AS brand#15235, price#15454, created_date#15455, modified_date#15456, _ingestion_job_id#15460]
                  +- Project [product_id#15450, product_name#15451, category#15452, brand#15453, price#15454, created_date#15455, modified_date#15456, _ingestion_job_id#15460]
                     +- SubqueryAlias catalog_project1.bronze.products
                        +- Relation catalog_project1.bronze.products[product_id#15450,product_name#15451,category#15452,brand#15453,price#15454,created_date#15455,modified_date#15456,_ingestion_timestamp#15457,_source_file#15458,_source_table#15459,_ingestion_job_id#15460,_ingestion_pipeline_id#15461] parquet


JVM stacktrace:
org.apache.spark.sql.catalyst.ExtendedAnalysisException
	at org.apache.spark.sql.errors.QueryCompilationErrors$.unresolvedAttributeError(QueryCompilationErrors.scala:727)
	at org.apache.spark.sql.catalyst.analysis.CheckAnalysis.org$apache$spark$sql$catalyst$analysis$CheckAnalysis$$failUnresolvedAttribute(CheckAnalysis.scala:274)
	at org.apache.spark.sql.catalyst.analysis.CheckAnalysis.$anonfun$checkAnalysis0$18(CheckAnalysis.scala:664)
	at org.apache.spark.sql.catalyst.analysis.CheckAnalysis.$anonfun$checkAnalysis0$18$adapted(CheckAnalysis.scala:649)
	at org.apache.spark.sql.catalyst.analysis.CheckAnalysis.traverse$1(CheckAnalysis.scala:1378)
	at org.apache.spark.sql.catalyst.analysis.CheckAnalysis.foreachUpSkippingSecureView(CheckAnalysis.scala:1380)
	at org.apache.spark.sql.catalyst.analysis.CheckAnalysis.$anonfun$checkAnalysis0$17(CheckAnalysis.scala:649)
	at org.apache.spark.sql.catalyst.analysis.CheckAnalysis.$anonfun$checkAnalysis0$17$adapted(CheckAnalysis.scala:649)
	at scala.collection.immutable.List.foreach(List.scala:334)
	at org.apache.spark.sql.catalyst.analysis.CheckAnalysis.$anonfun$checkAnalysis0$2(CheckAnalysis.scala:649)
	at org.apache.spark.sql.catalyst.analysis.CheckAnalysis.$anonfun$checkAnalysis0$2$adapted(CheckAnalysis.scala:410)
	at org.apache.spark.sql.catalyst.trees.TreeNode.foreachUp(TreeNode.scala:392)
	at org.apache.spark.sql.catalyst.trees.TreeNode.$anonfun$foreachUp$1(TreeNode.scala:391)
	at org.apache.spark.sql.catalyst.trees.TreeNode.$anonfun$foreachUp$1$adapted(TreeNode.scala:391)
	at scala.collection.immutable.Vector.foreach(Vector.scala:2125)
	at org.apache.spark.sql.catalyst.trees.TreeNode.foreachUp(TreeNode.scala:391)
	at org.apache.spark.sql.catalyst.trees.TreeNode.$anonfun$foreachUp$1(TreeNode.scala:391)
	at org.apache.spark.sql.catalyst.trees.TreeNode.$anonfun$foreachUp$1$adapted(TreeNode.scala:391)
	at scala.collection.immutable.Vector.foreach(Vector.scala:2125)
	at org.apache.spark.sql.catalyst.trees.TreeNode.foreachUp(TreeNode.scala:391)
	at org.apache.spark.sql.catalyst.analysis.CheckAnalysis.checkAnalysis0(CheckAnalysis.scala:410)
	at org.apache.spark.sql.catalyst.analysis.CheckAnalysis.checkAnalysis0$(CheckAnalysis.scala:377)
	at org.apache.spark.sql.catalyst.analysis.Analyzer.checkAnalysis0(Analyzer.scala:610)
	at org.apache.spark.sql.catalyst.analysis.CheckAnalysis.$anonfun$checkAnalysis$1(CheckAnalysis.scala:362)
	at scala.runtime.java8.JFunction0$mcV$sp.apply(JFunction0$mcV$sp.scala:18)
	at com.databricks.spark.util.FrameProfiler$.$anonfun$record$1(FrameProfiler.scala:114)
	at com.databricks.spark.util.FrameProfilerExporter$.maybeExportFrameProfiler(FrameProfilerExporter.scala:201)
	at com.databricks.spark.util.FrameProfiler$.record(FrameProfiler.scala:105)
	at org.apache.spark.sql.catalyst.analysis.CheckAnalysis.checkAnalysis(CheckAnalysis.scala:349)
	at org.apache.spark.sql.catalyst.analysis.CheckAnalysis.checkAnalysis$(CheckAnalysis.scala:345)
	at org.apache.spark.sql.catalyst.analysis.Analyzer.checkAnalysis(Analyzer.scala:610)
	at org.apache.spark.sql.catalyst.analysis.resolver.HybridAnalyzer.$anonfun$resolveInFixedPoint$1(HybridAnalyzer.scala:417)
	at scala.runtime.java8.JFunction0$mcV$sp.apply(JFunction0$mcV$sp.scala:18)
	at org.apache.spark.sql.catalyst.QueryPlanningTracker$.withTracker(QueryPlanningTracker.scala:275)
	at org.apache.spark.sql.catalyst.analysis.resolver.HybridAnalyzer.resolveInFixedPoint(HybridAnalyzer.scala:417)
	at org.apache.spark.sql.catalyst.analysis.resolver.HybridAnalyzer.$anonfun$apply$1(HybridAnalyzer.scala:98)
	at org.apache.spark.sql.catalyst.analysis.resolver.HybridAnalyzer.withTrackedAnalyzerBridgeState(HybridAnalyzer.scala:135)
	at org.apache.spark.sql.catalyst.analysis.resolver.HybridAnalyzer.apply(HybridAnalyzer.scala:91)
	at org.apache.spark.sql.catalyst.analysis.Analyzer.$anonfun$executeAndCheck$2(Analyzer.scala:677)
	at org.apache.spark.sql.catalyst.plans.logical.AnalysisHelper$.markInAnalyzer(AnalysisHelper.scala:425)
	at org.apache.spark.sql.catalyst.analysis.Analyzer.$anonfun$executeAndCheck$1(Analyzer.scala:677)
	at com.databricks.sql.unity.SAMSnapshotHelper$.visitPlansDuringAnalysis(SAMSnapshotHelper.scala:43)
	at org.apache.spark.sql.catalyst.analysis.Analyzer.executeAndCheck(Analyzer.scala:666)
	at org.apache.spark.sql.execution.QueryExecution.$anonfun$lazyAnalyzed$3(QueryExecution.scala:607)
	at com.databricks.spark.util.FrameProfiler$.$anonfun$record$1(FrameProfiler.scala:114)
	at com.databricks.spark.util.FrameProfilerExporter$.maybeExportFrameProfiler(FrameProfilerExporter.scala:201)
	at com.databricks.spark.util.FrameProfiler$.record(FrameProfiler.scala:105)
	at org.apache.spark.sql.catalyst.QueryPlanningTracker.measurePhase(QueryPlanningTracker.scala:1021)
	at org.apache.spark.sql.execution.QueryExecution.$anonfun$executePhase$8(QueryExecution.scala:1073)
	at org.apache.spark.sql.execution.SQLExecution$.$anonfun$withExecutionPhase$1(SQLExecution.scala:335)
	at com.databricks.util.TracingSpanUtils$.withTracing(TracingSpanUtils.scala:251)
	at com.databricks.spark.util.DatabricksTracingHelper.withSpan(DatabricksSparkTracingHelper.scala:154)
	at com.databricks.spark.util.DBRTracing$.withSpan(DBRTracing.scala:87)
	at org.apache.spark.sql.execution.SQLExecution$.withExecutionPhase(SQLExecution.scala:316)
	at org.apache.spark.sql.execution.QueryExecution.$anonfun$executePhase$7(QueryExecution.scala:1073)
	at org.apache.spark.sql.execution.QueryExecution$.withInternalError(QueryExecution.scala:1822)
	at org.apache.spark.sql.execution.QueryExecution.$anonfun$executePhase$5(QueryExecution.scala:1066)
	at com.databricks.util.LexicalThreadLocal$Handle.runWith(LexicalThreadLocal.scala:63)
	at org.apache.spark.sql.execution.QueryExecution.$anonfun$executePhase$4(QueryExecution.scala:1063)
	at com.databricks.util.LexicalThreadLocal$Handle.runWith(LexicalThreadLocal.scala:63)
	at org.apache.spark.sql.execution.QueryExecution.$anonfun$executePhase$3(QueryExecution.scala:1063)
	at com.databricks.util.LexicalThreadLocal$Handle.runWith(LexicalThreadLocal.scala:63)
	at org.apache.spark.sql.execution.QueryExecution.$anonfun$executePhase$2(QueryExecution.scala:1062)
	at com.databricks.util.LexicalThreadLocal$Handle.runWith(LexicalThreadLocal.scala:63)
	at org.apache.spark.sql.execution.QueryExecution.localBlock$1(QueryExecution.scala:1043)
	at org.apache.spark.sql.execution.QueryExecution.$anonfun$withQueryExecutionId$4(QueryExecution.scala:1053)
	at com.databricks.unity.UCSManager$.withTemporaryScope(UCSManager.scala:168)
	at org.apache.spark.sql.execution.QueryExecution.$anonfun$withQueryExecutionId$3(QueryExecution.scala:1052)
	at org.apache.spark.sql.execution.QueryExecution$.$anonfun$runWithWrappers$2(QueryExecution.scala:2075)
	at org.apache.spark.sql.execution.QueryExecution$.org$apache$spark$sql$execution$QueryExecution$$runWithWrappers(QueryExecution.scala:2074)
	at org.apache.spark.sql.execution.QueryExecution.withQueryExecutionId(QueryExecution.scala:1053)
	at org.apache.spark.sql.execution.QueryExecution.$anonfun$executePhase$1(QueryExecution.scala:1061)
	at org.apache.spark.sql.SparkSession.withActive(SparkSession.scala:866)
	at org.apache.spark.sql.execution.QueryExecution.executePhase(QueryExecution.scala:1060)
	at org.apache.spark.sql.execution.QueryExecution.$anonfun$lazyAnalyzed$2(QueryExecution.scala:598)
	at com.databricks.sql.util.MemoryTrackerHelper.withMemoryTracking(MemoryTrackerHelper.scala:111)
	at org.apache.spark.sql.execution.QueryExecution.$anonfun$lazyAnalyzed$1(QueryExecution.scala:597)
	at scala.util.Try$.apply(Try.scala:217)
	at org.apache.spark.util.Utils$.doTryWithCallerStacktrace(Utils.scala:1796)
	at org.apache.spark.util.Utils$.getTryWithCallerStacktrace(Utils.scala:1846)
	at org.apache.spark.util.LazyTry.get(LazyTry.scala:78)
	at org.apache.spark.sql.execution.QueryExecution.analyzed(QueryExecution.scala:661)
	at org.apache.spark.sql.execution.QueryExecution.assertAnalyzed(QueryExecution.scala:520)
	at org.apache.spark.sql.classic.Dataset$.$anonfun$ofRows$13(Dataset.scala:256)
	at org.apache.spark.sql.SparkSession.withActive(SparkSession.scala:866)
	at org.apache.spark.sql.classic.Dataset$.ofRows(Dataset.scala:253)
	at org.apache.spark.sql.connect.execution.SparkConnectPlanExecution.$anonfun$handlePlan$11(SparkConnectPlanExecution.scala:149)
	at org.apache.spark.sql.connect.utils.TimingUtils$.withTiming(TimingUtils.scala:35)
	at org.apache.spark.sql.connect.execution.SparkConnectPlanExecution.handlePlan(SparkConnectPlanExecution.scala:144)
	at org.apache.spark.sql.connect.execution.ExecuteThreadRunner.handlePlan(ExecuteThreadRunner.scala:522)
	at org.apache.spark.sql.connect.execution.ExecuteThreadRunner.$anonfun$executeInternal$1(ExecuteThreadRunner.scala:421)
	at org.apache.spark.sql.connect.execution.ExecuteThreadRunner.$anonfun$executeInternal$1$adapted(ExecuteThreadRunner.scala:340)
	at org.apache.spark.sql.connect.service.SessionHolder.$anonfun$withSession$2(SessionHolder.scala:844)
	at org.apache.spark.sql.SparkSession.withActive(SparkSession.scala:866)
	at org.apache.spark.sql.connect.service.SessionHolder.$anonfun$withSession$1(SessionHolder.scala:844)
	at org.apache.spark.JobArtifactSet$.withActiveJobArtifactState(JobArtifactSet.scala:97)
	at org.apache.spark.sql.artifact.ArtifactManager.$anonfun$withResources$1(ArtifactManager.scala:124)
	at org.apache.spark.sql.artifact.ArtifactManager.withClassLoaderIfNeeded(ArtifactManager.scala:118)
	at org.apache.spark.sql.artifact.ArtifactManager.withResources(ArtifactManager.scala:123)
	at org.apache.spark.sql.connect.service.SessionHolder.withSession(SessionHolder.scala:843)
	at org.apache.spark.sql.connect.execution.ExecuteThreadRunner.executeInternal(ExecuteThreadRunner.scala:340)
	at org.apache.spark.sql.connect.execution.ExecuteThreadRunner.$anonfun$execute$1(ExecuteThreadRunner.scala:200)
	at scala.runtime.java8.JFunction0$mcV$sp.apply(JFunction0$mcV$sp.scala:18)
	at com.databricks.spark.connect.service.UtilizationMetrics.recordActiveQueries(UtilizationMetrics.scala:92)
	at com.databricks.spark.connect.service.UtilizationMetrics.recordActiveQueries$(UtilizationMetrics.scala:89)
	at org.apache.spark.sql.connect.execution.ExecuteThreadRunner.recordActiveQueries(ExecuteThreadRunner.scala:61)
	at org.apache.spark.sql.connect.execution.ExecuteThreadRunner.org$apache$spark$sql$connect$execution$ExecuteThreadRunner$$execute(ExecuteThreadRunner.scala:192)
	at org.apache.spark.sql.connect.execution.ExecuteThreadRunner$ExecutionThread.$anonfun$run$3(ExecuteThreadRunner.scala:601)
	at scala.runtime.java8.JFunction0$mcV$sp.apply(JFunction0$mcV$sp.scala:18)
	at com.databricks.spark.util.DBRTracing$.withSpanFromParent(DBRTracing.scala:70)
	at org.apache.spark.sql.connect.execution.ExecuteThreadRunner$ExecutionThread.$anonfun$run$2(ExecuteThreadRunner.scala:601)
	at scala.runtime.java8.JFunction0$mcV$sp.apply(JFunction0$mcV$sp.scala:18)
	at com.databricks.unity.UCSEphemeralState$Handle.runWith(UCSEphemeralState.scala:51)
	at com.databricks.unity.HandleImpl.runWith(UCSHandle.scala:128)
	at com.databricks.unity.HandleImpl.$anonfun$runWithAndClose$1(UCSHandle.scala:133)
	at scala.util.Using$.resource(Using.scala:296)
	at com.databricks.unity.HandleImpl.runWithAndClose(UCSHandle.scala:132)
	at org.apache.spark.sql.connect.execution.ExecuteThreadRunner$ExecutionThread.run(ExecuteThreadRunner.scala:600)
2026-07-28 11:45:30,406 | INFO     | silver.clean_customers | Audit for catalog_project1.silver.clean_products written successfully
2026-07-28 13:02:43,357 | INFO     | silver.clean_customers | Logging to file: /Workspace/Users/krishnasumanbhaipatel@gmail.com/Practice Folder/lakehouse-practice-project/logs/silver_clean_customers_20260728.log
2026-07-28 13:02:43,358 | INFO     | silver.clean_customers | Starting Silver pipeline at 2026-07-28 13:02:43.181902
2026-07-28 13:02:43,824 | INFO     | silver.clean_customers | Reading catalog_project1.bronze.customers table
2026-07-28 13:02:44,925 | INFO     | silver.clean_customers | Read 10 records from catalog_project1.bronze.customers
2026-07-28 13:02:44,926 | INFO     | silver.clean_customers | All required columns exists in the catalog_project1.bronze.customers
2026-07-28 13:02:45,667 | INFO     | silver.clean_customers | Data standardization completed for the catalog_project1.bronze.customers
2026-07-28 13:02:46,054 | INFO     | silver.clean_customers | Data type casting completed for the catalog_project1.bronze.customers
2026-07-28 13:02:47,407 | INFO     | silver.clean_customers | Business rule validation completed for catalog_project1.bronze.customers
2026-07-28 13:02:47,409 | INFO     | silver.clean_customers | Data validation completed for the catalog_project1.bronze.customers
2026-07-28 13:02:48,098 | INFO     | silver.clean_customers | Deduplication completed for the catalog_project1.bronze.customers
2026-07-28 13:02:56,611 | INFO     | silver.clean_customers | Data written to the catalog_project1.silver.clean_customers
2026-07-28 13:02:58,520 | INFO     | silver.clean_customers | Business rule validation for catalog_project1.silver.clean_customers completed
2026-07-28 13:02:58,521 | INFO     | silver.clean_customers | Data validation for catalog_project1.silver.clean_customers completed
2026-07-28 13:02:58,522 | INFO     | silver.clean_customers | Silver pipeline for catalog_project1.silver.clean_customers completed successfully
2026-07-28 13:03:01,444 | INFO     | silver.clean_customers | Audit for catalog_project1.silver.clean_customers written successfully
2026-07-28 13:06:56,232 | INFO     | silver.clean_customers | Logging to file: /Workspace/Users/krishnasumanbhaipatel@gmail.com/Practice Folder/lakehouse-practice-project/logs/silver_clean_customers_20260728.log
2026-07-28 13:06:56,233 | INFO     | silver.clean_customers | Starting Silver pipeline at 2026-07-28 13:06:56.196335
2026-07-28 13:06:56,470 | INFO     | silver.clean_customers | Reading catalog_project1.bronze.customers table
2026-07-28 13:06:57,576 | INFO     | silver.clean_customers | Read 10 records from catalog_project1.bronze.customers
2026-07-28 13:06:57,576 | INFO     | silver.clean_customers | All required columns exists in the catalog_project1.bronze.customers
2026-07-28 13:06:58,447 | INFO     | silver.clean_customers | Data standardization completed for the catalog_project1.bronze.customers
2026-07-28 13:06:59,002 | INFO     | silver.clean_customers | Data type casting completed for the catalog_project1.bronze.customers
2026-07-28 13:07:00,338 | INFO     | silver.clean_customers | Business rule validation completed for catalog_project1.bronze.customers
2026-07-28 13:07:00,339 | INFO     | silver.clean_customers | Data validation completed for the catalog_project1.bronze.customers
2026-07-28 13:07:00,859 | INFO     | silver.clean_customers | Deduplication completed for the catalog_project1.bronze.customers
2026-07-28 13:07:05,537 | INFO     | silver.clean_customers | Data written to the catalog_project1.silver.clean_customers
2026-07-28 13:07:07,433 | INFO     | silver.clean_customers | Business rule validation for catalog_project1.silver.clean_customers completed
2026-07-28 13:07:07,434 | INFO     | silver.clean_customers | Data validation for catalog_project1.silver.clean_customers completed
2026-07-28 13:07:07,435 | INFO     | silver.clean_customers | Silver pipeline for catalog_project1.silver.clean_customers completed successfully
2026-07-28 13:07:09,503 | INFO     | silver.clean_customers | Audit for catalog_project1.silver.clean_customers written successfully
